player,club,before,after,change
"Grady Diangana","West Brom","2019-2020","2019-2024",""
"Tyler Morton","Liverpool","2021-2024","2021-2021 + 2024-2024","stint split"
"Tyler Morton","Hull City","2023-2024","2023-2023","end pulled in"
"Dan Chesters","Colchester","2022-2023","2022-2022","end pulled in"
"Jay Tabb","Brentford","2005-2005","2002-2005","start earlier"
"Jay Tabb","Coventry","2006-2007","2006-2008",""
"Rene Gilmartin","Walsall","2008-2009","2005-2009","start earlier"
"Filip Uremovic","Sheffield Utd","2022-2022","2021-2021","start earlier + end pulled in"
"Luke Croll","Eastleigh","2023-2024","2023-2023","end pulled in"
"Ian Maatsen","Burnley","2022-2023","2022-2022","end pulled in"
"Ian Maatsen","Chelsea","2019-2023","2019-2019 + 2023-2023","stint split"
"Konrad Laimer","FC Liefering","2013-2013","2013-2014",""
"Tyler Dibling","Southampton","2021-2024","2021-2025",""
"Simon Vukcevic","Blackburn","2011-2011","2011-2012",""
"Dale Stephens","Brighton","2013-2019","2013-2020",""
"Dale Stephens","Charlton","2011-2012","2011-2013",""
"Antonio Mata","Tenerife","1995-1998","1992-1998","start earlier"
"Jacob Mellis","Bolton","2020-2020","2019-2019","start earlier + end pulled in"
"Jacob Mellis","Gillingham","2020-2021","2020-2020","end pulled in"
"Abde Ezzalzouli","Barcelona","2021-2023","2021-2021 + 2023-2023","stint split"
"Mike Büskens","FC Schalke 04","1995-2001","1992-1998 + 2000-2001","start earlier + stint split"
"Jordan Green","Gillingham","2022-2023","2022-2022","end pulled in"
"Jordan Green","Newport County","2016-2016","2016-2016 + 2019-2019","stint split"
"Jordan Green","Yeovil Town","2017-2017","2017-2018",""
"Jordan Green","Ramsgate","2022-2024","2022-2023","end pulled in"
"James Chester","Aston Villa","2016-2018","2016-2019",""
"James Chester","Peterborough","2009-2009","2008-2009","start earlier"
"James Chester","Barrow","2023-2024","2023-2023","end pulled in"
"Jimmy Morgan","Gillingham","2025-2025","2024-2025","start earlier"
"Nathan Baker","Bristol City","2015-2022","2015-2015 + 2017-2021","end pulled in + stint split"
"Nathan Baker","Millwall","2011-2012","2011-2011","end pulled in"
"Nathan Baker","Aston Villa","2009-2014","2009-2010 + 2012-2016","stint split"
"Adam Dodd","United of Manchester","2019-2024","2019-2020","end pulled in"
"Karim Bellarabi","Bayer Leverkusen","2011-2022","2011-2012 + 2014-2022","stint split"
"Ahmed Hassan","SC Braga","2015-2019","2015-2017 + 2019-2019","stint split"
"Fábio","Manchester United","2008-2013","2008-2011 + 2013-2013","stint split"
"Fábio","Middlesbrough","2016-2016","2016-2017",""
"Filipe Teixeira","West Brom","2008-2008","2007-2009","start earlier"
"Neville Southall","Everton","1995-1997","1992-1997","start earlier"
"Max Kinsey","Bournemouth","2026-2026","2024-2026","start earlier"
"Tomás Esteves","Reading","2020-2021","2020-2020","end pulled in"
"Michael Verrips","Sheffield Utd","2019-2020","2019-2021",""
"Aaron Tshibola","Hartlepool","2015-2015","2014-2014","start earlier + end pulled in"
"Rubén Olivera","Juventus","2002-2004 + 2007-2007","2002-2002 + 2004-2004 + 2007-2007","stint split"
"Antonio Sanabria","Real Betis","2016-2020","2016-2018 + 2020-2020","stint split"
"Darnell Johnson","Fleetwood Town","2021-2022","2021-2021","end pulled in"
"Darnell Johnson","Forest Green","2023-2024","2023-2023","end pulled in"
"Ricardo Mendiguren","Athletic Club","1995-1995","1992-1995","start earlier"
"Bryan Ruiz","Fulham","2011-2013","2011-2014",""
"Nathan Wood-Gordon","Middlesbrough","2018-2020","2018-2021",""
"Nathan Wood-Gordon","Crewe","2021-2021","2020-2020","start earlier + end pulled in"
"Sam Mather","Tranmere","2025-2025","2024-2025","start earlier"
"Mikele Leigertwood","Crystal Palace","2004-2004","2003-2005","start earlier"
"Mikele Leigertwood","Reading","2010-2012","2010-2013",""
"Mikele Leigertwood","QPR","2008-2009","2007-2010","start earlier"
"Rodri Ríos","Bristol City","2019-2020","2019-2019","end pulled in"
"James Cumming","Oxford United","2023-2025","2023-2026",""
"James Cumming","Gillingham","2021-2022","2021-2021","end pulled in"
"James Cumming","Milton Keynes Dons","2021-2021","2021-2022",""
"James Cumming","Stevenage","2020-2021","2020-2020","end pulled in"
"Claudio Bellucci","Sampdoria","2007-2009","1993-1994 + 2007-2009","start earlier + stint split"
"Charlie Crew","Leeds","2023-2023","2023-2024",""
"Philippe Billy","Lecce","2001-2005","2001-2001 + 2003-2005","stint split"
"William Osula","Derby","2022-2023","2022-2022","end pulled in"
"Stephen Crainey","Blackpool","2007-2010","2007-2012",""
"Radoslav Látal","FC Schalke 04","1995-2000","1994-2000","start earlier"
"Oluwafemi Seriki","Sheffield Utd","2020-2025","2020-2021 + 2023-2026","stint split"
"Oluwafemi Seriki","Rotherham","2024-2024","2023-2023","start earlier + end pulled in"
"Adam Hammill","Huddersfield","2012-2014","2012-2015",""
"Adam Hammill","Wolves","2010-2011","2010-2012",""
"Adam Hammill","Middlesbrough","2012-2012","2011-2011","start earlier + end pulled in"
"Adam Hammill","Rotherham","2015-2015","2014-2014","start earlier + end pulled in"
"Adam Hammill","Barnsley","2008-2017","2008-2010 + 2015-2017","stint split"
"Adam Hammill","Stockport County","2019-2020","2019-2019","end pulled in"
"Mamadou Samassa","Marseille","2008-2010","2008-2008 + 2010-2010","stint split"
"Marcus Browne","Middlesbrough","2020-2020","2019-2020","start earlier"
"Marcus Browne","AFC Wimbledon","2024-2025","2024-2026",""
"Marcus Browne","Oxford United","2018-2023","2018-2019 + 2021-2023","stint split"
"Ander Garitano","Athletic Club","1995-1995","1992-1995","start earlier"
"Matthew Spring","Watford","2006-2006","2005-2006","start earlier"
"Dwight Yorke","Aston Villa","1995-1998","1992-1998","start earlier"
"Richie Laryea","Nottingham Forest","2022-2022","2021-2021","start earlier + end pulled in"
"Max Weiß","Burnley","2025-2025","2025-2026",""
"Christopher Mepham","West Brom","2025-2025","2025-2026",""
"Andrew Johnson","Crystal Palace","2004-2004","2002-2005 + 2014-2014","start earlier + stint split"
"Pascal Feindouno","Bordeaux","1998-2003","1998-2000 + 2002-2003","stint split"
"Santi","Albacete","2004-2004","1992-1994 + 2004-2004","start earlier + stint split"
"Quincy Promes","Sevilla","2018-2019","2018-2018","end pulled in"
"Alan Wright","Aston Villa","1995-2002","1994-2002","start earlier"
"Edson Álvarez Velázquez","West Ham","2023-2025","2023-2024 + 2026-2026","stint split"
"Aaron Connolly","Millwall","2025-2025","2024-2025","start earlier"
"Aaron Connolly","Hull City","2022-2024","2022-2023","end pulled in"
"Aaron Connolly","Middlesbrough","2022-2022","2021-2021","start earlier + end pulled in"
"Cristiano Zanetti","Fiorentina","2009-2009","1994-1994 + 2009-2009","start earlier + stint split"
"Dara Costelloe","Wigan","2025-2025","2025-2026",""
"Dara Costelloe","Northampton","2025-2025","2024-2025","start earlier"
"Dara Costelloe","Bradford","2023-2023","2022-2022","start earlier + end pulled in"
"Dean Windass","Hull City","2008-2008","2006-2008","start earlier"
"Albert Luque","Mallorca","1998-2001","1998-1998 + 2000-2001","stint split"
"Carlos Vinícius","Tottenham","2020-2021","2020-2020","end pulled in"
"Carlos Vinícius","Benfica","2019-2020","2019-2021",""
"Earl Barrett","Everton","1995-1997","1994-1997","start earlier"
"Kilian Ludewig","Barnsley","2019-2019","2019-2020",""
"Wes Hoolahan","Cambridge United","2020-2022","2020-2021","end pulled in"
"Daniel Adshead","Cheltenham","2022-2022","2022-2023",""
"Imanol Alguacil","Real Sociedad","1995-1997","1992-1997","start earlier"
"Harrison Armstrong","Derby","2025-2025","2024-2025","start earlier"
"Ardian Ismajli","Torino","2022-2025","2022-2022 + 2024-2025","stint split"
"Jake Evans","Northampton","2026-2026","2025-2026","start earlier"
"Graeme Murty","Reading","2006-2007","2002-2007","start earlier"
"Craig Fagan","Hull City","2008-2009","2004-2005 + 2007-2010","start earlier + stint split"
"Koffi Djidji","Torino","2018-2023","2018-2019 + 2021-2023","stint split"
"Liam Shephard","Newport County","2020-2025","2020-2020 + 2025-2025","stint split"
"Kagisho Dikgacoi","Crystal Palace","2011-2013","2010-2012","start earlier + end pulled in"
"Frédéric Piquionne","West Ham","2010-2010","2010-2011",""
"Frédéric Piquionne","Doncaster","2012-2012","2011-2011","start earlier + end pulled in"
"Emilio Nsue","Birmingham","2016-2016","2016-2017",""
"Emilio Nsue","Apoel Nicosia","2017-2020","2017-2018 + 2020-2020","stint split"
"Phil Gilchrist","West Brom","2002-2002","2001-2003","start earlier"
"Nathan Butler-Oyedeji","Accrington ST","2023-2023","2022-2022","start earlier + end pulled in"
"Nathan Butler-Oyedeji","Cheltenham","2023-2024","2023-2023","end pulled in"
"Keith Andrews","Wolves","2003-2003","2001-2004","start earlier"
"Keith Andrews","Hull City","2005-2005","2005-2006",""
"Isaac Success","Watford","2016-2019","2016-2020",""
"Nicola Murru","Sampdoria","2017-2022","2017-2019 + 2021-2022","stint split"
"Reece Grego-Cox","QPR","2014-2014","2014-2016",""
"Reece Grego-Cox","Woking","2017-2024","2017-2023","end pulled in"
"Ryan Ledson","Huddersfield","2025-2025","2025-2026",""
"Jack Jenkins","Leeds","2020-2021","2020-2020","end pulled in"
"Lorenzo Crisetig","Bologna","2015-2017","2015-2015 + 2017-2017","stint split"
"Scott Sellars","Newcastle","1995-1995","1993-1995","start earlier"
"Ciaran Clark","Stoke City","2023-2024","2023-2023","end pulled in"
"Francisco Javier Carpio Pineda","Sevilla","1995-1995","1992-1995","start earlier"
"Lucas Bergström","Peterborough","2022-2023","2022-2022","end pulled in"
"Sam Greenwood","Leeds","2020-2022","2020-2023",""
"Max Gradel","Bournemouth","2015-2016","2007-2007 + 2015-2016","start earlier + stint split"
"Flynn Downes","Southampton","2023-2025","2023-2026",""
"Séamus Coleman","Blackpool","2010-2010","2009-2010","start earlier"
"Tote","Real Madrid","1998-2002","1998-2000 + 2002-2002","stint split"
"Marcus Stewart","Sunderland","2002-2002","2002-2004",""
"William Miller","Burton Albion","2016-2019","2016-2018","end pulled in"
"Fabian Rieder","Rennes","2023-2025","2023-2023 + 2025-2025","stint split"
"Dominic Ball","Ipswich","2022-2024","2022-2023","end pulled in"
"Dominic Ball","Rotherham","2016-2016","2016-2017",""
"Dominic Ball","Peterborough","2017-2017","2016-2016","start earlier + end pulled in"
"Dominic Ball","Cambridge United","2014-2025","2014-2026",""
"Benjamin Wilmot","Watford","2018-2018","2018-2018 + 2020-2020","stint split"
"Benjamin Wilmot","Stoke City","2021-2025","2021-2026",""
"Benjamin Wilmot","Swansea","2019-2020","2019-2019","end pulled in"
"Todd Cantwell","Bournemouth","2022-2022","2021-2021","start earlier + end pulled in"
"Todd Cantwell","Blackburn","2024-2025","2024-2026",""
"Todd Cantwell","Norwich","2017-2021","2017-2022",""
"Xavi Simons","Paris Saint Germain","2020-2022","2020-2021","end pulled in"
"Robert Mak","Zenit","2016-2019","2016-2016 + 2018-2019","stint split"
"Robert Mak","PAOK","2014-2017","2014-2015 + 2017-2017","stint split"
"Dickson Etuhu","Preston","2002-2005","2001-2005","start earlier"
"Aribusitamunoipirim Pepple","Plymouth","2025-2025","2025-2026",""
"Aribusitamunoipirim Pepple","Grimsby","2022-2023","2022-2022","end pulled in"
"Leo Fuhr Hjelde","Sheffield Utd","2026-2026","2025-2026","start earlier"
"Leo Fuhr Hjelde","Leeds","2021-2021","2021-2023",""
"Leo Fuhr Hjelde","Rotherham","2023-2023","2022-2022","start earlier + end pulled in"
"Alex Nimely","Coventry","2012-2012","2011-2011","start earlier + end pulled in"
"Darko Churlinov","Burnley","2022-2024","2022-2022","end pulled in"
"Kevin McKenna","Energie Cottbus","2000-2006","2000-2000 + 2006-2006","stint split"
"Luke McGee","Bradford","2020-2020","2019-2019","start earlier + end pulled in"
"Luke McGee","Peterborough","2016-2017","2016-2016","end pulled in"
"Luke McGee","Portsmouth","2017-2019","2017-2018","end pulled in"
"Luke McGee","Forest Green","2020-2021","2020-2022",""
"Jan Moravek","FC Schalke 04","2009-2011","2009-2009 + 2011-2011","stint split"
"Rafael Paz","Sevilla","1995-1996","1992-1996","start earlier"
"Michal Kadlec","Slovácko","2018-2024","2018-2022","end pulled in"
"Josh Walker","Middlesbrough","2005-2008","2005-2005 + 2008-2009","stint split"
"Alan Shearer","Blackburn","1995-1995","1992-1995","start earlier"
"Gerry McMahon","Tottenham","1995-1995","1994-1995","start earlier"
"Nayef Aguerd","West Ham","2022-2025","2022-2023 + 2025-2025","stint split"
"Jake Kean","Blackburn","2011-2011","2011-2014",""
"Jake Kean","Swindon Town","2016-2016","2015-2015","start earlier + end pulled in"
"Scott Dobie","West Brom","2002-2004","2001-2004","start earlier"
"Tolaji Bola","Rotherham","2021-2022","2021-2023",""
"Tolaji Bola","Bradford","2023-2023","2022-2022","start earlier + end pulled in"
"Paul Downing","Rochdale","2022-2022","2021-2021","start earlier + end pulled in"
"Paul Downing","Doncaster","2019-2019","2018-2018","start earlier + end pulled in"
"Paul Downing","Portsmouth","2019-2022","2019-2021","end pulled in"
"Paul Downing","Hereford","2023-2024","2023-2023","end pulled in"
"Stephen Ward","Wolves","2006-2011","2006-2012",""
"Stephen Ward","Walsall","2021-2022","2021-2021","end pulled in"
"Mark Schierenberg","FC Schalke 04","1997-1998","1993-1998","start earlier"
"Lyes Houri","Viitorul Constanta","2018-2018","2018-2019",""
"David Møller Wolfe","Wolves","2025-2025","2025-2026",""
"John Spencer","Chelsea","1995-1996","1992-1996","start earlier"
"Igor Protti","Lazio","1996-1998","1996-1996 + 1998-1998","stint split"
"Stéphane Guivarc'h","Auxerre","1995-2000","1995-1995 + 1997-1997 + 1999-2000","stint split"
"Zeki Amdouni","Burnley","2023-2025","2023-2026",""
"Louie Watson","Charlton","2023-2024","2023-2023","end pulled in"
"Louie Watson","Crawley Town","2023-2025","2023-2026",""
"Matthew Barkell Clarke","Derby","2019-2025","2019-2020 + 2024-2026","stint split"
"Matthew Barkell Clarke","Middlesbrough","2022-2023","2022-2024",""
"Iván Calero","Derby","2014-2015","2014-2014","end pulled in"
"Iván Calero","Burton Albion","2015-2015","2014-2014","start earlier + end pulled in"
"Alen Bokšić","Lazio","1997-1999","1993-1994 + 1997-1999","start earlier + stint split"
"Sepp van den Berg","Liverpool","2019-2023","2019-2019","end pulled in"
"Sepp van den Berg","Preston","2021-2022","2020-2021","start earlier + end pulled in"
"Fernando Marcos Santiago","Albacete","1995-1995","1994-1995","start earlier"
"Danny Maddix","QPR","1995-1995","1992-1995","start earlier"
"Marcello Trotta","Watford","2012-2012","2011-2011","start earlier + end pulled in"
"Marcello Trotta","Sassuolo","2015-2018","2015-2016 + 2018-2018","stint split"
"George Ilenikhena","Al-Ittihad FC","2026-2026","2025-2026","start earlier"
"Kevin Cooper","Wolves","2003-2003","2001-2004","start earlier"
"Ki-Jana Hoever","Sheffield Utd","2026-2026","2025-2026","start earlier"
"Ki-Jana Hoever","Stoke City","2023-2023","2022-2023","start earlier"
"Miralem Pjanić","Barcelona","2020-2021","2020-2020","end pulled in"
"Tom Heaton","Wycombe","2010-2010","2009-2010","start earlier"
"Kwesi Appiah","Reading","2015-2015","2014-2014","start earlier + end pulled in"
"Kwesi Appiah","AFC Wimbledon","2013-2019","2013-2013 + 2017-2019","stint split"
"Kwesi Appiah","Colchester","2022-2023","2022-2022","end pulled in"
"Kwesi Appiah","Notts County","2014-2014","2013-2014","start earlier"
"Kwesi Appiah","Yeovil Town","2013-2013","2012-2012","start earlier + end pulled in"
"Louie Marsh","Fleetwood Town","2025-2025","2024-2025","start earlier"
"Louie Marsh","Doncaster","2023-2024","2023-2023","end pulled in"
"Gianluca Falsini","Parma","2000-2000","1993-1993 + 2000-2000","start earlier + stint split"
"Frederik Alves","Sunderland","2021-2022","2021-2021","end pulled in"
"Thomas Eisfeld","Fulham","2014-2015","2014-2014","end pulled in"
"Colin Hendry","Blackburn","1995-1997","1992-1997","start earlier"
"Shaun Cummings","Reading","2009-2012","2009-2014",""
"Shaun Cummings","Doncaster","2018-2019","2018-2018","end pulled in"
"Lee Makel","Blackburn","1995-1995","1992-1995","start earlier"
"Lukas Jensen","Millwall","2024-2025","2024-2026",""
"Timothée Pembélé","Paris Saint Germain","2020-2022","2020-2020 + 2022-2022","stint split"
"Todd Kane","Charlton","2022-2023","2022-2022","end pulled in"
"Todd Kane","Coventry","2021-2021","2021-2022",""
"Steve Harper","Newcastle","1998-2012","1998-2010 + 2012-2012","stint split"
"Daniel Peretz","Southampton","2026-2026","2025-2026","start earlier"
"Carlos Vicente Robles","Birmingham","2026-2026","2025-2026","start earlier"
"Don Cowie","Watford","2008-2009","2008-2010",""
"Colin Cameron","Wolves","2003-2003","2001-2005","start earlier"
"Dominic Solanke","Chelsea","2014-2016","2014-2014","end pulled in"
"Dominic Solanke","Vitesse","2015-2016","2015-2015","end pulled in"
"Kyle Lafferty","Birmingham","2016-2016","2015-2016","start earlier"
"Kyle Lafferty","Darlington","2006-2006","2005-2005","start earlier + end pulled in"
"Michael Duff","Burnley","2008-2009","2004-2015","start earlier"
"Philip Heise","Norwich","2019-2020","2019-2019","end pulled in"
"Sam Hart","Rochdale","2018-2018","2017-2018","start earlier"
"Sam Hart","Port Vale","2016-2024","2016-2016 + 2024-2024","stint split"
"Sam Hart","Shrewsbury","2020-2020","2019-2019","start earlier + end pulled in"
"Martin Ødegaard","Heerenveen","2017-2018","2016-2017","start earlier + end pulled in"
"Luis Márquez Martín","Real Betis","1995-1998","1994-1998","start earlier"
"Eldor Shomurodov","AS Roma","2021-2024","2021-2022 + 2024-2024","stint split"
"Alan Kernaghan","Manchester City","1995-1995","1993-1995","start earlier"
"Richard Garcia","West Ham","2001-2001","2001-2003",""
"Richard Garcia","Hull City","2008-2009","2007-2011","start earlier"
"Jérémy Malherbe","Dinamo Brest","2016-2016","2016-2017",""
"Kobei Moore","Fleetwood Town","2025-2025","2024-2025","start earlier"
"Romain Perraud","Southampton","2021-2022","2021-2023",""
"Franck Dja Djédjé","Dinamo Minsk","2014-2015","2014-2014","end pulled in"
"Luke Butterfield","Accrington ST","2026-2026","2025-2026","start earlier"
"Libor Kozak","Aston Villa","2013-2015","2013-2016",""
"Libor Kozak","Slovácko","2022-2023","2022-2022","end pulled in"
"Yusuf Yazıcı","Trabzonspor","2015-2022","2015-2018 + 2022-2022","stint split"
"Julio Arca","Middlesbrough","2006-2008","2006-2012",""
"Miroslav Votava","Werder Bremen","1993-1996","1992-1996","start earlier"
"Ivan Lucic","Bristol City","2016-2017","2016-2016","end pulled in"
"Scott Donnelly","Aldershot Town","2008-2009","2008-2009 + 2012-2012","stint split"
"James Harper","Reading","2006-2007","2002-2009","start earlier"
"Cléber Santana","Atletico Madrid","2007-2009","2007-2007 + 2009-2009","stint split"
"Josh Martin","Norwich","2019-2019","2019-2020",""
"Josh Martin","Barnsley","2022-2023","2022-2022","end pulled in"
"Josh Martin","Doncaster","2022-2022","2021-2021","start earlier + end pulled in"
"Hassan Ahamada","Nantes","1999-2004","1999-2001 + 2003-2004","stint split"
"Michael Turner","Fulham","2015-2015","2014-2015","start earlier"
"Michael Turner","Brentford","2005-2005","2004-2005","start earlier"
"Danel Sinani","Norwich","2020-2020","2020-2022",""
"Ryan Kent","Bristol City","2018-2018","2017-2018","start earlier"
"Marko Grujić","Liverpool","2015-2017","2015-2017 + 2020-2020","stint split"
"Marko Grujić","Cardiff","2018-2018","2017-2017","start earlier + end pulled in"
"Alessandro Sbrizzo","Napoli","1997-1997","1993-1997","start earlier"
"Emiliano Armenteros","Sevilla","2007-2011","2007-2008 + 2011-2011","stint split"
"Meritan Shabani","Wolves","2019-2020","2019-2019","end pulled in"
"Yusuf Akhamrich","Bristol Rovers","2026-2026","2025-2026","start earlier"
"Bittor Alkiza","Athletic Club","1995-2002","1994-2002","start earlier"
"Bittor Alkiza","Real Sociedad","2003-2004","1992-1993 + 2003-2004","start earlier + stint split"
"Tim Iroegbunam","QPR","2022-2023","2022-2022","end pulled in"
"João Ferreira","Watford","2022-2023","2022-2022","end pulled in"
"Tim Skarke","Union Berlin","2022-2025","2022-2022 + 2024-2025","stint split"
"Max Lowe","Sheffield Utd","2020-2023","2020-2020 + 2022-2023","stint split"
"Max Lowe","Nottingham Forest","2021-2022","2021-2021","end pulled in"
"Max Lowe","Derby","2013-2019","2013-2016 + 2018-2019","stint split"
"Max Lowe","Sheffield Wednesday","2024-2025","2024-2026",""
"Max Lowe","Shrewsbury","2018-2018","2017-2017","start earlier + end pulled in"
"Borja Valero","Mallorca","2007-2009","2007-2007 + 2009-2009","stint split"
"Javier de Pedro","Real Sociedad","1995-2003","1993-2003","start earlier"
"Carlos Aguilera","Atletico Madrid","1996-2004","1992-1992 + 1996-2004","start earlier + stint split"
"Carlos Aguilera","Tenerife","1995-1995","1993-1995","start earlier"
"Rafinha","Barcelona","2011-2019","2011-2012 + 2014-2016 + 2018-2019","stint split"
"Makhtar Gueye","Blackburn","2024-2024","2024-2025",""
"Kenneth McLean","Norwich","2018-2025","2018-2026",""
"Charlie Patino","Arsenal","2022-2022","2021-2021","start earlier + end pulled in"
"Charlie Patino","Blackpool","2022-2023","2022-2022","end pulled in"
"Giovanni Cervone","AS Roma","1996-1996","1992-1996","start earlier"
"Luke McNally","Burnley","2022-2023","2022-2022 + 2024-2024","stint split"
"Luke McNally","Stoke City","2023-2024","2023-2023","end pulled in"
"Luke McNally","Coventry","2023-2023","2022-2022","start earlier + end pulled in"
"Alexis","Levante","2004-2006","2004-2004 + 2006-2006","stint split"
"Arnór Sigurdsson","Blackburn","2023-2023","2023-2024",""
"Oliver Reck","Werder Bremen","1993-1997","1992-1997","start earlier"
"Blair Adams","Northampton","2012-2012","2011-2011","start earlier + end pulled in"
"Blair Adams","Notts County","2014-2014","2014-2015",""
"Blair Adams","South Shields","2020-2024","2020-2022","end pulled in"
"Cameron Burgess","Fulham","2014-2015","2014-2014","end pulled in"
"Cameron Burgess","Swansea","2024-2025","2024-2026",""
"Cameron Burgess","Bury","2017-2017","2016-2016","start earlier + end pulled in"
"Cameron Burgess","Accrington ST","2020-2020","2020-2021",""
"Jordan Clark","Luton","2020-2025","2020-2026",""
"Harold Moukoudi","Middlesbrough","2020-2020","2019-2019","start earlier + end pulled in"
"Kaden Rodney","Crystal Palace","2025-2025","2022-2025","start earlier"
"Neil Etheridge","Cardiff","2017-2018","2017-2019",""
"Gerard López","Valencia","1997-1999","1997-1997 + 1999-1999","stint split"
"Matthew Taylor","West Ham","2011-2013","2011-2011","end pulled in"
"Matthew Taylor","Northampton","2016-2016","2016-2017",""
"Adrian Whitbread","West Ham","1995-1995","1994-1995","start earlier"
"Bernard Lama","Paris Saint Germain","1994-1999","1994-1996 + 1998-1999","stint split"
"Michail Antonio","Nottingham Forest","2014-2014","2014-2015",""
"Romain Esse","Millwall","2022-2023","2022-2024",""
"Romain Esse","Coventry","2026-2026","2025-2026","start earlier"
"Yan Valery","Birmingham","2021-2021","2020-2020","start earlier + end pulled in"
"Yan Valery","Sheffield Wednesday","2024-2025","2024-2026",""
"Brad Smith","Bournemouth","2016-2016","2016-2017",""
"Brad Smith","Liverpool","2013-2015","2013-2013 + 2015-2015","stint split"
"Brad Smith","Cardiff","2020-2020","2019-2019","start earlier + end pulled in"
"Brad Smith","Swindon Town","2014-2015","2014-2014","end pulled in"
"Brett Ormerod","Rochdale","2012-2012","2011-2011","start earlier + end pulled in"
"Brett Ormerod","Blackpool","2009-2010","2008-2011","start earlier"
"Shaq Coulthirst","Barnet","2017-2019","2017-2018","end pulled in"
"Shaq Coulthirst","Leyton Orient","2014-2014","2013-2014","start earlier"
"Shaq Coulthirst","Mansfield Town","2017-2017","2016-2016","start earlier + end pulled in"
"Shaq Coulthirst","Ebbsfleet United","2021-2024","2021-2023","end pulled in"
"Donervon Daniels","Rochdale","2017-2018","2017-2017","end pulled in"
"Donervon Daniels","Walsall","2021-2021","2021-2024",""
"Donervon Daniels","Oldham","2025-2025","2025-2026",""
"Donervon Daniels","Doncaster","2019-2020","2019-2019","end pulled in"
"Donervon Daniels","Blackpool","2014-2014","2014-2014 + 2018-2018","stint split"
"Donervon Daniels","Crewe","2020-2020","2020-2021",""
"John Moncur","West Ham","1995-2002","1994-2002","start earlier"
"Jérémie Bréchet","Sochaux","2006-2011","2006-2007 + 2009-2011","stint split"
"Jesse Lingard","Brighton","2014-2014","2013-2014","start earlier"
"Jesse Lingard","Derby","2015-2015","2014-2015","start earlier"
"Rafael Berges","Celta Vigo","1995-1998","1993-1998","start earlier"
"Carlton Morris","Derby","2025-2025","2025-2026",""
"Carlton Morris","Rotherham","2016-2016","2016-2016 + 2019-2019","stint split"
"Carlton Morris","Milton Keynes Dons","2019-2019","2019-2020",""
"Carlton Morris","Luton","2022-2023","2022-2024",""
"Sean Sogliano","Ancona","2003-2003","1992-1992 + 2003-2003","start earlier + stint split"
"Jamal Lewis","Newcastle","2020-2023","2020-2022","end pulled in"
"Jamal Lewis","Watford","2023-2024","2023-2023","end pulled in"
"David Nugent","Preston","2005-2021","2004-2006 + 2019-2019","start earlier + end pulled in + stint split"
"David Nugent","Portsmouth","2007-2009","2007-2010",""
"David Nugent","Tranmere","2021-2021","2020-2020","start earlier + end pulled in"
"Javi Navarro","Valencia","1995-2025","1993-2025","start earlier"
"Chiedozie Ogbene","Brentford","2017-2017","2017-2018",""
"Chiedozie Ogbene","Ipswich","2024-2024","2024-2025",""
"Chiedozie Ogbene","Luton","2023-2023","2023-2024",""
"Michael Petrasso","QPR","2013-2017","2013-2013 + 2015-2017","stint split"
"Michael Petrasso","Coventry","2014-2014","2013-2013","start earlier + end pulled in"
"Michael Petrasso","Barnet","2020-2021","2020-2020","end pulled in"
"Michael Petrasso","Maidstone Utd","2023-2024","2023-2023","end pulled in"
"Manfred Bockenfeld","Werder Bremen","1993-1993","1992-1993","start earlier"
"Ben Alnwick","Bolton","2016-2019","2016-2018","end pulled in"
"Ben Alnwick","Sunderland","2005-2005","2004-2006","start earlier"
"Ben Alnwick","Barnsley","2012-2013","2012-2012","end pulled in"
"Ben Alnwick","Charlton","2013-2014","2013-2013","end pulled in"
"Ben Alnwick","Peterborough","2014-2015","2014-2016",""
"Ben Alnwick","Leyton Orient","2011-2011","2011-2011 + 2013-2013","stint split"
"Lee Cook","Watford","2002-2002","2001-2003","start earlier"
"Lee Cook","QPR","2005-2010","2002-2002 + 2004-2006 + 2008-2009","start earlier + end pulled in + stint split"
"Lee Cook","Charlton","2007-2007","2007-2007 + 2011-2011","stint split"
"James Ward-Prowse","Southampton","2011-2022","2011-2023",""
"James Ward-Prowse","West Ham","2023-2025","2023-2026",""
"Vukasin Jovanovic","Apollon Limassol","2021-2021","2021-2022",""
"Malik Tillman","Rangers","2022-2023","2022-2022","end pulled in"
"Jamie Ashdown","Portsmouth","2004-2009","2004-2011",""
"Alan Moore","Middlesbrough","1995-1998","1992-1998","start earlier"
"Sory Kaba","Cardiff","2023-2023","2022-2022","start earlier + end pulled in"
"Billy Fewster","Alfreton Town","2023-2024","2023-2023","end pulled in"
"Alessio Da Cruz","Sheffield Wednesday","2020-2020","2019-2019","start earlier + end pulled in"
"André Cruz","Napoli","1996-1996","1994-1996","start earlier"
"Ciaron Brown","Cardiff","2018-2020","2018-2021",""
"Ciaron Brown","Oxford United","2021-2025","2021-2026",""
"Hee-chan Hwang","FC Liefering","2014-2014","2014-2015",""
"Lewis Dobbin","Everton","2021-2023","2021-2021 + 2023-2023","stint split"
"Lewis Dobbin","Derby","2022-2023","2022-2022","end pulled in"
"Fernando Cáceres","Zaragoza","1995-1995","1993-1995","start earlier"
"Jonathan Woodgate","Middlesbrough","2006-2007","2006-2007 + 2012-2015","stint split"
"Tim Ream","Bolton","2011-2011","2011-2014",""
"Matthew Butcher","Plymouth","2022-2022","2022-2023",""
"Matthew Butcher","Wycombe","2023-2023","2023-2024",""
"Matthew Butcher","Salford City","2025-2025","2025-2026",""
"Leroy Lita","Reading","2005-2008","2005-2005 + 2008-2008","stint split"
"Leroy Lita","Swansea","2011-2013","2011-2011 + 2013-2013","stint split"
"Leroy Lita","Barnsley","2014-2015","2014-2014","end pulled in"
"Leroy Lita","Charlton","2008-2008","2007-2008","start earlier"
"Gavin Kilkenny","Bournemouth","2019-2023","2019-2021 + 2023-2023","stint split"
"Gavin Kilkenny","Stoke City","2022-2023","2022-2022","end pulled in"
"Gavin Kilkenny","Fleetwood Town","2024-2024","2023-2023","start earlier + end pulled in"
"Bobby Mimms","Blackburn","1995-1995","1992-1995","start earlier"
"Filippo Galli","AC Milan","1993-1996","1992-1996","start earlier"
"Lee Hughes","West Brom","2002-2002","2002-2003",""
"Jack Cork","Southampton","2008-2014","2008-2008 + 2010-2014","stint split"
"Martin Kelly","Huddersfield","2009-2009","2008-2008","start earlier + end pulled in"
"Martin Kelly","Crystal Palace","2014-2020","2014-2021",""
"Martin Kelly","West Brom","2022-2023","2022-2022","end pulled in"
"Martin Kelly","Wigan","2023-2023","2022-2022","start earlier + end pulled in"
"Mikel Kortina","Athletic Club","1996-1996","1993-1996","start earlier"
"John Swift","Portsmouth","2025-2025","2025-2026",""
"Apostolos Vellios","Blackpool","2014-2014","2013-2013","start earlier + end pulled in"
"Andrés de la Rosa","Oviedo","1995-1995","1993-1995","start earlier"
"Christian Nerlinger","Bayern München","1994-1997","1993-1997","start earlier"
"Harry Boyes","Wycombe","2023-2024","2023-2023","end pulled in"
"Harry Boyes","Forest Green","2022-2023","2022-2022","end pulled in"
"Riechedly Bazoer","AZ Alkmaar","2022-2023","2022-2024",""
"Riechedly Bazoer","Utrecht","2019-2019","2018-2018","start earlier + end pulled in"
"Robbie Blake","Burnley","2007-2009","2001-2009","start earlier"
"Vicente Álvarez Núñez","Celta Vigo","1995-1995","1992-1995","start earlier"
"Christian Kabasele","Watford","2016-2021","2016-2022",""
"Adam Reach","Shrewsbury","2013-2014","2013-2013","end pulled in"
"Adam Reach","Lincoln","2024-2025","2024-2026",""
"Matt Grimes","Blackburn","2016-2016","2015-2016","start earlier"
"Matt Grimes","Swansea","2014-2015","2014-2015 + 2019-2024","stint split"
"Matt Grimes","Northampton","2017-2018","2017-2017","end pulled in"
"Matt Grimes","Exeter City","2013-2013","2013-2014",""
"Jackson Fitzwater","Exeter City","2023-2025","2023-2026",""
"Rick Karsdorp","AS Roma","2017-2023","2017-2018 + 2020-2023","stint split"
"Jarrod Bowen","West Ham","2019-2025","2019-2026",""
"Jarrod Bowen","Hull City","2016-2018","2016-2019",""
"José Ramón Alexanko","Barcelona","1991-1991","1991-1992",""
"Jordan Pickford","Preston","2015-2016","2015-2015","end pulled in"
"Matej Vydra","Watford","2012-2016","2012-2012 + 2014-2016","stint split"
"Matej Vydra","Reading","2015-2016","2015-2015","end pulled in"
"Diomansy Kamara","West Brom","2005-2005","2005-2006",""
"Dylan Williams","Derby","2020-2020","2020-2021",""
"Abdisalam Ibrahim","Scunthorpe","2011-2011","2010-2010","start earlier + end pulled in"
"Ludovic Sylvestre","Blackpool","2010-2010","2010-2012",""
"Jack Spong","Crawley Town","2023-2023","2022-2022","start earlier + end pulled in"
"Olabade Aluko","Leicester","2024-2024","2024-2026",""
"Rudy Gestede","Aston Villa","2015-2015","2015-2016",""
"Rudy Gestede","Middlesbrough","2016-2016","2016-2019",""
"Paul Kitson","Newcastle","1995-1996","1994-1996","start earlier"
"Yasin Ben El-Mhanni","Newcastle","2016-2017","2016-2016","end pulled in"
"Romeo Akachukwu","Southampton","2024-2025","2024-2024 + 2026-2026","stint split"
"Romeo Akachukwu","Colchester","2026-2026","2025-2026","start earlier"
"Aboubakar Kamara","Fulham","2017-2020","2017-2021",""
"Munir El Haddadi","Barcelona","2014-2018","2014-2016 + 2018-2018","stint split"
"David Goldar","Pafos","2023-2024","2023-2025",""
"Izet Hajrovic","Werder Bremen","2014-2017","2014-2014 + 2016-2017","stint split"
"Michael Proctor","Sunderland","2002-2002","2002-2003",""
"Sam Woods","Crystal Palace","2018-2019","2018-2020",""
"Sam Woods","Bromley","2023-2024","2023-2023","end pulled in"
"Dan Gosling","Bournemouth","2014-2019","2014-2020",""
"Dan Gosling","Watford","2020-2021","2020-2022",""
"Dan Gosling","Blackpool","2013-2014","2013-2013","end pulled in"
"Roberto Sensini","Udinese","2002-2005","1992-1993 + 2002-2005","start earlier + stint split"
"Roberto Sensini","Parma","1996-2001","1993-1998 + 2000-2001","start earlier + stint split"
"José Mauri","AC Milan","2015-2018","2015-2015 + 2017-2018","stint split"
"Michael Folivi","Coventry","2017-2017","2016-2016","start earlier + end pulled in"
"Adrian Clarke","Arsenal","1995-1995","1994-1995","start earlier"
"Anthony Driscoll-Glennon","Grimsby","2019-2023","2019-2019 + 2022-2023","stint split"
"Hameur Bouazza","Watford","2005-2006","2003-2006","start earlier"
"Hameur Bouazza","Birmingham","2009-2009","2008-2008","start earlier + end pulled in"
"Hameur Bouazza","Swindon Town","2006-2006","2005-2005","start earlier + end pulled in"
"Carlos Muñoz Cobo","Oviedo","1995-1995","1992-1995","start earlier"
"Jon Flanagan","Liverpool","2010-2015","2010-2015 + 2017-2017","stint split"
"Jon Flanagan","Bolton","2018-2018","2017-2017","start earlier + end pulled in"
"Francisco Higuera","Zaragoza","1995-1996","1992-1996","start earlier"
"Marco Andreolli","Inter","2004-2006 + 2013-2016","2004-2006 + 2013-2014 + 2016-2016","stint split"
"Dennis Praet","Leicester","2019-2023","2019-2020 + 2022-2023","stint split"
"William Mannion","Charlton","2023-2025","2023-2026",""
"William Mannion","Cambridge United","2021-2022","2021-2023",""
"William Mannion","Havant & Wville","2021-2022","2021-2021","end pulled in"
"Nathan Holland","Milton Keynes Dons","2022-2022","2022-2023",""
"Nathan Holland","Forest Green","2023-2024","2023-2023","end pulled in"
"Emil Holm","Bologna","2022-2025","2022-2022 + 2024-2025","stint split"
"Joel Ekstrand","Watford","2012-2015","2012-2014","end pulled in"
"Joel Ekstrand","Rotherham","2017-2018","2016-2016","start earlier + end pulled in"
"Jaden Dixon","Arsenal","2026-2026","2025-2026","start earlier"
"Harald Spörl","Hamburger SV","1995-2000","1992-2000","start earlier"
"Sofiane Boufal","Southampton","2016-2019","2016-2017 + 2019-2019","stint split"
"Fernando Redondo","Real Madrid","1995-1999","1994-1999","start earlier"
"Matt O'Riley","Milton Keynes Dons","2020-2020","2020-2021",""
"David Davis","Charlton","2020-2020","2019-2019","start earlier + end pulled in"
"David Davis","Chesterfield","2012-2012","2011-2011","start earlier + end pulled in"
"David Davis","Shrewsbury","2010-2021","2010-2010 + 2020-2021","stint split"
"David Davis","Forest Green","2022-2024","2022-2022","end pulled in"
"Patrick Agyemang","Bristol City","2010-2010","2009-2009","start earlier + end pulled in"
"Patrick Agyemang","Preston","2005-2006","2004-2007","start earlier"
"Patrick Agyemang","Gillingham","2004-2004","2003-2003","start earlier + end pulled in"
"Patrick Agyemang","Portsmouth","2012-2013","2012-2014",""
"Patrick Agyemang","Stevenage","2011-2011","2011-2012",""
"Sheyi Ojo","Fulham","2017-2018","2017-2017","end pulled in"
"Sheyi Ojo","Wolves","2015-2016","2015-2015","end pulled in"
"Sheyi Ojo","Liverpool","2014-2015","2014-2016",""
"Sheyi Ojo","Cardiff","2020-2023","2020-2020 + 2022-2023","stint split"
"Alexander Kacaniklic","Fulham","2010-2013","2010-2015",""
"Alexander Kacaniklic","Watford","2012-2012","2011-2011","start earlier + end pulled in"
"Alexander Kacaniklic","Burnley","2013-2013","2012-2012","start earlier + end pulled in"
"Derrick Luckassen","PSV Eindhoven","2017-2019","2017-2017 + 2019-2019","stint split"
"Sofiane Feghouli","Galatasaray","2017-2021","2017-2022",""
"Sofiane Feghouli","Fatih Karagümrük","2022-2024","2022-2023","end pulled in"
"Agustín Vara","Valladolid","1995-1995","1994-1995","start earlier"
"Kevin Kilbane","Hull City","2008-2009","2008-2010",""
"Kevin Kilbane","Sunderland","1999-2002","1999-2003",""
"Deyovaisio Zeefuik","Blackburn","2022-2022","2021-2021","start earlier + end pulled in"
"Jamie Smith","Crystal Palace","1997-1997","1997-2003",""
"Adilson Malanda","Middlesbrough","2025-2025","2025-2026",""
"Luca Marchegiani","Lazio","1996-2002","1993-2002","start earlier"
"Pacheta","Espanyol","1995-1998","1994-1998","start earlier"
"Benik Afobe","Wolves","2014-2017","2014-2015 + 2017-2017","stint split"
"Benik Afobe","Bristol City","2019-2020","2019-2019","end pulled in"
"Benik Afobe","Millwall","2012-2022","2012-2012 + 2021-2022","stint split"
"Benik Afobe","Stoke City","2018-2019","2018-2020",""
"Jack Young","Wycombe","2021-2023","2021-2022","end pulled in"
"Aldo Kalulu","FC Basel 1893","2018-2020","2018-2018 + 2020-2020","stint split"
"Pedro Luis Jaro","Real Betis","1995-1996","1994-1996","start earlier"
"Pablo Torre","Barcelona","2022-2024","2022-2022 + 2024-2024","stint split"
"Francis Benali","Southampton","1995-2002","1992-2002","start earlier"
"Ben Stevenson","Coventry","2015-2016","2015-2017",""
"Ben Stevenson","Portsmouth","2023-2023","2023-2024",""
"Ben Stevenson","Cheltenham","2025-2025","2025-2026",""
"Carles Busquets","Barcelona","1994-1997","1993-1997","start earlier"
"Alberico Evani","Sampdoria","1996-1996","1993-1996","start earlier"
"Rob Kiernan","Wycombe","2011-2011","2010-2011","start earlier"
"Holger Gehrke","MSV Duisburg","1996-1996","1994-1996","start earlier"
"Tudor Băluță","Brighton","2019-2021","2019-2019","end pulled in"
"Alex Matos","Huddersfield","2023-2024","2023-2023","end pulled in"
"Jiri Skalak","Brighton","2016-2017","2015-2017","start earlier"
"Jiri Skalak","Millwall","2018-2019","2018-2020",""
"Jiri Skalak","Mlada Boleslav","2014-2021","2014-2015","end pulled in"
"Ian Selley","Arsenal","1996-1996","1992-1996","start earlier"
"Enrico Annoni","AS Roma","1996-1996","1994-1996","start earlier"
"Dan Ballard","Blackpool","2020-2021","2020-2020","end pulled in"
"Stefano Desideri","Udinese","1996-1996","1992-1996","start earlier"
"Steve Staunton","Aston Villa","1995-1997 + 2000-2002","1992-1997 + 2000-2002","start earlier"
"Kelechi Iheanacho","Leicester","2017-2024","2017-2023","end pulled in"
"Kelechi Iheanacho","Middlesbrough","2025-2025","2024-2025","start earlier"
"Dean Parrett","Stevenage","2013-2019","2013-2015 + 2019-2019","stint split"
"Dean Parrett","Yeovil Town","2012-2012","2011-2011","start earlier + end pulled in"
"Stefan Klos","Borussia Dortmund","1995-1998","1992-1998","start earlier"
"Bruno Rodriguez","Lens","1999-2003","1999-1999 + 2001-2001 + 2003-2003","stint split"
"Pablo Pereira de Jesus","West Ham","2025-2025","2025-2026",""
"Stephen Quinn","Rotherham","2006-2006","2005-2006","start earlier"
"Stephen Quinn","Burton Albion","2018-2019","2018-2020",""
"John Scales","Liverpool","1995-1996","1994-1996","start earlier"
"Lee Peltier","Huddersfield","2009-2010","2009-2014",""
"Lee Peltier","Cardiff","2014-2018","2014-2019",""
"Lee Peltier","Yeovil Town","2008-2008","2007-2008","start earlier"
"Neil Heaney","Southampton","1995-1996","1993-1996","start earlier"
"Álvaro Odriozola","Real Madrid","2018-2022","2018-2020 + 2022-2022","stint split"
"Chung-yong Lee","Bolton","2009-2011","2009-2014",""
"Waldemar Ksienzyk","FC Schalke 04","1995-1995","1994-1995","start earlier"
"Kalvin Phillips","Manchester City","2022-2025","2022-2023 + 2025-2025","stint split"
"Kalvin Phillips","Sheffield Utd","2026-2026","2025-2026","start earlier"
"Jonathan Grounds","Middlesbrough","2007-2008","2007-2010",""
"Mason Holgate","Everton","2015-2024","2015-2022 + 2024-2024","stint split"
"Mason Holgate","West Brom","2018-2024","2018-2018 + 2024-2024","stint split"
"Mason Holgate","Sheffield Utd","2023-2024","2023-2023","end pulled in"
"Marcus Hahnemann","Reading","2005-2007","2002-2008","start earlier"
"Gabriel Agbonlahor","Aston Villa","2005-2018","2005-2017","end pulled in"
"Jordan Alexander Houghton","Doncaster","2016-2016","2016-2017",""
"Vivaldo Borges dos Santos Neto","Middlesbrough","2024-2025","2024-2026",""
"David Button","Brighton","2018-2018","2018-2019",""
"David Button","West Brom","2020-2020","2020-2022",""
"Christian Atsu","Newcastle","2016-2019","2016-2020",""
"Christian Atsu","Bournemouth","2015-2016","2015-2015","end pulled in"
"Wynton Rufer","Werder Bremen","1993-1993","1992-1994","start earlier"
"Mahir Saglik","Vasas","2016-2016","2016-2017",""
"Neil Shipperley","Southampton","1995-1996","1994-1996","start earlier"
"Neil Shipperley","Crystal Palace","1997-1997 + 2004-2004","1997-1997 + 2003-2004",""
"Brandon Williams","Manchester United","2019-2020","2019-2020 + 2022-2022","stint split"
"Brandon Williams","Ipswich","2023-2024","2023-2023","end pulled in"
"George Honeyman","Sunderland","2014-2016","2014-2018",""
"George Honeyman","Blackpool","2025-2025","2025-2026",""
"Aristote Nsiala","Ipswich","2018-2020","2018-2021",""
"Aristote Nsiala","Bolton","2020-2020","2019-2019","start earlier + end pulled in"
"Aristote Nsiala","Fleetwood Town","2021-2022","2021-2023",""
"Aristote Nsiala","Shrewsbury","2016-2025","2016-2017 + 2024-2025","stint split"
"Aristote Nsiala","Hartlepool","2016-2017","2016-2016","end pulled in"
"Jaume Costa","Villarreal","2011-2020","2011-2018 + 2020-2020","stint split"
"Massimo Brioschi","Piacenza","1996-1996","1993-1996","start earlier"
"Mariano Hoyas","Celta Vigo","1995-1995","1994-1995","start earlier"
"Roberto Muzzi","Cagliari","1996-1998","1994-1998","start earlier"
"Florian Grillitsch","1899 Hoffenheim","2017-2024","2017-2021 + 2023-2024","stint split"
"Giuseppe Bergomi","Inter","1996-1998","1992-1998","start earlier"
"Dominic Revan","Barnet","2022-2024","2022-2022","end pulled in"
"Sandro","Belenenses","2021-2022","2021-2021","end pulled in"
"Martin Samuelsen","Hull City","2020-2021","2019-2020","start earlier + end pulled in"
"Martin Samuelsen","Burton Albion","2018-2018","2017-2017","start earlier + end pulled in"
"George Ndah","Crystal Palace","1997-1997","1992-1997","start earlier"
"Cameron Humphreys-Grant","Rotherham","2022-2023","2022-2024",""
"Cameron Humphreys-Grant","Port Vale","2024-2025","2024-2026",""
"George Friend","Middlesbrough","2012-2016","2012-2019",""
"George Friend","Bristol Rovers","2023-2024","2023-2023","end pulled in"
"George Friend","Exeter City","2005-2007","2005-2009",""
"Matheus Nunes","Sporting CP","2019-2021","2019-2022",""
"Oliver Arblaster","Sheffield Utd","2021-2025","2021-2022 + 2024-2026","stint split"
"Oliver Arblaster","Port Vale","2023-2024","2023-2023","end pulled in"
"Mazeed Ogungbo","Crawley Town","2022-2023","2022-2022","end pulled in"
"Danny Higginbotham","Southampton","2002-2004","2002-2005",""
"Danny Higginbotham","Derby","2001-2001","2000-2002","start earlier"
"Michy Batshuayi","Chelsea","2016-2021","2016-2017 + 2019-2019","end pulled in + stint split"
"Michy Batshuayi","Crystal Palace","2018-2020","2018-2018 + 2020-2020","stint split"
"Michy Batshuayi","Besiktas","2021-2022","2021-2021","end pulled in"
"Michy Batshuayi","Fenerbahçe","2022-2022","2022-2023",""
"Jahnoah Markelo","Coventry","2026-2026","2025-2026","start earlier"
"Mark Clyde","Wolves","2003-2003","2002-2006","start earlier"
"Joe Hart","Burnley","2018-2018","2018-2019",""
"Joe Hart","Manchester City","2006-2016","2006-2008 + 2010-2016","stint split"
"Joe Hart","Shrewsbury","2005-2005","2004-2005","start earlier"
"Joe Hart","Blackpool","2007-2007","2006-2006","start earlier + end pulled in"
"Carlos Martins","Benfica","2008-2012","2008-2010 + 2012-2012","stint split"
"James Léa Siliki","Middlesbrough","2021-2022","2021-2021","end pulled in"
"João Neves","Benfica","2022-2023","2019-2019 + 2022-2023","start earlier + stint split"
"João Neves","Celtic","2021-2024","2021-2022 + 2024-2024","stint split"
"Alejandro Faurlín","QPR","2009-2014","2009-2015",""
"Josh Harrop","Ipswich","2021-2021","2020-2020","start earlier + end pulled in"
"Josh Harrop","Preston","2017-2020","2017-2021",""
"Josh Harrop","Northampton","2022-2023","2022-2022","end pulled in"
"Josh Harrop","Cheltenham","2024-2024","2023-2023","start earlier + end pulled in"
"Tony Popovic","Crystal Palace","2004-2004","2001-2005","start earlier"
"Karlan Ahearne-Grant","Huddersfield","2018-2018","2018-2019",""
"Karlan Ahearne-Grant","West Brom","2020-2025","2020-2022 + 2024-2025","stint split"
"Karlan Ahearne-Grant","Charlton","2014-2017","2014-2026",""
"Ingo Anderbrügge","FC Schalke 04","1995-1999","1992-1999","start earlier"
"Stuart Barlow","Everton","1995-1995","1992-1995","start earlier"
"Armando Álvarez","Oviedo","1995-1995","1992-1995","start earlier"
"Monchi","Sevilla","1995-1996","1993-1996","start earlier"
"Óscar Estupiñán","Hull City","2022-2023","2022-2024",""
"Curtis Davies","Birmingham","2010-2010","2010-2012",""
"Curtis Davies","West Brom","2005-2005","2005-2006",""
"Ashley Hemmings","Wolves","2008-2009","2008-2008","end pulled in"
"Ashley Hemmings","Burton Albion","2014-2014","2013-2014","start earlier"
"Ashley Hemmings","Kidderminster Harriers","2019-2024","2019-2023","end pulled in"
"Benny Ashley-Seal","Wolves","2019-2020","2018-2018","start earlier + end pulled in"
"Eduardo Quaresma","1899 Hoffenheim","2022-2023","2022-2022","end pulled in"
"Eduardo Quaresma","Sporting CP","2019-2025","2019-2020 + 2023-2025","stint split"
"Alex Pearce","Reading","2006-2012","2006-2014",""
"Alex Pearce","Bristol City","2016-2016","2015-2015","start earlier + end pulled in"
"Alex Pearce","Derby","2015-2016","2015-2018",""
"Alex Pearce","Northampton","2007-2007","2006-2007","start earlier"
"Jean-Philippe Gbamin","Everton","2019-2022","2019-2021","end pulled in"
"Marijan Kovačević","Hamburger SV","1995-1996","1993-1996","start earlier"
"David Albelda","Valencia","1997-2012","1997-1997 + 1999-2012","stint split"
"Uwe Hünemeier","Brighton","2016-2017","2015-2017","start earlier"
"Roberto Bordin","Napoli","1996-1996","1993-1996","start earlier"
"Vicente Engonga","Valencia","1995-1996","1994-1996","start earlier"
"Fábio Silva","Wolves","2020-2023","2020-2021 + 2023-2023","stint split"
"Martin Braithwaite","Middlesbrough","2017-2017","2017-2018",""
"Reece Hannam","Bromley","2022-2023","2022-2022","end pulled in"
"Ian Taylor","Aston Villa","1995-2002","1994-2002","start earlier"
"Joseph Rothwell","Southampton","2023-2024","2023-2023","end pulled in"
"Joseph Rothwell","Sheffield Utd","2026-2026","2025-2026","start earlier"
"George Byers","Watford","2014-2015","2014-2014","end pulled in"
"George Byers","Sheffield Wednesday","2021-2021","2021-2023",""
"George Byers","Swansea","2017-2018","2017-2020",""
"George Byers","Port Vale","2022-2025","2022-2022 + 2024-2026","stint split"
"Jaanai Gordon","Peterborough","2011-2012","2011-2013",""
"Jaanai Gordon","Newport County","2017-2017","2016-2016","start earlier + end pulled in"
"Hélder Costa","Leeds","2019-2023","2019-2021","end pulled in"
"Hélder Costa","Valencia","2021-2022","2021-2021","end pulled in"
"Hélder Costa","Al-Ittihad FC","2022-2023","2022-2022","end pulled in"
"Tommy Widdrington","Southampton","1995-1995","1992-1995","start earlier"
"Jim Magilton","Southampton","1995-1997","1993-1997","start earlier"
"George Thorne","Oxford United","2019-2020","2019-2019","end pulled in"
"George Thorne","Portsmouth","2011-2012","2011-2011","end pulled in"
"David Meyler","Reading","2018-2019","2018-2018","end pulled in"
"David Meyler","Hull City","2012-2016","2012-2017",""
"David Meyler","Coventry","2018-2019","2018-2018","end pulled in"
"Keith Fahey","Birmingham","2008-2010","2008-2012",""
"Boubakary Soumaré","Leicester","2021-2025","2021-2022 + 2024-2025","stint split"
"Nick Powell","Manchester United","2012-2012 + 2015-2015","2012-2012 + 2014-2015",""
"Nick Powell","Hull City","2016-2016","2015-2016","start earlier"
"Nick Powell","Bradford","2025-2025","2025-2026",""
"Nick Powell","Stockport County","2023-2024","2023-2025",""
"Sékou Mara","Southampton","2022-2022","2022-2023",""
"Peter Beagrie","Everton","1997-1997","1992-1993 + 1997-1997","start earlier + stint split"
"Peter Beagrie","Manchester City","1995-1995","1993-1995","start earlier"
"Joe Hodge","Wolves","2022-2022","2022-2023",""
"Joe Hodge","QPR","2024-2024","2023-2023","start earlier + end pulled in"
"Nathan Bishop","Sunderland","2023-2024","2023-2023","end pulled in"
"Nathan Bishop","AFC Wimbledon","2024-2025","2024-2026",""
"Nathan Bishop","Wycombe","2023-2023","2023-2024",""
"Nathan Bishop","Cambridge United","2025-2025","2024-2025","start earlier"
"Nathan Bishop","Mansfield Town","2021-2022","2021-2021","end pulled in"
"Torbjørn Heggem","West Brom","2024-2024","2024-2025",""
"Alessandro Deiola","Cagliari","2012-2025","2012-2017 + 2019-2025","stint split"
"Ryan Taylor","Newcastle","2008-2014","2008-2012 + 2014-2014","stint split"
"Bent Christensen Arensøe","Compostela","1995-1996","1994-1996","start earlier"
"Charlie Daniels","Shrewsbury","2020-2021","2020-2020","end pulled in"
"Charlie Daniels","Leyton Orient","2008-2010","2007-2011","start earlier"
"Simon Mignolet","Liverpool","2013-2017","2013-2018",""
"Romaine Sawyers","Bristol Rovers","2025-2025","2024-2025","start earlier"
"Romaine Sawyers","Port Vale","2011-2011","2010-2010","start earlier + end pulled in"
"Romaine Sawyers","Shrewsbury","2012-2012","2011-2011","start earlier + end pulled in"
"Srđan Bajčetić","Celta Vigo","1995-1996","1994-1996","start earlier"
"Darren Lough","Ashington AFC","2022-2024","2022-2022","end pulled in"
"Robert Tesche","Birmingham","2014-2016","2014-2017",""
"Jesse Joronen","Fulham","2013-2016","2013-2014 + 2016-2016","stint split"
"Jesse Joronen","Stevenage","2015-2016","2015-2015","end pulled in"
"Daniel Amokachi","Everton","1995-1995","1994-1995","start earlier"
"Dário Essugo","Sporting CP","2020-2023","2020-2024",""
"João Pinto","FC Porto","1992-1998","1992-1993 + 1995-1998","stint split"
"Harry Clarke","Sheffield Utd","2025-2025","2024-2025","start earlier"
"Harry Clarke","Stoke City","2022-2023","2022-2022","end pulled in"
"Achraf Lazaar","Newcastle","2016-2016","2016-2017",""
"Marcello Castellini","Parma","2003-2003","1994-1994 + 2003-2003","start earlier + stint split"
"Kevin Strootman","Utrecht","2011-2011","2010-2010","start earlier + end pulled in"
"Kevin Strootman","Sparta Rotterdam","2007-2010","2007-2009","end pulled in"
"Javi García","Boavista","2020-2022","2020-2021","end pulled in"
"Javi García","Real Madrid","2004-2008","2004-2006 + 2008-2008","stint split"
"Fernando De Napoli","Reggiana","1996-1996","1994-1996","start earlier"
"Pascal Johansen","Strasbourg","1999-2007","1999-2002 + 2004-2007","stint split"
"Jorge López","Valencia","2003-2006","2003-2003 + 2005-2006","stint split"
"Rubén Castro","Deportivo La Coruna","2005-2007","2005-2005 + 2007-2007","stint split"
"Neil Ruddock","Liverpool","1995-1997","1993-1997","start earlier"
"Anis Ben Slimane","Sheffield Utd","2023-2023","2023-2024",""
"Anis Ben Slimane","Norwich","2024-2025","2024-2026",""
"Tyrese Francois","Fulham","2020-2022","2019-2023","start earlier"
"Malachi Fagan-Walcott","Cardiff","2023-2023","2023-2024",""
"Glenn Murray","Watford","2020-2021","2020-2020","end pulled in"
"Glenn Murray","Brighton","2008-2019","2007-2010 + 2016-2019","start earlier + stint split"
"Glenn Murray","Reading","2014-2015","2014-2014","end pulled in"
"Glenn Murray","Nottingham Forest","2020-2021","2020-2020","end pulled in"
"Rémy Vercoutre","Lyon","2002-2013","2002-2003 + 2005-2013","stint split"
"Cristian Battocchio","Watford","2012-2014","2012-2013","end pulled in"
"Ryan Alebiosu","Blackburn","2025-2025","2025-2026",""
"Ryan Alebiosu","Crewe","2022-2022","2021-2022","start earlier"
"Dimitri Payet","Marseille","2013-2022","2013-2014 + 2016-2022","stint split"
"Patrick Roberts","Fulham","2013-2013","2013-2014",""
"Patrick Roberts","Middlesbrough","2019-2019","2019-2020",""
"Samuel Szmodics","Bristol City","2019-2020","2019-2019","end pulled in"
"Samuel Szmodics","Ipswich","2024-2024","2024-2025",""
"Samuel Szmodics","Blackburn","2022-2023","2022-2024",""
"Samuel Szmodics","Derby","2025-2025","2025-2026",""
"Samuel Szmodics","Peterborough","2019-2021","2019-2022",""
"Maurizio Neri","Brescia","1997-1997","1994-1997","start earlier"
"Othmane Maamma","Watford","2025-2025","2025-2026",""
"Julien Ngoy","Stoke City","2016-2017","2016-2019",""
"Julien Ngoy","Walsall","2018-2018","2017-2017","start earlier + end pulled in"
"Óscar","Barcelona","1993-1998","1992-1993 + 1995-1998","start earlier + stint split"
"Óscar","Espanyol","2000-2003","2000-2001","end pulled in"
"Andrea Petagna","Monza","2022-2025","2022-2022 + 2024-2025","stint split"
"Roberto","Osasuna","2008-2009","2008-2008","end pulled in"
"Roberto","Zaragoza","2009-2012","2009-2009 + 2011-2012","stint split"
"Matthew Kilgallon","Sunderland","2009-2012","2009-2009 + 2011-2012","stint split"
"Jason Dodd","Southampton","1995-2004","1992-2004","start earlier"
"M'Baye Niang","Al-Ahli Jeddah","2021-2021","2020-2020","start earlier + end pulled in"
"M'Baye Niang","Adana Demirspor","2023-2024","2023-2023","end pulled in"
"Ángel Vivar Dorado","Tenerife","1995-1997","1994-1997","start earlier"
"Luis Pérez Pascual","Real Sociedad","1995-1997","1992-1997","start earlier"
"Rabbi Matondo","Stoke City","2021-2021","2020-2020","start earlier + end pulled in"
"Gianluca Caprari","AS Roma","2010-2013","2010-2011 + 2013-2013","stint split"
"Maxi Gómez","Trabzonspor","2022-2022","2022-2023",""
"Jordan N'Kololo","Riga","2020-2021","2020-2020","end pulled in"
"Roberto Guana","Chievo","2010-2013","2010-2010 + 2012-2013","stint split"
"Michael Oakes","Wolves","2003-2003","2001-2005","start earlier"
"Kristian Pedersen","Sheffield Wednesday","2024-2024","2023-2023","start earlier + end pulled in"
"Bassala Sambou","Crewe","2021-2021","2021-2022",""
"Mark James Halstead","Blackpool","2010-2013","2010-2012","end pulled in"
"Mark James Halstead","Torquay","2021-2024","2021-2023","end pulled in"
"Sebastián Herrera","Espanyol","1995-1996","1994-1996","start earlier"
"Bruno Jordão","Wolves","2019-2019","2019-2021",""
"Jonjo Shelvey","Liverpool","2010-2012","2010-2010 + 2012-2012","stint split"
"Jonjo Shelvey","Burnley","2025-2025","2024-2025","start earlier"
"Fred","Lyon","2005-2008","2005-2007","end pulled in"
"Adam Clayton","Middlesbrough","2014-2016","2014-2019",""
"Adam Clayton","Rochdale","2023-2024","2023-2023","end pulled in"
"Adam Clayton","Doncaster","2021-2021","2021-2022",""
"David Lee","Chelsea","1995-1997","1992-1997","start earlier"
"Faitout Maouassa","Rennes","2017-2020","2017-2017 + 2019-2020","stint split"
"Fernando Forestieri","Watford","2013-2014","2012-2015","start earlier"
"Nathan Young-Coombes","AFC Wimbledon","2022-2023","2022-2022","end pulled in"
"Lars Stindl","Karlsruher SC","2007-2023","2007-2008","end pulled in"
"Petar Hubchev","Hamburger SV","1995-1996","1993-1996","start earlier"
"Valeri Karpin","Real Sociedad","1995-1995 + 2002-2004","1994-1995 + 2002-2004","start earlier"
"Jamie Sterry","Newcastle","2014-2015","2014-2018",""
"Jamie Sterry","Doncaster","2022-2025","2022-2026",""
"Jamie Sterry","Hartlepool","2020-2021","2020-2022",""
"James Bree","Southampton","2022-2025","2022-2026",""
"James Bree","Barnsley","2013-2015","2013-2016",""
"James Bree","Luton","2019-2021","2019-2022",""
"Mark Travers","Middlesbrough","2025-2025","2024-2025","start earlier"
"Mark Travers","Swindon Town","2021-2021","2020-2020","start earlier + end pulled in"
"Kevin Bonifazi","Torino","2014-2019","2014-2017 + 2019-2019","stint split"
"Allan Nyom","Watford","2015-2015","2015-2016",""
"Allan Nyom","West Brom","2016-2017","2016-2018",""
"Benjamin Amos","Wigan","2021-2023","2021-2022","end pulled in"
"Milan Badelj","Fiorentina","2014-2019","2014-2017 + 2019-2019","stint split"
"Jádson","Udinese","2013-2015","2013-2013","end pulled in"
"Luke Ayling","Bristol City","2014-2015","2014-2016",""
"Luke Ayling","Leeds","2016-2022","2016-2023",""
"Luke Ayling","Middlesbrough","2023-2025","2023-2026",""
"Agustín Aranzábal","Real Sociedad","1995-2003","1992-2003","start earlier"
"Francisco Buyo","Real Madrid","1995-1995","1992-1995","start earlier"
"Stefano Pellegrini","Udinese","1996-1996","1992-1996","start earlier"
"Christoph Kramer","Borussia Mönchengladbach","2013-2023","2013-2014 + 2016-2023","stint split"
"Joe Bryan","Fulham","2018-2020","2018-2022",""
"Joe Bryan","Bristol City","2011-2017","2011-2018",""
"Carlo Nash","Preston","2005-2005","2004-2006","start earlier"
"Carlo Nash","Stoke City","2007-2012","2007-2007","end pulled in"
"José Luís Vidigal","Livorno","2004-2007","2004-2004 + 2006-2007","stint split"
"Vinny Samways","Everton","1995-1995","1994-1995","start earlier"
"Kevin Foley","Wolves","2007-2011","2007-2013",""
"Kevin Foley","Coventry","2017-2017","2016-2016","start earlier + end pulled in"
"Kevin Foley","Blackpool","2014-2014","2013-2014","start earlier"
"Przemysław Płacheta","Norwich","2020-2021","2020-2021 + 2023-2023","stint split"
"Przemysław Płacheta","Swansea","2024-2024","2023-2023","start earlier + end pulled in"
"Anthony Springett","Derby","2023-2023","2022-2022","start earlier + end pulled in"
"Anthony Springett","Northampton","2024-2024","2023-2023","start earlier + end pulled in"
"Mads Bech Sørensen","AFC Wimbledon","2020-2020","2019-2019","start earlier + end pulled in"
"Joe Parkinson","Everton","1995-1996","1994-1996","start earlier"
"Adam Morgan","Rotherham","2013-2013","2012-2012","start earlier + end pulled in"
"Adam Morgan","Yeovil Town","2013-2013","2013-2014",""
"Don Hutchison","West Ham","1995-1995 + 2001-2002","1994-1995 + 2001-2004","start earlier"
"Neil Cox","Watford","1999-1999","1999-2004",""
"José Aurelio Gay","Zaragoza","1995-1995","1992-1995","start earlier"
"Dale Gordon","West Ham","1995-1995","1993-1995","start earlier"
"Gareth Barry","West Brom","2017-2020","2017-2019","end pulled in"
"Andy Impey","QPR","1995-1995","1992-1995","start earlier"
"Greg Leigh","Ipswich","2022-2022","2022-2023",""
"Giovanni Sio","VfL Wolfsburg","2011-2013","2011-2011 + 2013-2013","stint split"
"Emmanuel Mayuka","Southampton","2012-2014","2012-2012 + 2014-2014","stint split"
"Brandon Cover","Leicester","2022-2024","2022-2023","end pulled in"
"Brandon Cover","Rotherham","2025-2025","2025-2026",""
"Brandon Cover","Fleetwood Town","2025-2025","2024-2025","start earlier"
"Younès Kaboul","Tottenham","2007-2014","2007-2007 + 2009-2014","stint split"
"Adrià Altimira","Villarreal","2023-2025","2023-2023 + 2025-2025","stint split"
"Kieran Dowell","Everton","2014-2015","2014-2018",""
"Kieran Dowell","Birmingham","2025-2025","2024-2025","start earlier"
"Kieran Dowell","Hull City","2026-2026","2025-2026","start earlier"
"Kieran Dowell","Norwich","2020-2021","2020-2022",""
"Aitor Larrazábal","Athletic Club","1995-2003","1992-2003","start earlier"
"Pasquale Foggia","Lazio","2006-2010","2006-2006 + 2008-2010","stint split"
"Niall Quinn","Manchester City","1995-1995","1992-1995","start earlier"
"Habib Bamogo","Marseille","2004-2006","2004-2004 + 2006-2006","stint split"
"Joseph Mattock","Harrogate Town","2022-2022","2022-2023",""
"Daniel Bentley","Wolves","2022-2025","2022-2026",""
"Daniel Bentley","Bristol City","2019-2021","2019-2022",""
"Tiago Pinto","Ankaraspor","2015-2017","2015-2016","end pulled in"
"Sanjin Prcic","Rennes","2014-2017","2014-2014 + 2016-2017","stint split"
"Pedro Porro","Sporting CP","2020-2021","2020-2022",""
"Keanan Bennetts","Ipswich","2020-2021","2020-2020","end pulled in"
"Keanan Bennetts","Borussia Mönchengladbach","2018-2021","2018-2019 + 2021-2021","stint split"
"José Barkero","Real Sociedad","1998-2005","1998-1999 + 2001-2005","stint split"
"Ikechi Anya","Derby","2016-2019","2016-2017","end pulled in"
"Harvey White","Derby","2023-2023","2022-2022","start earlier + end pulled in"
"Harvey White","Portsmouth","2021-2021","2020-2020","start earlier + end pulled in"
"Miguel Azeez","Wigan","2023-2023","2022-2022","start earlier + end pulled in"
"Miguel Azeez","Portsmouth","2021-2022","2021-2021","end pulled in"
"Daniel Batty","Hull City","2016-2019","2016-2020",""
"Alex Gilbert","Brentford","2020-2022","2020-2020","end pulled in"
"Alex Gilbert","Charlton","2025-2025","2024-2025","start earlier"
"Alex Gilbert","Swindon Town","2021-2022","2021-2021","end pulled in"
"Raphinha","Sporting CP","2018-2018","2018-2019",""
"Bernd Hobsch","Werder Bremen","1993-1996","1992-1996","start earlier"
"Ryan Tunnicliffe","Fulham","2013-2013","2013-2016",""
"Ryan Tunnicliffe","Blackburn","2014-2015","2014-2014","end pulled in"
"Ryan Tunnicliffe","Barnsley","2013-2013","2012-2013","start earlier"
"Federico Fazio","Sevilla","2007-2015","2007-2013 + 2015-2015","stint split"
"Oliver Casey","Blackpool","2021-2025","2021-2021 + 2023-2026","stint split"
"Sime Vrsaljko","Atletico Madrid","2016-2021","2016-2017 + 2019-2021","stint split"
"Courtney Baker-Richardson","Newport County","2021-2025","2021-2021 + 2024-2025","stint split"
"Oliver Norwood","Huddersfield","2012-2013","2012-2014",""
"Oliver Norwood","Coventry","2012-2012","2011-2012","start earlier"
"Oliver Norwood","Stockport County","2024-2025","2024-2026",""
"Víctor Ibarbo","Cagliari","2011-2016","2011-2014 + 2016-2016","stint split"
"Dimitrios Konstantopoulos","Coventry","2007-2009","2007-2007 + 2009-2009","stint split"
"Dimitrios Konstantopoulos","Hartlepool","2005-2019","2004-2019","start earlier"
"Claus Lundekvam","Southampton","1996-2004","1996-2006",""
"Rico Richards","Port Vale","2024-2024","2024-2025",""
"Rico Richards","Stockport County","2024-2024","2023-2023","start earlier + end pulled in"
"Nicklas Bendtner","Arsenal","2005-2013","2005-2011 + 2013-2013","stint split"
"Thomas Vermaelen","Barcelona","2014-2018","2014-2015 + 2017-2018","stint split"
"Kjell Scherpen","Brighton","2021-2024","2021-2021","end pulled in"
"Christopher Ohen","Compostela","1995-1997","1994-1997","start earlier"
"Dean Marney","QPR","2004-2004","2003-2003","start earlier + end pulled in"
"Alan Dzagoev","CSKA Moscow","2009-2009","2008-2018","start earlier"
"Jermaine Pennant","Watford","2001-2001","2001-2002",""
"Jermaine Pennant","Arsenal","1999-2004","1999-2002 + 2004-2004","stint split"
"Michael Tonge","Millwall","2015-2015","2014-2014","start earlier + end pulled in"
"Michael Tonge","Preston","2009-2009","2009-2010",""
"Michael Tonge","Derby","2010-2010","2009-2009","start earlier + end pulled in"
"Michael Tonge","Stoke City","2008-2010","2008-2008 + 2010-2010","stint split"
"Michael Tonge","Barnsley","2012-2012","2011-2012","start earlier"
"Teemu Pukki","Norwich","2018-2021","2018-2022",""
"Marco Marchionni","Parma","2001-2005","2001-2001 + 2003-2005","stint split"
"Adrien Regattin","Ankaraspor","2016-2017","2016-2016","end pulled in"
"Adrien Regattin","Akhisarspor","2018-2019","2018-2018","end pulled in"
"Tom Craddock","Middlesbrough","2005-2007","2005-2005 + 2007-2007","stint split"
"Sébastien Bassong","Norwich","2012-2015","2012-2013 + 2015-2015","stint split"
"Rob Holding","Crystal Palace","2023-2024","2023-2023","end pulled in"
"Rob Holding","Sheffield Utd","2025-2025","2024-2025","start earlier"
"Sun Jihai","Manchester City","2002-2007","2001-2007","start earlier"
"Leonardo Bonucci","Juventus","2010-2022","2010-2016 + 2018-2022","stint split"
"Benjamin Pearson","Preston","2015-2019","2015-2020",""
"Nicola Ventola","Bari","1997-1997","1994-1997","start earlier"
"Paul Dummett","Carlisle","2025-2025","2024-2025","start earlier"
"Leonardo Ulloa","Brighton","2012-2017","2012-2013 + 2017-2017","stint split"
"Andrew Taylor","Reading","2015-2016","2015-2015","end pulled in"
"Andrew Taylor","Bolton","2016-2019","2016-2018","end pulled in"
"Andrew Taylor","Middlesbrough","2004-2008","2004-2010",""
"Juan Valera","Atletico Madrid","2005-2010","2005-2007 + 2009-2010","stint split"
"Benjamin Knight","Crewe","2021-2022","2021-2021","end pulled in"
"Benjamin Knight","Cambridge United","2025-2025","2025-2026",""
"Çağlar Söyüncü","Atletico Madrid","2023-2024","2023-2023","end pulled in"
"Alain Boghossian","Napoli","1996-1996","1994-1996","start earlier"
"Hamza Mendyl","FC Schalke 04","2018-2020","2018-2018 + 2020-2020","stint split"
"Roy Beerens","Reading","2016-2016","2016-2017",""
"Martín Payero","Middlesbrough","2021-2021","2021-2023",""
"Connor Wickham","Cardiff","2022-2023","2022-2022","end pulled in"
"Connor Wickham","Preston","2021-2022","2021-2021","end pulled in"
"Connor Wickham","Sheffield Wednesday","2012-2013","2012-2019",""
"Connor Wickham","Charlton","2024-2025","2023-2025","start earlier"
"Youssef En-Nesyri","Al-Ittihad FC","2026-2026","2025-2026","start earlier"
"Paul Wilkinson","Middlesbrough","1995-1995","1992-1995","start earlier"
"Marco Caneira","Sporting CP","2006-2008","2006-2006 + 2008-2008","stint split"
"Marco Caneira","Valencia","2004-2007","2004-2005 + 2007-2007","stint split"
"David Oluwatimileyin Omilabu","Maidenhead","2023-2024","2023-2023","end pulled in"
"Arjan Raikhy","Leicester","2023-2024","2023-2023","end pulled in"
"Liam O'Neil","West Brom","2011-2013","2011-2014",""
"Liam O'Neil","Scunthorpe","2014-2015","2014-2014","end pulled in"
"Liam O'Neil","Chesterfield","2015-2015","2015-2016",""
"Liam O'Neil","Cambridge United","2016-2023","2016-2022","end pulled in"
"Diego Penny","Burnley","2009-2009","2008-2009","start earlier"
"David Dunn","Birmingham","2003-2005","2003-2006",""
"David Dunn","Blackburn","1998-2011","1998-2002 + 2006-2014","stint split"
"Michael Phillips","Maidstone Utd","2017-2021","2017-2018","end pulled in"
"Michael Phillips","Wealdstone","2019-2020","2019-2019","end pulled in"
"Sam Surridge","Bournemouth","2015-2019","2015-2020",""
"Sam Surridge","Stoke City","2021-2022","2021-2021","end pulled in"
"Sam Surridge","Swansea","2019-2020","2019-2019","end pulled in"
"Pierluigi Gollini","Aston Villa","2016-2017","2016-2016","end pulled in"
"Tom King","Millwall","2014-2016","2014-2017",""
"Tom King","Northampton","2023-2023","2022-2022","start earlier + end pulled in"
"Colin Calderwood","Tottenham","1995-1998","1993-1998","start earlier"
"Sebastian Rudy","FC Schalke 04","2018-2020","2018-2018 + 2020-2020","stint split"
"Isaac Hayden","Arsenal","2013-2015","2013-2014","end pulled in"
"Isaac Hayden","Hull City","2015-2016","2015-2015","end pulled in"
"Isaac Hayden","QPR","2023-2025","2023-2023 + 2025-2025","stint split"
"Isaac Hayden","Portsmouth","2025-2025","2024-2025","start earlier"
"Manuel Jiménez Jiménez","Sevilla","1995-1996","1992-1996","start earlier"
"Hulk","FC Porto","2008-2009","2008-2012",""
"Tom Beadling","Bury","2017-2017","2016-2016","start earlier + end pulled in"
"Bruce Dyer","Crystal Palace","1997-1997","1994-1997","start earlier"
"Gavin Gunning","Rotherham","2010-2010","2009-2009","start earlier + end pulled in"
"Pepe Reina","Napoli","2013-2017","2013-2013 + 2015-2017","stint split"
"Michael Carrick","West Ham","1999-2002","1999-2003",""
"Ivan Cavaleiro","Fulham","2019-2022","2019-2021","end pulled in"
"Ivan Cavaleiro","Alanyaspor","2022-2023","2022-2022","end pulled in"
"Matt Crooks","Huddersfield","2010-2013","2010-2014",""
"Matt Crooks","Hull City","2025-2025","2024-2025","start earlier"
"Matt Crooks","Northampton","2017-2017","2017-2018",""
"Adam King","Mansfield Town","2018-2018","2017-2017","start earlier + end pulled in"
"Ryan Oné","Sheffield Utd","2023-2025","2023-2026",""
"Ryan Oné","Lincoln","2026-2026","2025-2026","start earlier"
"Óscar Salamanca Sanz","Valladolid","1995-1995","1994-1995","start earlier"
"Ja-cheol Koo","VfL Wolfsburg","2010-2013","2010-2011 + 2013-2013","stint split"
"Wilson Odobert","Burnley","2023-2023","2023-2024",""
"Iván Zamorano","Real Madrid","1995-1995","1992-1995","start earlier"
"Ishak Belfodil","Parma","2012-2014","2012-2012 + 2014-2014","stint split"
"Vitezslav Jaros","Stockport County","2022-2023","2022-2022","end pulled in"
"Panagiotis Retsos","Sheffield Utd","2020-2020","2019-2019","start earlier + end pulled in"
"Panagiotis Retsos","Bayer Leverkusen","2017-2021","2017-2019 + 2021-2021","stint split"
"Jamie Pollock","Middlesbrough","1995-1995","1992-1995","start earlier"
"Shane Long","Bournemouth","2021-2021","2020-2020","start earlier + end pulled in"
"Shane Long","Reading","2005-2007","2005-2011 + 2022-2022","stint split"
"Lewis Grabban","Reading","2017-2017","2016-2016","start earlier + end pulled in"
"Lewis Grabban","Brentford","2011-2011","2009-2010","start earlier + end pulled in"
"Lewis Grabban","Millwall","2008-2010","2007-2010","start earlier"
"Lewis Grabban","Nottingham Forest","2018-2022","2018-2021","end pulled in"
"Francesco Toldo","Fiorentina","1996-2000","1994-2000","start earlier"
"Michael Keane","Blackburn","2014-2014","2013-2014","start earlier"
"Kiernan Dewsbury-Hall","Leicester","2019-2024","2019-2023","end pulled in"
"Kiernan Dewsbury-Hall","Blackpool","2020-2020","2019-2019","start earlier + end pulled in"
"Kiernan Dewsbury-Hall","Luton","2020-2021","2020-2020","end pulled in"
"Eren Dinkçi","1. FC Heidenheim","2023-2025","2023-2023 + 2025-2025","stint split"
"César Gómez","Tenerife","1995-1996","1992-1996","start earlier"
"Alexis Trujillo","Real Betis","1995-1999","1994-1999","start earlier"
"Arvin Appiah","Nottingham Forest","2018-2018","2018-2019",""
"Arvin Appiah","Rotherham","2023-2024","2023-2023","end pulled in"
"Florian Raspentino","Bastia","2013-2016","2013-2013 + 2015-2016","stint split"
"Andrew Crofts","Brighton","2009-2015","2009-2009 + 2012-2015","stint split"
"Andrew Crofts","Charlton","2016-2016","2016-2017",""
"Andrew Crofts","Gillingham","2008-2008","2003-2008 + 2015-2015","start earlier + stint split"
"Wout Weghorst","Burnley","2021-2023","2021-2021 + 2024-2024","stint split"
"Wout Weghorst","1899 Hoffenheim","2023-2024","2023-2023","end pulled in"
"Wout Weghorst","Besiktas","2022-2023","2022-2022","end pulled in"
"Lars Ricken","Borussia Dortmund","1995-2006","1993-2006","start earlier"
"Knut Reinhardt","Borussia Dortmund","1995-1998","1992-1998","start earlier"
"Adrián Ricchiuti","La Fiorita","2015-2018","2015-2017","end pulled in"
"Kei Kamara","Middlesbrough","2013-2014","2013-2013","end pulled in"
"Ben Watson","Crystal Palace","2004-2004","2002-2008","start earlier"
"Ben Watson","West Brom","2010-2010","2009-2009","start earlier + end pulled in"
"Ben Watson","QPR","2009-2010","2009-2009","end pulled in"
"Ben Watson","Charlton","2020-2022","2020-2021","end pulled in"
"Laurent Charvet","Manchester City","2000-2000","2000-2001",""
"Eldin Jakupovic","Hull City","2012-2016","2012-2012 + 2014-2016","stint split"
"Eldin Jakupovic","Leyton Orient","2014-2014","2013-2013","start earlier + end pulled in"
"Ryan Watson","Northampton","2014-2020","2014-2015 + 2019-2020","stint split"
"Ryan Watson","Tranmere","2021-2025","2021-2021 + 2025-2025","stint split"
"Ryan Watson","Salford City","2022-2024","2021-2024","start earlier"
"Andoni Lakabeg","Athletic Club","1995-1995","1992-1995","start earlier"
"Lluís Carreras","Barcelona","1995-1995","1992-1992 + 1995-1995","start earlier + stint split"
"Christian Negouai","Manchester City","2004-2004","2001-2004","start earlier"
"Aaron Mooy","Huddersfield","2016-2018","2016-2019",""
"Christopher Schindler","Huddersfield","2016-2018","2016-2020",""
"Lewis Warrington","Fleetwood Town","2022-2023","2022-2022","end pulled in"
"Lewis Warrington","Tranmere","2021-2025","2021-2021 + 2025-2026","stint split"
"Micah Richards","Aston Villa","2015-2018","2015-2016","end pulled in"
"Iván Ania","Oviedo","1995-2000","1994-2000","start earlier"
"Luca Caldirola","Werder Bremen","2013-2017","2013-2014 + 2016-2017","stint split"
"Dion Joseph Rankine","Wigan","2023-2023","2023-2025",""
"Dion Joseph Rankine","Exeter City","2023-2024","2023-2023","end pulled in"
"Martin Latka","Birmingham","2006-2006","2005-2005","start earlier + end pulled in"
"Elliot Grandin","Blackpool","2010-2010","2010-2013",""
"Brown Ideye","West Brom","2014-2014","2014-2015",""
"Bobby Zamora","West Ham","2005-2007","2003-2007","start earlier"
"Bobby Zamora","Brighton","2015-2015","2002-2002 + 2015-2015","start earlier + stint split"
"Nordin Wooter","Watford","1999-1999","1999-2001",""
"Joseph Lumley","Sheffield Wednesday","2025-2025","2025-2026",""
"Dan Gore","Port Vale","2024-2024","2023-2023","start earlier + end pulled in"
"Craig Bellamy","Cardiff","2010-2013","2010-2010 + 2012-2013","stint split"
"Tom Cairney","Hull City","2009-2009","2009-2012",""
"Vincent Aboubakar","FC Porto","2014-2019","2014-2015 + 2017-2019","stint split"
"Vincent Aboubakar","Beşiktaş","2016-2024","2016-2016 + 2020-2020 + 2022-2024","stint split"
"Vincent Aboubakar","Al-Nassr","2021-2023","2021-2022","end pulled in"
"Calum Scanlon","Cardiff","2025-2025","2025-2026",""
"Val Adedokun","Cheltenham","2025-2025","2024-2025","start earlier"
"Trevor Carson","Brentford","2011-2011","2010-2010","start earlier + end pulled in"
"Trevor Carson","Bury","2011-2012","2011-2013",""
"Joel Ward","Portsmouth","2009-2009","2009-2011",""
"Seán Grehan","Doncaster","2025-2025","2025-2026",""
"Seán Grehan","Carlisle","2024-2024","2023-2023","start earlier + end pulled in"
"Carlos Ribeiro Dias","Rotherham","2023-2024","2023-2023","end pulled in"
"Derek McInnes","West Brom","2002-2002","2001-2002","start earlier"
"Marc Hottiger","Newcastle","1995-1995","1994-1995","start earlier"
"Luiz Felipe","Rayo Vallecano","2022-2025","2022-2023 + 2025-2025","stint split"
"Luiz Felipe","Al-Ittihad FC","2024-2024","2023-2024","start earlier"
"Adrián Sardinero","AEL","2014-2015","2014-2014","end pulled in"
"Niels Nkounkou","Cardiff","2022-2023","2022-2022","end pulled in"
"Niels Nkounkou","Everton","2020-2020","2020-2021",""
"Marco Ferrante","Torino","1999-2002","1999-1999 + 2001-2002","stint split"
"Giorgio Venturin","Lazio","1996-1998","1994-1998","start earlier"
"Giorgio Venturin","Torino","2001-2001","1992-1993 + 2001-2001","start earlier + stint split"
"Paulo Sousa","Juventus","1995-1995","1994-1995","start earlier"
"Joseph Wormleighton","Northampton","2025-2025","2025-2026",""
"Matthew James","Barnsley","2017-2017","2017-2020",""
"Matthew James","Wrexham","2024-2025","2024-2026",""
"Javier Hernández","Manchester United","2010-2010","2010-2014",""
"Jay Stansfield","Fulham","2019-2024","2019-2022 + 2024-2024","stint split"
"Jay Stansfield","Birmingham","2023-2025","2023-2026",""
"Jay Stansfield","Exeter City","2022-2023","2022-2022","end pulled in"
"Luke Bolton","Wycombe","2019-2019","2018-2018","start earlier + end pulled in"
"Luke Bolton","Salford City","2021-2022","2021-2023",""
"Yann Gboho","Rennes","2018-2021","2018-2020","end pulled in"
"Yann Gboho","Vitesse","2021-2022","2021-2021","end pulled in"
"Marcus Edwards","Burnley","2024-2025","2024-2026",""
"Marcus Edwards","Norwich","2018-2018","2017-2017","start earlier + end pulled in"
"Kenwyne Jones","Bournemouth","2015-2015","2014-2015","start earlier"
"Kenwyne Jones","Southampton","2004-2006","2004-2007",""
"Kenwyne Jones","Stoke City","2005-2013","2004-2004 + 2010-2013","start earlier + stint split"
"Luke Coddington","Northampton","2017-2018","2017-2017","end pulled in"
"MJ Williams","Milton Keynes Dons","2023-2023","2023-2024",""
"MJ Williams","Blackpool","2020-2021","2020-2020","end pulled in"
"Gethin Jones","Barnsley","2017-2017","2016-2016","start earlier + end pulled in"
"Gethin Jones","Milton Keynes Dons","2025-2025","2025-2026",""
"Gethin Jones","Mansfield Town","2019-2019","2018-2018","start earlier + end pulled in"
"Edson Braafheid","Utrecht","2005-2017","2005-2006 + 2016-2017","stint split"
"Emiliano Martínez","Wolves","2015-2016","2015-2015","end pulled in"
"Emiliano Martínez","Arsenal","2011-2019","2011-2014 + 2016-2016 + 2018-2019","stint split"
"Emiliano Martínez","Reading","2019-2019","2018-2018","start earlier + end pulled in"
"Emiliano Martínez","Rotherham","2015-2015","2014-2014","start earlier + end pulled in"
"Emiliano Martínez","Oxford United","2012-2012","2011-2011","start earlier + end pulled in"
"Juanma","Atletico Madrid","2002-2003","2002-2002","end pulled in"
"Juanma","Racing Santander","2000-2004","2000-2003","end pulled in"
"Lothar Matthäus","Bayern München","1994-1999","1992-1999","start earlier"
"Mathias Jensen","Celta Vigo","2018-2019","2018-2018","end pulled in"
"Rob Jones","Liverpool","1995-1997","1992-1997","start earlier"
"Danny Butterfield","Crystal Palace","2004-2004","2002-2009","start earlier"
"Danny Butterfield","Charlton","2009-2009","2008-2008","start earlier + end pulled in"
"Danny Butterfield","Exeter City","2013-2016","2013-2015","end pulled in"
"Lutsharel Geertruida","Feyenoord","2017-2023","2017-2024",""
"Jake Eastwood","Rochdale","2021-2021","2021-2022",""
"Jake Eastwood","Scunthorpe","2019-2020","2019-2019","end pulled in"
"Jake Eastwood","Chesterfield","2017-2018","2017-2017","end pulled in"
"Jake Eastwood","Grimsby","2020-2023","2020-2020 + 2023-2024","stint split"
"Jake Eastwood","Cambridge United","2024-2025","2024-2026",""
"Gabriel Paletta","AC Milan","2014-2017","2014-2014 + 2016-2017","stint split"
"Martin Cranie","Southampton","2003-2004","2003-2005",""
"Martin Cranie","Middlesbrough","2018-2018","2017-2018","start earlier"
"Martin Cranie","Luton","2019-2021","2019-2020","end pulled in"
"Saúl Ñíguez","Atletico Madrid","2011-2023","2011-2012 + 2014-2023","stint split"
"Divine Tayon Mahogany Mukasa","Leicester","2026-2026","2025-2026","start earlier"
"Steven Nzonzi","Stoke City","2012-2025","2012-2014 + 2025-2025","stint split"
"Steven Nzonzi","AS Roma","2018-2019","2018-2018","end pulled in"
"Siriki Dembélé","Birmingham","2023-2023","2023-2024",""
"Siriki Dembélé","Oxford United","2024-2025","2024-2026",""
"Siriki Dembélé","Peterborough","2018-2020","2018-2021",""
"Wayne Andrews","Crystal Palace","2004-2004","2004-2005",""
"Matthew Connolly","Watford","2015-2015","2014-2015","start earlier"
"Matthew Connolly","Reading","2012-2012","2011-2012","start earlier"
"Boris Mathis","Northampton","2018-2018","2017-2017","start earlier + end pulled in"
"Rubén de la Red","Real Madrid","2005-2008","2005-2006 + 2008-2008","stint split"
"Leandro Rodríguez","Everton","2015-2016","2015-2015","end pulled in"
"Leandro Rodríguez","Brentford","2016-2016","2015-2015","start earlier + end pulled in"
"Keiber Lamadrid","West Ham","2026-2026","2025-2026","start earlier"
"Jacob Bruun Larsen","Burnley","2023-2025","2023-2023 + 2025-2026","stint split"
"Jacob Bruun Larsen","1899 Hoffenheim","2019-2024","2019-2022 + 2024-2024","stint split"
"Lee Clark","Newcastle","1995-1996 + 2005-2005","1993-1996 + 2005-2005","start earlier"
"Gilberto","Tottenham","2007-2008","2007-2007","end pulled in"
"Folarin Balogun","Middlesbrough","2022-2022","2021-2021","start earlier + end pulled in"
"Matty Longstaff","Colchester","2022-2023","2022-2022","end pulled in"
"Matty Longstaff","Mansfield Town","2022-2022","2021-2021","start earlier + end pulled in"
"Dilan Markanday","Chesterfield","2024-2025","2024-2026",""
"Dilan Markanday","Leyton Orient","2025-2025","2024-2025","start earlier"
"Denis Drăguș","Viitorul Constanta","2015-2018","2015-2019",""
"Dominik Szoboszlai","RB Leipzig","2021-2022","2020-2022","start earlier"
"Steve Watson","Newcastle","1995-1998","1993-1998","start earlier"
"Lee Chapman","Leeds","1992-1995","1992-1992 + 1995-1995","stint split"
"Ishmael Miller","Huddersfield","2014-2016","2014-2015","end pulled in"
"Ishmael Miller","QPR","2011-2011","2010-2011","start earlier"
"Ishmael Miller","Blackpool","2014-2015","2014-2014","end pulled in"
"Ishmael Miller","Yeovil Town","2013-2014","2013-2013","end pulled in"
"Terence Kongolo","Huddersfield","2017-2018","2017-2019",""
"James Husband","Fulham","2015-2015","2014-2015","start earlier"
"Sergi Guardiola","Valladolid","2018-2022","2018-2020 + 2022-2022","stint split"
"Robert Acquafresca","Cagliari","2007-2010","2007-2008 + 2010-2010","stint split"
"Robert Acquafresca","Treviso","2005-2006","2005-2005","end pulled in"
"Javier Bellido","Compostela","1995-1997","1994-1997","start earlier"
"Daley Blind","Ajax","2008-2013 + 2018-2022","2008-2014 + 2018-2022",""
"Joe Ward","Peterborough","2017-2022","2017-2018","end pulled in"
"Joe Ward","Woking","2017-2018","2017-2017","end pulled in"
"Kelvin Davis","Southampton","2008-2015","2006-2011","start earlier + end pulled in"
"Ivica Olic","Hamburger SV","2006-2015","2006-2008 + 2015-2015","stint split"
"Tayo Adaramola","Crystal Palace","2022-2024","2021-2021","start earlier + end pulled in"
"Tayo Adaramola","Sheffield Wednesday","2026-2026","2025-2026","start earlier"
"Tafari Moore","Plymouth","2018-2018","2018-2019",""
"Tafari Moore","Oxford City","2023-2024","2023-2023","end pulled in"
"Diego Fabbrini","Watford","2013-2013","2013-2014",""
"Diego Fabbrini","Millwall","2015-2015","2014-2014","start earlier + end pulled in"
"James Abankwah","Udinese","2022-2024","2022-2022 + 2024-2024","stint split"
"James Abankwah","Charlton","2023-2024","2023-2023","end pulled in"
"Vladimir Gudelj","Celta Vigo","1995-1998","1992-1998","start earlier"
"Emanuel Pogatetz","Middlesbrough","2005-2008","2005-2009",""
"Maik Taylor","Birmingham","2003-2010","2003-2009","end pulled in"
"Cameron Brannagan","Fleetwood Town","2017-2017","2016-2016","start earlier + end pulled in"
"Cameron Brannagan","Oxford United","2017-2025","2017-2026",""
"Ryan Manning","Southampton","2023-2025","2023-2026",""
"Ryan Manning","QPR","2016-2019","2016-2020",""
"Ryan Manning","Rotherham","2018-2019","2018-2018","end pulled in"
"Japhet Tanganga","Millwall","2023-2024","2023-2025",""
"Japhet Tanganga","Sheffield Utd","2025-2025","2025-2026",""
"Ernesto Valverde","Athletic Club","1995-1995","1992-1995","start earlier"
"Marcos Llorente","Real Madrid","2014-2018","2014-2015 + 2017-2018","stint split"
"Abdulyussuf Oshilaja","Burton Albion","2021-2022","2021-2023",""
"Abdulyussuf Oshilaja","Mansfield Town","2023-2025","2023-2026",""
"Billy Jones","Rotherham","2018-2019","2018-2020",""
"Billy Jones","Sunderland","2014-2016","2014-2017",""
"Tiago Ilori","Reading","2016-2017","2016-2018",""
"Josete","Real Betis","1995-1997","1994-1997","start earlier"
"Koji Miyoshi","Birmingham","2023-2023","2023-2024",""
"Zack Nelson","AFC Wimbledon","2026-2026","2025-2026","start earlier"
"Danny Gabbidon","Crystal Palace","2012-2013","2012-2012","end pulled in"
"Aaron Ramsey","Burnley","2023-2024","2023-2026",""
"Aaron Ramsey","Cheltenham","2022-2022","2021-2022","start earlier"
"Samuel Iling-Junior","Middlesbrough","2025-2025","2024-2025","start earlier"
"Sébastien Frey","Inter","1998-2000","1998-1998 + 2000-2000","stint split"
"Mark Noble","West Ham","2005-2021","2004-2021","start earlier"
"Jan Zamburek","Shrewsbury","2020-2021","2020-2020","end pulled in"
"Mimoun Azaouagh","FSV Mainz 05","2004-2006","2004-2004 + 2006-2006","stint split"
"Mimoun Azaouagh","FC Schalke 04","2005-2007","2005-2005 + 2007-2007","stint split"
"Joe Powell","West Ham","2019-2020","2018-2018","start earlier + end pulled in"
"Joe Powell","Burton Albion","2019-2022","2019-2023",""
"Joe Powell","Northampton","2019-2019","2018-2018","start earlier + end pulled in"
"Amad Diallo","Manchester United","2020-2025","2020-2021 + 2023-2025","stint split"
"Amad Diallo","Sunderland","2022-2023","2022-2022","end pulled in"
"Martin Albrechtsen","West Brom","2004-2005","2004-2007",""
"Anselmo Robbiati","Fiorentina","1996-1998 + 2001-2001","1994-1998 + 2001-2001","start earlier"
"Marek Štěch","Wycombe","2009-2009","2008-2008","start earlier + end pulled in"
"Marek Štěch","Leyton Orient","2012-2012","2011-2011","start earlier + end pulled in"
"Marek Štěch","Mansfield Town","2020-2022","2020-2020","end pulled in"
"Svetoslav Todorov","Portsmouth","2003-2006","2001-2006","start earlier"
"Raúl Jiménez Rodríguez","Wolves","2018-2022","2018-2022 + 2026-2026","stint split"
"Elvis Manu","Huddersfield","2016-2016","2015-2015","start earlier + end pulled in"
"Elvis Manu","Brighton","2015-2017","2015-2016","end pulled in"
"Ryan Trevitt","Brentford","2022-2024","2022-2022 + 2024-2024","stint split"
"Dean Moxey","Derby","2009-2009","2009-2010",""
"Dean Moxey","Exeter City","2005-2019","2005-2008 + 2017-2019","stint split"
"Dean Moxey","Torquay","2020-2024","2020-2022","end pulled in"
"Darren Moore","West Brom","2002-2005","2001-2005","start earlier"
"Jake-Liam Clarke-Salter","Birmingham","2019-2019","2019-2020",""
"Jake-Liam Clarke-Salter","QPR","2022-2025","2022-2026",""
"Jake-Liam Clarke-Salter","Coventry","2021-2022","2021-2021","end pulled in"
"Peter Ankersen","FC Copenhagen","2015-2023","2015-2018 + 2020-2023","stint split"
"Veljko Paunović","Atletico Madrid","1996-1999 + 2003-2004","1996-1997 + 1999-1999 + 2003-2004","stint split"
"Pierluigi Casiraghi","Lazio","1996-1997","1993-1997","start earlier"
"Jamie Proctor","Wigan","2021-2021","2020-2020","start earlier + end pulled in"
"Timo Werner","RB Leipzig","2016-2019 + 2022-2025","2016-2019 + 2022-2023 + 2025-2025","stint split"
"Monchu","Sevilla","1995-1995","1992-1995","start earlier"
"Joe Cole","Liverpool","2010-2012","2010-2010 + 2012-2012","stint split"
"Caleb Folan","Hull City","2008-2009","2007-2010","start earlier"
"Marcel Sabitzer","RB Leipzig","2015-2021","2014-2021","start earlier"
"Marcel Sabitzer","Admira Wacker","2010-2011","2010-2012",""
"Youssouf Ndayishimiye","Başakşehir","2020-2021","2020-2022",""
"Iriney","Watford","2013-2015","2013-2013","end pulled in"
"Radamel Falcao","FC Porto","2009-2010","2009-2011",""
"Vitinha","Wolves","2020-2021","2020-2020","end pulled in"
"Vitinha","FC Porto","2019-2021","2019-2019 + 2021-2021","stint split"
"Darren Peacock","Newcastle","1995-1997","1993-1997","start earlier"
"Anthony Stokes","Sunderland","2007-2008","2006-2008","start earlier"
"Luis Cuartero","Zaragoza","1995-2007","1992-2007","start earlier"
"Ashley Young","Watford","2005-2006","2003-2006","start earlier"
"Christoph Preuß","Eintracht Frankfurt","2000-2000 + 2003-2009","2000-2000 + 2003-2003 + 2005-2009","stint split"
"Filipe Luís","Atletico Madrid","2010-2018","2010-2013 + 2015-2018","stint split"
"Han-Noah Massengo","Burnley","2023-2023","2023-2024",""
"Han-Noah Massengo","Bristol City","2019-2021","2019-2022",""
"Han-Noah Massengo","Auxerre","2022-2024","2022-2022 + 2024-2024","stint split"
"Paul Onuachu","Trabzonspor","2023-2025","2023-2023 + 2025-2025","stint split"
"Muhamed Besic","Middlesbrough","2018-2018","2017-2018","start earlier"
"Elliot Thorpe","Burton Albion","2022-2023","2022-2022","end pulled in"
"Elliot Thorpe","Luton","2021-2023","2021-2022","end pulled in"
"Fedor Smolov","Feyenoord","2010-2011","2010-2010","end pulled in"
"Francisco Sierralta","Watford","2020-2021","2020-2024",""
"Leandro Paredes","AS Roma","2014-2016 + 2023-2024","2014-2014 + 2016-2016 + 2023-2024","stint split"
"Matt Smith","Charlton","2021-2021","2020-2020","start earlier + end pulled in"
"Matt Smith","Swindon Town","2020-2021","2020-2020","end pulled in"
"Rhys Healey","Watford","2023-2024","2023-2023","end pulled in"
"Rhys Healey","Cardiff","2013-2018","2013-2013 + 2018-2018","stint split"
"Danny Shittu","Watford","2006-2006","2006-2007",""
"Dane Scarlett","Tottenham","2020-2025","2020-2021 + 2023-2025","stint split"
"Dane Scarlett","Portsmouth","2022-2023","2022-2022","end pulled in"
"Ashley Williams","Bristol City","2019-2020","2019-2019","end pulled in"
"Duncan Watmore","Middlesbrough","2020-2021","2020-2022",""
"Duncan Watmore","Sunderland","2013-2016","2013-2019",""
"Marinus Bester","Hamburger SV","2000-2001","1992-1992 + 2000-2001","start earlier + stint split"
"Jack Roles","Woking","2021-2021","2021-2022",""
"Frédéric Danjou","Ajaccio","2003-2005","2003-2003 + 2005-2005","stint split"
"Steve Stone","Portsmouth","2003-2004","2002-2004","start earlier"
"Paul Robinson","Leeds","1998-2003","1998-2000 + 2002-2003","stint split"
"Paul Robinson","Blackburn","2008-2011","2008-2014",""
"Daniel Thomas Trickett-Smith","Leek Town","2022-2024","2022-2023","end pulled in"
"Gianluca Festa","Inter","1996-1996","1993-1996","start earlier"
"Anton Ferdinand","West Ham","2005-2007","2003-2007","start earlier"
"Kasim Adams","1899 Hoffenheim","2018-2023","2018-2018 + 2020-2023","stint split"
"Cohen Bramall","Birmingham","2017-2018","2017-2017","end pulled in"
"Cohen Bramall","Rotherham","2022-2023","2022-2024",""
"Cohen Bramall","Colchester","2019-2019","2019-2020",""
"Jon Toral","Birmingham","2015-2020","2015-2015 + 2020-2020","stint split"
"Jon Toral","Brentford","2014-2015","2014-2014","end pulled in"
"Lewis Baker","Chelsea","2013-2020","2013-2021",""
"Jamar Loza","Leyton Orient","2014-2014","2013-2014","start earlier"
"Jamar Loza","Woking","2018-2021","2018-2019","end pulled in"
"Jackson Tchatchoua","Wolves","2025-2025","2025-2026",""
"Adam Legzdins","Derby","2011-2013","2011-2012","end pulled in"
"Adam Legzdins","Burton Albion","2010-2010","2010-2011",""
"Bamo Meïté","Lorient","2021-2025","2021-2023 + 2025-2025","stint split"
"Leon Clarke","Wolves","2013-2013","2004-2005 + 2013-2014","start earlier + stint split"
"Leon Clarke","Preston","2011-2011","2010-2010","start earlier + end pulled in"
"Leon Clarke","Coventry","2012-2012","2012-2013",""
"Leon Clarke","Crawley Town","2012-2012","2011-2011","start earlier + end pulled in"
"Leon Clarke","Kettering Town","2023-2024","2023-2023","end pulled in"
"Wout Faes","Leicester","2022-2024","2022-2025",""
"Wout Faes","Heerenveen","2017-2017","2016-2016","start earlier + end pulled in"
"Jacopo Fazzini","Fiorentina","2022-2025","2022-2022 + 2024-2025","stint split"
"Leo Castledine","Chelsea","2023-2024","2023-2023","end pulled in"
"Leo Castledine","Middlesbrough","2026-2026","2025-2026","start earlier"
"João Palhinha","SC Braga","2018-2019","2018-2020",""
"Chris","Birmingham","2007-2008","2007-2009",""
"Stephen Warnock","Derby","2014-2014","2014-2015",""
"Stephen Warnock","Burton Albion","2017-2018","2017-2017","end pulled in"
"Gallego","Rayo Vallecano","1995-1996","1993-1996","start earlier"
"Leonardo Weschenfelder Scienza","Southampton","2025-2025","2025-2026",""
"Pontus Dahlberg","Doncaster","2021-2022","2021-2021","end pulled in"
"Waldemar Anton","Borussia Dortmund","2022-2025","2022-2022 + 2024-2025","stint split"
"Jonathan Biabiany","Parma","2009-2014 + 2018-2018","2009-2009 + 2011-2014 + 2018-2018","stint split"
"Leon Balogun","Brighton","2018-2018","2018-2019",""
"Leon Balogun","Wigan","2020-2020","2019-2019","start earlier + end pulled in"
"Leon Balogun","Rangers","2020-2024","2020-2021 + 2024-2024","stint split"
"Matt Murray","Wolves","2003-2003","2002-2006","start earlier"
"Harvey Griffiths","Wolves","2022-2024","2022-2023","end pulled in"
"Harvey Griffiths","Walsall","2023-2024","2023-2023","end pulled in"
"José María Cabrera Menéndez","Real Betis","1995-1995","1994-1995","start earlier"
"James Norris","Liverpool","2019-2024","2019-2021","end pulled in"
"Pietro Vierchowod","Sampdoria","1991-1991","1991-1994",""
"Robbie Elliott","Newcastle","1995-1996 + 2001-2005","1993-1996 + 2001-2005","start earlier"
"Jayson Molumby","Brighton","2017-2020","2017-2017 + 2020-2020","stint split"
"Jayson Molumby","Preston","2021-2021","2020-2020","start earlier + end pulled in"
"Jayson Molumby","West Brom","2021-2025","2021-2026",""
"Carlos Gomes","Bolton","2022-2024","2022-2025",""
"Carlos Gomes","Fleetwood Town","2022-2023","2022-2022","end pulled in"
"Carlos Gomes","Luton","2021-2021","2021-2022",""
"Kyle John","Port Vale","2024-2025","2024-2026",""
"Cher Ndour","SC Braga","2023-2024","2023-2023","end pulled in"
"Klaas-Jan Huntelaar","Ajax","2005-2020","2005-2007 + 2017-2020","stint split"
"Stuart Ripley","Blackburn","1995-1997","1992-1997","start earlier"
"Massimo Luongo","Swindon Town","2013-2014","2012-2014","start earlier"
"Conor Townsend","West Brom","2018-2020","2018-2023 + 2026-2026","stint split"
"Ben Nelson","Leicester","2020-2025","2020-2023 + 2025-2025","stint split"
"Oliver Hammond","Nottingham Forest","2021-2021","2021-2022",""
"Oliver Hammond","Cheltenham","2023-2024","2023-2023","end pulled in"
"Rafa","Oviedo","1995-1996","1993-1996","start earlier"
"Joe Rodon","Swansea","2015-2019","2015-2020",""
"Joe Rodon","Rennes","2022-2023","2022-2022","end pulled in"
"Max Meyer","Crystal Palace","2018-2019","2018-2020",""
"Pape Diallo","Norwich","2025-2025","2025-2026",""
"Hany Ramzy","Werder Bremen","1995-1997","1994-1997","start earlier"
"Sotero López","Albacete","1995-1995","1992-1995","start earlier"
"Aaron Wilbraham","Rochdale","2018-2020","2018-2019","end pulled in"
"Tomislav Marić","VfL Wolfsburg","2000-2004","2000-2002 + 2004-2004","stint split"
"Marc Wilmots","FC Schalke 04","1996-2002","1996-1999 + 2001-2002","stint split"
"Cuco Ziganda","Athletic Club","1995-1997","1992-1997","start earlier"
"César Palacios","Osasuna","2000-2003","1993-2003","start earlier"
"Jay Spearing","Blackburn","2015-2015","2014-2014","start earlier + end pulled in"
"Kevin Doyle","Wolves","2009-2011","2009-2014",""
"Kevin Doyle","Reading","2005-2007","2005-2008",""
"Kevin Doyle","QPR","2014-2014","2013-2013","start earlier + end pulled in"
"Mahdi Camara","Rennes","2022-2025","2022-2022 + 2024-2025","stint split"
"Lyle Taylor","Birmingham","2022-2022","2021-2021","start earlier + end pulled in"
"Lyle Taylor","Nottingham Forest","2020-2020","2020-2021",""
"Lyle Taylor","Charlton","2018-2020","2018-2019","end pulled in"
"Lyle Taylor","Scunthorpe","2014-2015","2014-2014","end pulled in"
"Lyle Taylor","Wycombe","2023-2024","2023-2023","end pulled in"
"Lyle Taylor","Cambridge United","2024-2024","2023-2023","start earlier + end pulled in"
"Carsten Kober","Hamburger SV","1995-1995","1992-1995","start earlier"
"Miguel Francisco Pereira","FC Schalke 04","1996-1998","1993-1998","start earlier"
"Mark Kennedy","Wolves","2003-2003","2001-2005","start earlier"
"Mark Kennedy","Liverpool","1995-1997","1994-1997","start earlier"
"Danny Collins","West Ham","2012-2012","2011-2012","start earlier"
"Danny Collins","Sunderland","2005-2009","2004-2009","start earlier"
"Lewis Holtby","FC Schalke 04","2009-2012","2009-2009 + 2011-2012","stint split"
"Oliver Shenton","Chorley","2020-2024","2020-2020","end pulled in"
"James Weir","Hull City","2016-2018","2016-2017","end pulled in"
"Hervin Ongenda","Paris Saint Germain","2012-2015","2012-2013 + 2015-2015","stint split"
"Hervin Ongenda","Apollon Limassol","2022-2023","2022-2022","end pulled in"
"James Trafford","Burnley","2023-2023","2023-2024",""
"James Trafford","Bolton","2021-2021","2021-2022",""
"Davide Biondini","Genoa","2011-2013","2011-2011 + 2013-2013","stint split"
"Christian Benteke","Genk","2008-2011","2008-2008","end pulled in"
"Juan Merino","Real Betis","1995-2001","1994-2001","start earlier"
"Leighton Owen Clarkson","Blackpool","2026-2026","2025-2026","start earlier"
"Dan Potts","West Ham","2011-2014","2011-2011 + 2014-2014","stint split"
"Dan Potts","Luton","2015-2023","2015-2022","end pulled in"
"Dan Potts","Colchester","2012-2013","2012-2012","end pulled in"
"Petter Vaagan Moen","QPR","2010-2011","2010-2010","end pulled in"
"Derek Whyte","Middlesbrough","1995-1996","1992-1996","start earlier"
"Jores Okore","Aston Villa","2013-2015","2013-2016",""
"Maximilian Kilman","West Ham","2024-2025","2024-2026",""
"Carlos Vinícius","Standard Liege","2017-2018","2017-2017","end pulled in"
"Luke Moore","West Brom","2007-2008","2007-2009",""
"Valérien Ismaël","Strasbourg","1995-1997 + 2000-2002","1995-1997 + 2000-2000 + 2002-2002","stint split"
"Valérien Ismaël","Lens","1998-2001","1998-1999 + 2001-2001","stint split"
"Mario Mandzukic","Dinamo Zagreb","2007-2009","2007-2008","end pulled in"
"Alex Marrow","Crystal Palace","2010-2011","2010-2012",""
"Alex Marrow","Blackburn","2009-2009","2009-2013",""
"Carl Robinson","Sunderland","2005-2005","2003-2005","start earlier"
"Carl Robinson","Portsmouth","2003-2003","2002-2003","start earlier"
"Jay Lynch","Fleetwood Town","2022-2025","2022-2026",""
"Modibo Maïga","West Ham","2012-2015","2012-2013 + 2015-2015","stint split"
"Modibo Maïga","QPR","2014-2014","2013-2013","start earlier + end pulled in"
"Steve Mounié","Huddersfield","2017-2018","2017-2019",""
"Joe Aribo","Southampton","2022-2024","2022-2025",""
"Kenneth Zohore","Millwall","2020-2021","2020-2020","end pulled in"
"Kenneth Zohore","West Brom","2019-2021","2019-2019 + 2021-2021","stint split"
"Danny Mills","Charlton","1998-1998","1998-1998 + 2007-2007","stint split"
"Robert Hunt","Colchester","2022-2025","2022-2022 + 2024-2026","stint split"
"Robert Hunt","Leyton Orient","2023-2023","2022-2023","start earlier"
"John Egan","Crystal Palace","2012-2012","2011-2012","start earlier"
"Thomas James","Salford City","2021-2021","2020-2020","start earlier + end pulled in"
"Serhiy Dikhtiar","FC Schalke 04","1995-1995","1993-1995","start earlier"
"Victor Pálsson","Plymouth","2024-2024","2024-2025",""
"Callum Wright","Blackpool","2022-2023","2022-2022","end pulled in"
"Callum Wright","Cheltenham","2021-2021","2020-2021","start earlier"
"Harrison Sohna","Sunderland","2021-2023","2021-2022","end pulled in"
"Tomás Reñones","Atletico Madrid","1995-1995","1992-1995","start earlier"
"Martin Skrtel","Zenit","2005-2006","2005-2005","end pulled in"
"Dominic Thompson","Ipswich","2022-2022","2021-2021","start earlier + end pulled in"
"Dominic Thompson","Swindon Town","2021-2021","2020-2020","start earlier + end pulled in"
"Dominic Thompson","Blackpool","2022-2023","2022-2024",""
"Dominic Thompson","Forest Green","2024-2024","2023-2023","start earlier + end pulled in"
"Admiral Muskwe","Fleetwood Town","2022-2023","2022-2022","end pulled in"
"Admiral Muskwe","Swindon Town","2020-2020","2019-2019","start earlier + end pulled in"
"Admiral Muskwe","Luton","2021-2023","2021-2022","end pulled in"
"Admiral Muskwe","Exeter City","2023-2024","2023-2023","end pulled in"
"Paul Parker","Manchester United","1993-1995","1992-1995","start earlier"
"Dominik Livakovic","Dinamo Zagreb","2016-2025","2016-2023 + 2025-2025","stint split"
"Collin Quaner","Huddersfield","2016-2018","2016-2019",""
"Ben Tozer","Cheltenham","2018-2020","2018-2021",""
"Ben Tozer","Wrexham","2021-2022","2021-2023",""
"Gonzalo Ávila Gordon","West Brom","2023-2024","2023-2023","end pulled in"
"Gavin McGowan","Arsenal","1995-1997","1992-1997","start earlier"
"Mamadou Loum","Reading","2022-2023","2022-2022","end pulled in"
"Gary Breen","Sunderland","2005-2005","2003-2005","start earlier"
"Hayden Lindley","Aston Villa","2020-2022","2020-2021","end pulled in"
"Marlon Harewood","Wolves","2009-2009","2008-2008","start earlier + end pulled in"
"Marlon Harewood","West Ham","2005-2006","2003-2006","start earlier"
"Marlon Harewood","Bristol City","2013-2014","2013-2013","end pulled in"
"Lovre Kalinic","Aston Villa","2018-2019","2018-2018","end pulled in"
"Reece Burke","West Ham","2013-2016","2013-2017",""
"Reece Burke","Luton","2021-2023","2021-2024",""
"Dean Gordon","Crystal Palace","1997-1997","1992-1997","start earlier"
"Jason McCarthy","Millwall","2019-2020","2019-2019","end pulled in"
"Jason McCarthy","Wycombe","2015-2024","2015-2015 + 2018-2024","stint split"
"Conor Hourihane","Sheffield Utd","2021-2022","2021-2021","end pulled in"
"Conor Hourihane","Aston Villa","2017-2020","2016-2021","start earlier"
"Conor Hourihane","Derby","2022-2022","2022-2023",""
"Conor Hourihane","Swansea","2021-2021","2020-2020","start earlier + end pulled in"
"Conor Hourihane","Barnsley","2014-2024","2014-2016 + 2024-2024","stint split"
"Joseph Taylor","Huddersfield","2024-2025","2024-2026",""
"Joseph Taylor","Wigan","2026-2026","2025-2026","start earlier"
"Joseph Taylor","Peterborough","2021-2021","2021-2022",""
"Joseph Taylor","Luton","2022-2023","2022-2022 + 2024-2024","stint split"
"Joseph Taylor","Lincoln","2024-2024","2023-2023","start earlier + end pulled in"
"Ian Durrant","Rangers","1991-1996","1991-1993 + 1995-1996","stint split"
"Junichi Inamoto","West Brom","2004-2005","2004-2006",""
"Manel","Oviedo","1995-1998","1994-1998","start earlier"
"Conor Masterson","QPR","2019-2020","2019-2020 + 2022-2022","stint split"
"Conor Masterson","Swindon Town","2021-2021","2020-2020","start earlier + end pulled in"
"Conor Masterson","Cambridge United","2021-2022","2021-2021","end pulled in"
"Jordan Hugill","Cardiff","2022-2022","2021-2021","start earlier + end pulled in"
"Jordan Hugill","Preston","2014-2016","2014-2017",""
"Jordan Hugill","West Brom","2021-2022","2021-2021","end pulled in"
"Jordan Hugill","Norwich","2020-2021","2020-2020 + 2022-2022","stint split"
"Jordan Hugill","QPR","2019-2020","2019-2019","end pulled in"
"Jordan Hugill","Hartlepool","2015-2015","2014-2014","start earlier + end pulled in"
"Luke Woolfenden","Ipswich","2017-2024","2017-2025",""
"Luke Woolfenden","Swindon Town","2018-2019","2018-2018","end pulled in"
"Kyle Howkins","West Brom","2016-2016","2016-2018",""
"Kyle Howkins","Newport County","2019-2019","2019-2020",""
"Kyle Howkins","Hereford","2023-2024","2023-2023","end pulled in"
"Pierre Ekwah","Sunderland","2022-2023","2022-2024",""
"David Goodwillie","Blackburn","2011-2011","2011-2012",""
"David Goodwillie","Blackpool","2014-2014","2013-2013","start earlier + end pulled in"
"Jesús Vallejo","Real Madrid","2017-2018 + 2021-2024","2017-2018 + 2021-2022 + 2024-2024","stint split"
"Rhys Wright Bennett","Fleetwood Town","2024-2025","2024-2026",""
"Rhys Wright Bennett","Stockport County","2024-2024","2023-2023","start earlier + end pulled in"
"Harry Burgoyne","Wolves","2017-2017","2016-2017","start earlier"
"Harry Burgoyne","Barnet","2017-2017","2016-2016","start earlier + end pulled in"
"Mark Bunn","Aston Villa","2015-2015","2015-2018",""
"Mark Bunn","Northampton","2005-2007","2005-2008",""
"Kieran Tierney","Arsenal","2019-2024","2019-2022 + 2024-2024","stint split"
"Barry Bannan","Derby","2009-2009","2008-2008","start earlier + end pulled in"
"Barry Bannan","Sheffield Wednesday","2015-2024","2015-2026",""
"Christian Saydee","Bournemouth","2019-2021","2019-2022",""
"Christian Saydee","Burton Albion","2022-2022","2021-2021","start earlier + end pulled in"
"Tom Cleverley","Watford","2008-2021","2008-2009 + 2016-2022","stint split"
"Kevin Pilkington","Manchester United","1995-1997","1994-1997","start earlier"
"Gary Walsh","Manchester United","1994-1994","1993-1994","start earlier"
"Aron Gunnarsson","Coventry","2008-2009","2008-2010",""
"Besart Ibraimi","Struga","2022-2023","2022-2024",""
"Domi Kumbela","Eintracht Braunschweig","2009-2018","2009-2013","end pulled in"
"Pelé","West Brom","2008-2008","2007-2008","start earlier"
"Andrea Poli","Sampdoria","2007-2012","2007-2010 + 2012-2012","stint split"
"Niall Ennis","Blackburn","2023-2024","2023-2023","end pulled in"
"Niall Ennis","Stoke City","2023-2023","2023-2024",""
"Niall Ennis","Blackpool","2024-2025","2024-2026",""
"Víctor","Tenerife","1995-1995","1994-1995","start earlier"
"Jon Aurtenetxe","Athletic Club","2009-2014","2009-2012 + 2014-2014","stint split"
"Houssem Aouar","AS Roma","2023-2024","2023-2023","end pulled in"
"Rafael Alkorta","Athletic Club","1997-2001","1992-1992 + 1997-2001","start earlier + stint split"
"Rafael Alkorta","Real Madrid","1995-1996","1993-1996","start earlier"
"Nabil Bentaleb","FC Schalke 04","2016-2020","2016-2018 + 2020-2020","stint split"
"Lewis Orford","West Ham","2024-2025","2024-2026",""
"Juan Bernat","Paris Saint Germain","2018-2024","2018-2022","end pulled in"
"Robbie Fowler","Liverpool","1995-2001 + 2005-2006","1993-2001 + 2005-2006","start earlier"
"Niclas Jensen","Manchester City","2002-2002","2001-2002","start earlier"
"Ioannis Amanatidis","Eintracht Frankfurt","2003-2009","2003-2003 + 2005-2009","stint split"
"Hamza Dewan Choudhury","Watford","2022-2023","2022-2022","end pulled in"
"Hamza Dewan Choudhury","Leicester","2016-2025","2016-2021 + 2023-2026","stint split"
"Hamza Dewan Choudhury","Sheffield Utd","2025-2025","2024-2025","start earlier"
"Andrea Badan","Oldham","2020-2021","2020-2020","end pulled in"
"Marco Weißhaupt","Hamburger SV","1995-1995","1994-1995","start earlier"
"Danny Fox","Burnley","2009-2009","2009-2011",""
"Danny Fox","Wigan","2018-2019","2018-2020",""
"Danny Fox","Walsall","2005-2006","2005-2007",""
"Chris Iwelumo","Wolves","2009-2009","2008-2009","start earlier"
"Paul Rideout","Everton","1995-1996","1992-1996","start earlier"
"Mike Trésor Ndayishimiye","Burnley","2023-2025","2023-2026",""
"Mike Trésor Ndayishimiye","NEC Nijmegen","2018-2018","2018-2020",""
"Francisco Copado","Hamburger SV","1995-1995","1993-1995","start earlier"
"Gianluca Pagliuca","Sampdoria","1991-1991","1991-1993",""
"Gianluca Pagliuca","Inter","1996-1998","1994-1998","start earlier"
"Pizzi","SC Braga","2010-2023","2010-2011 + 2023-2023","stint split"
"Cameron Carter-Vickers","Bournemouth","2020-2021","2020-2020","end pulled in"
"Mark Hudson","Huddersfield","2014-2017","2005-2006 + 2014-2016","start earlier + end pulled in + stint split"
"Mark Hudson","Crystal Palace","2004-2004","2003-2007","start earlier"
"Fitz Hall","Newcastle","2010-2010","2009-2009","start earlier + end pulled in"
"Fitz Hall","Crystal Palace","2004-2004","2004-2005",""
"Neil Taylor","Middlesbrough","2021-2022","2021-2021","end pulled in"
"Neil Taylor","Wrexham","2009-2009","2007-2007","start earlier + end pulled in"
"Alberto Martínez Díaz","Oviedo","1995-1998","1992-1998","start earlier"
"Jordan Spence","West Ham","2008-2012","2008-2009 + 2012-2012","stint split"
"Jordan Spence","Bristol City","2011-2011","2010-2011","start earlier"
"Jordan Spence","Leyton Orient","2007-2007","2007-2008",""
"Jordan Teze","PSV Eindhoven","2018-2023","2018-2024",""
"Liam Moore","Brentford","2013-2013","2012-2014","start earlier"
"Liam Moore","Bristol City","2015-2016","2015-2015","end pulled in"
"Liam Moore","Stoke City","2022-2022","2021-2021","start earlier + end pulled in"
"Jóhann Guðmunds­son","Burnley","2016-2023","2016-2024",""
"Sylvan Ebanks-Blake","Wolves","2007-2011","2007-2012",""
"Sylvan Ebanks-Blake","Shrewsbury","2016-2017","2016-2016","end pulled in"
"Gökhan Inler","Beşiktaş","2016-2024","2016-2017","end pulled in"
"Gerard Piqué","Manchester United","2004-2007","2004-2005 + 2007-2007","stint split"
"Rob Lee","Newcastle","1995-2001","1993-2001","start earlier"
"Vito Mannone","Arsenal","2006-2012","2006-2009 + 2011-2012","stint split"
"Vito Mannone","Hull City","2010-2012","2010-2011","end pulled in"
"Jack Clarke","QPR","2020-2020","2019-2019","start earlier + end pulled in"
"Jack Clarke","Stoke City","2021-2021","2020-2020","start earlier + end pulled in"
"Jack Clarke","Sunderland","2021-2023","2021-2024",""
"Tal Ben Haim","Portsmouth","2009-2009","2009-2009 + 2011-2011","stint split"
"Angelos Charisteas","1. FC Nürnberg","2007-2009","2007-2007 + 2009-2009","stint split"
"Dario Knežević","Livorno","2006-2009","2006-2007 + 2009-2009","stint split"
"Zak Brunt","Sheffield Utd","2020-2020","2020-2021",""
"Zak Brunt","Boreham Wood","2022-2022","2022-2022 + 2025-2025","stint split"
"Matías Soulé","AS Roma","2022-2025","2022-2022 + 2024-2025","stint split"
"Didier Deschamps","Juventus","1995-1998","1994-1998","start earlier"
"Scott Banks","Barnsley","2026-2026","2025-2026","start earlier"
"Jason Roberts","West Brom","2002-2002","2001-2002","start earlier"
"Edward Francis","Notts County","2021-2021","2021-2022",""
"Daniele Berretta","Cagliari","1996-1999","1994-1999","start earlier"
"Daniele Berretta","AS Roma","1996-1996","1993-1993 + 1996-1996","start earlier + stint split"
"Hayden Mullins","West Ham","2005-2008","2003-2008","start earlier"
"Hayden Mullins","Portsmouth","2008-2009","2008-2011",""
"Gassan Yahyai","Ipswich","2022-2023","2022-2022","end pulled in"
"Gassan Yahyai","Burton Albion","2021-2021","2021-2022",""
"Gassan Yahyai","Charlton","2022-2025","2022-2022 + 2024-2025","stint split"
"Alex Král","Union Berlin","2023-2025","2023-2023 + 2025-2025","stint split"
"Amauri","Parma","2010-2014","2010-2010 + 2012-2014","stint split"
"Lee Grant","Burnley","2005-2012","2005-2005 + 2010-2012","stint split"
"Lee Grant","Derby","2006-2015","2002-2004 + 2006-2006 + 2013-2015","start earlier + stint split"
"Jack O'Connell","Blackburn","2013-2013","2013-2014",""
"Jack O'Connell","Rochdale","2013-2013","2013-2014",""
"Marcus Forss","Middlesbrough","2022-2024","2022-2025",""
"Marcus Forss","AFC Wimbledon","2019-2020","2019-2019","end pulled in"
"Daniele Rugani","Juventus","2012-2025","2012-2019 + 2021-2023 + 2025-2025","stint split"
"Micah Hamilton","Stockport County","2025-2025","2024-2025","start earlier"
"Felipe Miñambres","Tenerife","1995-1998","1992-1998","start earlier"
"Connor Randall","Liverpool","2014-2015","2014-2016",""
"Connor Randall","Shrewsbury","2015-2015","2014-2014","start earlier + end pulled in"
"Patrik Gunnarsson","Brentford","2018-2019","2018-2018","end pulled in"
"Patrik Gunnarsson","Southend","2020-2020","2019-2019","start earlier + end pulled in"
"Mads Hermansen","West Ham","2025-2025","2025-2026",""
"Raúl","Real Madrid","1995-2009","1994-2009","start earlier"
"Caleb Taylor","Millwall","2025-2025","2025-2026",""
"Caleb Taylor","West Brom","2020-2024","2020-2021 + 2023-2025","stint split"
"Caleb Taylor","Bolton","2024-2024","2023-2023","start earlier + end pulled in"
"Steve Potts","West Ham","1995-2000","1993-2000","start earlier"
"Cleto Polonia","Piacenza","1996-1999","1993-1999","start earlier"
"Shaun MacDonald","Crewe","2021-2022","2021-2021","end pulled in"
"Shaun MacDonald","Yeovil Town","2010-2010","2008-2010","start earlier"
"Kayne Ramsay","Southampton","2018-2018","2018-2018 + 2020-2020","stint split"
"Kayne Ramsay","Shrewsbury","2020-2020","2019-2019","start earlier + end pulled in"
"Kayne Ramsay","Crewe","2021-2022","2021-2021","end pulled in"
"Kayne Ramsay","Harrogate Town","2022-2022","2022-2023",""
"Nathan Delfouneso","Burnley","2011-2011","2010-2011","start earlier"
"Nathan Delfouneso","Blackburn","2015-2016","2015-2015","end pulled in"
"Nathan Delfouneso","Bolton","2020-2020","2020-2021",""
"Nathan Delfouneso","Swindon Town","2016-2017","2016-2016","end pulled in"
"Nathan Delfouneso","Blackpool","2012-2019","2012-2014 + 2016-2019","stint split"
"Giuseppe Signori","Lazio","1996-1997","1992-1997","start earlier"
"Jack Harrison","Middlesbrough","2018-2018","2017-2018","start earlier"
"Gaël Bigirimana","Coventry","2010-2016","2010-2011 + 2015-2016","stint split"
"Gaël Bigirimana","Glentoran","2020-2021","2020-2020","end pulled in"
"Tommi O'Reilly","Milton Keynes Dons","2025-2025","2024-2025","start earlier"
"Albert Adomah","Cardiff","2020-2020","2019-2019","start earlier + end pulled in"
"Albert Adomah","Barnet","2008-2009","2007-2009","start earlier"
"Alex Telles","FC Porto","2016-2019","2016-2020",""
"Alex Telles","Inter","2015-2016","2015-2015","end pulled in"
"Alex Telles","Al-Nassr","2023-2023","2023-2024",""
"Valdas Ivanauskas","Hamburger SV","1995-1996","1993-1996","start earlier"
"Francisco Jorge Tavares Oliveira","Wolves","2021-2024","2021-2021 + 2024-2024","stint split"
"Graeme Le Saux","Chelsea","1997-2002","1992-1992 + 1997-2002","start earlier + stint split"
"Graeme Le Saux","Blackburn","1995-1996","1992-1996","start earlier"
"Sean Maguire","Preston","2018-2021","2017-2022","start earlier"
"Edvinas Gertmonas","FK Zalgiris Vilnius","2020-2022","2020-2023",""
"Scott Parker","Fulham","2013-2017","2013-2016","end pulled in"
"Emre Mor","Celta Vigo","2017-2020","2017-2018 + 2020-2020","stint split"
"Tristan Crama","Bristol Rovers","2023-2024","2023-2023","end pulled in"
"Andrea Favilli","Genoa","2018-2021","2018-2019 + 2021-2021","stint split"
"Joseph Williams","Bristol City","2020-2025","2020-2026",""
"Emiliano Marcondes","Brentford","2019-2020","2017-2020","start earlier"
"Bruno Fernandes","Sampdoria","2016-2017","2016-2016","end pulled in"
"Nathan Baxter","Watford","2022-2025","2022-2022 + 2025-2025","stint split"
"Nathan Baxter","Hull City","2021-2021","2021-2022",""
"Nathan Baxter","Accrington ST","2020-2021","2020-2020","end pulled in"
"Chris Baird","Watford","2004-2004","2003-2003","start earlier + end pulled in"
"Jonas Lössl","Huddersfield","2017-2018","2017-2019",""
"Mame Diouf","Stoke City","2014-2017","2014-2019",""
"Michael Hughes","West Ham","1995-1997","1994-1997","start earlier"
"Michael Hughes","Crystal Palace","2004-2004","2003-2006","start earlier"
"Jérémy Ménez","Club America","2017-2018","2017-2017","end pulled in"
"Stephy Mavididi","Leicester","2023-2025","2023-2026",""
"Stephy Mavididi","Charlton","2017-2017","2016-2017","start earlier"
"Corey Blackett-Taylor","Derby","2023-2024","2023-2026",""
"Corey Blackett-Taylor","Charlton","2021-2022","2021-2023",""
"Ethan Hamilton","Bolton","2020-2020","2019-2019","start earlier + end pulled in"
"Ethan Hamilton","Rochdale","2019-2019","2018-2018","start earlier + end pulled in"
"Ethan Hamilton","Peterborough","2020-2020","2020-2021",""
"Ethan Hamilton","Lincoln","2023-2024","2023-2025",""
"Christophe Berra","Wolves","2009-2011","2008-2012","start earlier"
"Philippe Albert","Newcastle","1995-1998","1994-1998","start earlier"
"Damien Delaney","Hull City","2005-2006","2002-2007","start earlier"
"Yakubu Aiyegbeni","Portsmouth","2003-2004","2002-2004","start earlier"
"Marc Pugh","Bournemouth","2010-2017","2010-2018",""
"Marc Pugh","Hull City","2019-2019","2018-2018","start earlier + end pulled in"
"Marc Pugh","Shrewsbury","2007-2020","2007-2008 + 2020-2020","stint split"
"Marc Pugh","Hereford United","2009-2009","2008-2009","start earlier"
"Antonio German","Brentford","2011-2011","2011-2012",""
"Antonio German","Northampton","2014-2014","2013-2013","start earlier + end pulled in"
"Antonio German","Yeovil Town","2011-2011","2010-2010","start earlier + end pulled in"
"Djavan Anderson","Oxford United","2022-2023","2022-2022","end pulled in"
"Callum Doyle","Leicester","2023-2024","2023-2023","end pulled in"
"Callum Doyle","Wrexham","2025-2025","2025-2026",""
"Henry Wise","Watford","2019-2020","2019-2019","end pulled in"
"Jacob Wright","Norwich","2024-2025","2024-2026",""
"James Keene","Portsmouth","2004-2004","2004-2004 + 2012-2012","stint split"
"Antoine Semenyo","Bristol City","2017-2021","2017-2022",""
"Antoine Semenyo","Sunderland","2020-2020","2019-2019","start earlier + end pulled in"
"Antoine Semenyo","Bath City","2018-2018","2017-2018","start earlier"
"Issiaga Sylla","Toulouse","2012-2019 + 2022-2022","2012-2014 + 2016-2019 + 2022-2022","stint split"
"Abdou Traoré","Bordeaux","2007-2016","2007-2009 + 2011-2016","stint split"
"Juanjo Expósito","Racing Santander","2004-2009","2004-2006 + 2008-2009","stint split"
"Saïd Benrahma","Brentford","2018-2019","2018-2020",""
"Dominic Samuel","Reading","2012-2012","2012-2016",""
"Dominic Samuel","Blackburn","2017-2018","2017-2019",""
"Dominic Samuel","Coventry","2015-2015","2014-2014","start earlier + end pulled in"
"Dominic Samuel","Gillingham","2015-2020","2015-2015 + 2020-2020","stint split"
"Dominic Samuel","Colchester","2013-2013","2012-2013","start earlier"
"Steven Alzate","Brighton","2019-2021","2019-2022",""
"Samuel Field","West Brom","2015-2020","2015-2017 + 2020-2020","stint split"
"Samuel Field","Norwich","2025-2025","2025-2026",""
"Samuel Field","QPR","2020-2024","2020-2025",""
"Francisco Júnior","Port Vale","2015-2015","2014-2015","start earlier"
"Gaizka Mendieta","Valencia","1995-2000","1992-2000","start earlier"
"Rafael","Cagliari","2015-2019","2015-2017 + 2019-2019","stint split"
"Reece Devine","Swindon Town","2022-2023","2022-2022","end pulled in"
"Ryan Sessegnon","Tottenham","2019-2022","2019-2019 + 2021-2023","stint split"
"Ismeal Kabia","Arsenal","2026-2026","2024-2026","start earlier"
"Ferhan Hasani","Shkendija","2010-2022","2010-2011 + 2015-2017","end pulled in + stint split"
"Aaron Pressley","Brentford","2020-2021","2020-2020","end pulled in"
"Aaron Pressley","AFC Wimbledon","2021-2022","2021-2021","end pulled in"
"Aaron Pressley","Walsall","2025-2025","2025-2026",""
"Aaron Pressley","Stevenage","2023-2023","2023-2024",""
"Filip Marschall","Milton Keynes Dons","2024-2024","2023-2023","start earlier + end pulled in"
"Filip Marschall","Stevenage","2025-2025","2025-2026",""
"Armando Broja","Burnley","2025-2025","2025-2026",""
"Stefan Lainer","FC Liefering","2012-2013","2012-2014",""
"Stuart Parnaby","Middlesbrough","2002-2013","2002-2006 + 2012-2013","stint split"
"José Manuel Yanguas","Osasuna","2000-2002","1993-2002","start earlier"
"Callum Whelan","Gateshead","2022-2023","2022-2024",""
"Callum Whelan","Solihull Moors","2022-2023","2022-2022","end pulled in"
"Romaric","KSK Beveren","2004-2005","2004-2004","end pulled in"
"Caleb Wiley","Watford","2025-2025","2024-2025","start earlier"
"Sherjill MacDonald","West Brom","2008-2008","2006-2008","start earlier"
"Jordan Ayew","Aston Villa","2015-2015","2015-2016",""
"Marco Borriello","AC Milan","2002-2003 + 2006-2010","2002-2003 + 2006-2006 + 2008-2010","stint split"
"Marco Borriello","Genoa","2007-2007 + 2012-2014","2007-2007 + 2012-2012 + 2014-2014","stint split"
"Marco Borriello","AS Roma","2010-2013","2010-2011 + 2013-2013","stint split"
"Gary Borrowdale","Crystal Palace","2004-2004","2002-2006","start earlier"
"Chendo","Real Madrid","1995-1997","1992-1997","start earlier"
"Vladimir Beschastnykh","Werder Bremen","1995-1996","1994-1996","start earlier"
"Antonio Poyatos","Valencia","1995-1996","1994-1996","start earlier"
"Marko Bakic","Mogren","2010-2012","2010-2011","end pulled in"
"Rui Fonte","Fulham","2018-2018","2017-2018","start earlier"
"Rui Fonte","Crystal Palace","2009-2009","2008-2008","start earlier + end pulled in"
"Rui Fonte","SC Braga","2015-2019","2015-2017 + 2019-2019","stint split"
"Óscar Rodríguez","Getafe","2021-2023","2021-2021 + 2023-2023","stint split"
"Milan Baros","Czechia","2004-2012","2004-2011","end pulled in"
"Casey Pettit","Rochdale","2025-2025","2025-2026",""
"Casey Pettit","Maidenhead","2023-2024","2023-2023","end pulled in"
"Charles Goode","Sheffield Utd","2022-2022","2021-2021","start earlier + end pulled in"
"Charles Goode","Blackpool","2023-2023","2022-2022","start earlier + end pulled in"
"Darren Ward","Watford","1999-1999","1999-2001 + 2008-2008","stint split"
"Darren Ward","Sunderland","2007-2007","2006-2007","start earlier"
"David Hillier","Arsenal","1995-1996","1992-1996","start earlier"
"Stuart Nethercott","Tottenham","1995-1996","1992-1996","start earlier"
"Bob Taylor","West Brom","2002-2002","2001-2002","start earlier"
"Bas Dost","Sporting CP","2016-2018","2016-2019",""
"Bas Dost","NEC Nijmegen","2023-2024","2023-2023","end pulled in"
"Luke Garbutt","Colchester","2013-2014","2013-2013","end pulled in"
"Andy Wilkinson","Stoke City","2005-2013","2003-2003 + 2005-2014","start earlier + stint split"
"Andy Wilkinson","Shrewsbury","2005-2005","2004-2004","start earlier + end pulled in"
"Dominic Foley","Watford","1999-1999","1999-2002",""
"Thomas Puschmann","MSV Duisburg","1996-1997","1994-1997","start earlier"
"Sam Byram","Norwich","2019-2021","2019-2022",""
"Alex Bruce","Hull City","2012-2014","2012-2015",""
"Ravel Morrison","West Ham","2011-2014","2011-2011 + 2013-2014","stint split"
"Ravel Morrison","Middlesbrough","2020-2020","2019-2019","start earlier + end pulled in"
"Ravel Morrison","QPR","2013-2016","2013-2013 + 2016-2016","stint split"
"Damien Francis","Watford","2006-2006","2006-2008",""
"Mbaye Diagne","Galatasaray","2018-2021","2018-2018 + 2020-2021","stint split"
"Rhys Williams","Swansea","2021-2022","2021-2021","end pulled in"
"Rhys Williams","Blackpool","2022-2023","2022-2022","end pulled in"
"Josh Onomah","Preston","2022-2023","2022-2022","end pulled in"
"Jacob Blyth","Burton Albion","2012-2014","2012-2012 + 2014-2014","stint split"
"Jacob Blyth","Blackpool","2016-2016","2015-2015","start earlier + end pulled in"
"Jacob Blyth","Notts County","2013-2013","2012-2012","start earlier + end pulled in"
"Ryan Edmondson","Fleetwood Town","2021-2022","2021-2021","end pulled in"
"Ryan Edmondson","Carlisle","2022-2022","2022-2023",""
"Ezequiel Schelotto","Brighton","2017-2019","2017-2017 + 2019-2019","stint split"
"Gonçalo Guedes","Wolves","2022-2024","2022-2022 + 2024-2024","stint split"
"Gonçalo Guedes","Benfica","2014-2016 + 2022-2022","2014-2016 + 2022-2023",""
"Nicky Butt","Manchester United","1994-2003","1992-2003","start earlier"
"Nicky Butt","Newcastle","2004-2008","2004-2004 + 2006-2008","stint split"
"Kelland Watts","Wigan","2021-2021","2021-2021 + 2023-2023","stint split"
"Kelland Watts","Peterborough","2022-2023","2022-2022","end pulled in"
"Kelland Watts","Stevenage","2019-2020","2019-2019","end pulled in"
"Kelland Watts","Cambridge United","2023-2025","2023-2026",""
"Kelland Watts","Mansfield Town","2020-2020","2019-2019","start earlier + end pulled in"
"Brian Brobbey","RB Leipzig","2021-2022","2021-2021","end pulled in"
"Jeremiah St. Juste","Feyenoord","2017-2019","2017-2019 + 2025-2025","stint split"
"Robin Olsen","Sheffield Utd","2021-2022","2021-2021","end pulled in"
"Zack Steffen","Middlesbrough","2022-2023","2022-2022","end pulled in"
"Juan José Valencia","Athletic Club","1995-1998","1992-1998","start earlier"
"Damià Abella","Middlesbrough","2014-2016","2014-2014","end pulled in"
"Gareth Bale","Real Madrid","2013-2021","2013-2019 + 2021-2021","stint split"
"Shola Shoretire","Bolton","2023-2023","2022-2022","start earlier + end pulled in"
"Shaqai Forde","Bristol Rovers","2023-2025","2023-2026",""
"Shaqai Forde","Leyton Orient","2023-2024","2023-2023","end pulled in"
"Thierry Small","Preston","2025-2025","2025-2026",""
"Louie Copley","Crawley Town","2026-2026","2025-2026","start earlier"
"Reece Belfield Welch","Everton","2020-2025","2020-2022 + 2025-2025","stint split"
"Reece Belfield Welch","Forest Green","2023-2024","2023-2023","end pulled in"
"Bilal El Khannouss","Leicester","2024-2024","2024-2025",""
"Jeroen Boere","West Ham","1995-1995","1993-1995","start earlier"
"Dieter Frey","Bayern München","1994-1995","1993-1995","start earlier"
"Jaden Heskey","Sheffield Wednesday","2026-2026","2025-2026","start earlier"
"Kyle Naughton","Middlesbrough","2010-2010","2009-2010","start earlier"
"Kyle Naughton","Swansea","2014-2017","2014-2017 + 2019-2024","stint split"
"Morten Hjulmand","Admira Wacker","2018-2019","2018-2020",""
"Chris Riggott","Middlesbrough","2002-2008","2002-2009",""
"Eric Lichaj","Leyton Orient","2010-2010","2009-2010","start earlier"
"Joel Obi","Inter","2009-2014","2009-2012 + 2014-2014","stint split"
"Adama Traoré","Aston Villa","2015-2015","2015-2016",""
"Adam Lewis","Liverpool","2021-2021","2019-2019","start earlier + end pulled in"
"Adam Lewis","Plymouth","2021-2021","2020-2020","start earlier + end pulled in"
"Adam Lewis","Newport County","2022-2022","2022-2023",""
"Cathal Heffernan","Harrogate Town","2026-2026","2025-2026","start earlier"
"Adam Federici","Reading","2006-2012","2006-2014",""
"Oliver Sonne","Burnley","2024-2025","2024-2026",""
"Denis Irwin","Manchester United","1993-2001","1992-2001","start earlier"
"Denis Irwin","Wolves","2003-2003","2002-2003","start earlier"
"Dael Fry","Rotherham","2016-2017","2016-2016","end pulled in"
"Sergiño Dest","Ajax","2019-2019","2019-2020",""
"Sergiño Dest","AC Milan","2022-2023","2022-2022","end pulled in"
"Marc Rieper","West Ham","1995-1997","1994-1997","start earlier"
"Tom Soares","Crystal Palace","2004-2004","2004-2008",""
"Tom Soares","Charlton","2009-2009","2008-2009","start earlier"
"Tom Soares","Bury","2012-2015","2012-2016",""
"Josip Stanisic","Bayern München","2018-2025","2018-2022 + 2024-2025","stint split"
"Kevin Campbell","Arsenal","1991-1991","1991-1994",""
"Dario Marcolin","Lazio","1996-1999","1992-1993 + 1996-1997 + 1999-1999","start earlier + stint split"
"Angelo Peruzzi","Juventus","1995-1998","1992-1998","start earlier"
"Manuel Belleri","Lazio","2005-2008","2005-2006 + 2008-2008","stint split"
"Aji Alese","Cambridge United","2021-2021","2020-2020","start earlier + end pulled in"
"Stephen Hunt","Wolves","2010-2011","2010-2012",""
"Stephen Hunt","Reading","2005-2007","2005-2008",""
"Stephen Hunt","Brentford","2001-2005","2001-2004","end pulled in"
"Milorad Ratković","Celta Vigo","1995-1997","1992-1997","start earlier"
"Pierre Ducasse","Bordeaux","2005-2010","2005-2008 + 2010-2010","stint split"
"Marco Motta","Udinese","2005-2008","2005-2006 + 2008-2008","stint split"
"Piotr Zielinski","Inter","2022-2025","2022-2022 + 2024-2025","stint split"
"Piotr Reiss","Hertha BSC","1998-2000","1998-1998 + 2000-2000","stint split"
"Pablo Galdames","Genoa","2021-2023","2021-2021 + 2023-2023","stint split"
"Carl Rushworth","Swansea","2023-2024","2023-2023","end pulled in"
"José Chamot","Lazio","1996-1997","1994-1997","start earlier"
"Souleymane Diamoutèné","Lecce","2004-2010","2004-2008 + 2010-2010","stint split"
"Amos Nasha","Hayes & Yeading United","2020-2024","2020-2021","end pulled in"
"Genar Andrinúa","Athletic Club","1995-1996","1992-1996","start earlier"
"Juan Carlos Paredes","Watford","2014-2015","2014-2016",""
"Delfí Geli","Atletico Madrid","1995-1998","1994-1998","start earlier"
"Warren Cummings","Bournemouth","2008-2016","2002-2016","start earlier"
"Terry Phelan","Manchester City","1995-1995","1992-1995","start earlier"
"Nordin Amrabat","Hull City","2025-2025","2024-2025","start earlier"
"Mateus Fernandes","Sporting CP","2022-2023","2022-2022 + 2024-2024","stint split"
"Mateus Fernandes","Estoril","2023-2024","2023-2023","end pulled in"
"Davy Pröpper","Vitesse","2009-2024","2009-2014 + 2022-2023","end pulled in + stint split"
"Jack Grimmer","Fulham","2012-2012","2012-2016",""
"Jermain Defoe","West Ham","2000-2002","2000-2003",""
"Jermain Defoe","Sunderland","2014-2016","2014-2016 + 2021-2021","stint split"
"Joshua Hunt-Laurent","Burnley","2024-2025","2024-2026",""
"Joshua Hunt-Laurent","Stoke City","2022-2023","2022-2024",""
"Darwin Machís","Valladolid","2022-2024","2022-2022 + 2024-2024","stint split"
"Marco Lanna","AS Roma","1996-1996","1993-1996","start earlier"
"Marco Lanna","Sampdoria","1991-1991","1991-1992",""
"Serge Gakpé","Apollon Limassol","2019-2020","2019-2019","end pulled in"
"Conor Chaplin","Ipswich","2021-2024","2021-2025",""
"Conor Chaplin","Coventry","2018-2019","2018-2018","end pulled in"
"Conor Chaplin","Portsmouth","2014-2025","2014-2018 + 2025-2025","stint split"
"Alberto Gilardino","Genoa","2011-2013","2011-2011 + 2013-2013","stint split"
"Keven Schlotterbeck","SC Freiburg","2018-2022","2018-2018 + 2020-2022","stint split"
"James Balagizi","Wigan","2023-2024","2023-2023","end pulled in"
"James Balagizi","Crawley Town","2022-2023","2022-2022","end pulled in"
"Adel Taarabt","QPR","2008-2014","2008-2012 + 2014-2014","stint split"
"Darren Caskey","Tottenham","1995-1995","1993-1995","start earlier"
"David Marshall","Hull City","2016-2016","2016-2018",""
"Toby Alderweireld","Ajax","2008-2012","2008-2013",""
"Victor Moses","Chelsea","2012-2012 + 2016-2019","2012-2012 + 2016-2018","end pulled in"
"Victor Moses","Crystal Palace","2007-2008","2007-2009",""
"Nathaniel Chalobah","Watford","2012-2019","2012-2012 + 2017-2020","stint split"
"Nathaniel Chalobah","Reading","2015-2015","2014-2014","start earlier + end pulled in"
"Nathaniel Chalobah","West Brom","2022-2022","2022-2023",""
"Nathaniel Chalobah","Middlesbrough","2014-2014","2013-2013","start earlier + end pulled in"
"Miguel Hernández","Espanyol","1995-1995","1994-1995","start earlier"
"Fikayo Tomori","Chelsea","2015-2020","2015-2015 + 2019-2020","stint split"
"Fikayo Tomori","Brighton","2017-2017","2016-2017","start earlier"
"Fikayo Tomori","Derby","2018-2019","2018-2018","end pulled in"
"Miguel Ángel Guerrero","Nottingham Forest","2020-2021","2020-2020","end pulled in"
"Miguel Ángel Guerrero","Leganes","2016-2019","2016-2017 + 2019-2019","stint split"
"Sanchez Watt","Crawley Town","2011-2016","2011-2011 + 2016-2016","stint split"
"John Oster","Reading","2006-2007","2005-2007","start earlier"
"John Oster","Sunderland","1999-2002","1999-2000 + 2002-2004","stint split"
"Issah Abass","FSV Mainz 05","2018-2020","2018-2018 + 2020-2020","stint split"
"Muamer Tankovic","Pafos","2022-2023","2022-2025",""
"Eliaquim Mangala","Manchester City","2014-2017","2014-2015 + 2017-2017","stint split"
"Charlie Hughes","Wigan","2021-2023","2021-2024",""
"Kian Breckin","Wycombe","2023-2024","2023-2023","end pulled in"
"Louie Barry","Aston Villa","2020-2022","2020-2020","end pulled in"
"Louie Barry","Milton Keynes Dons","2022-2023","2022-2022","end pulled in"
"Louie Barry","Salford City","2023-2023","2022-2022","start earlier + end pulled in"
"William Keane","Preston","2015-2024","2015-2025",""
"Markus Henriksen","Hull City","2016-2016","2016-2018",""
"Harry Gray","Swindon Town","2023-2024","2023-2023","end pulled in"
"Cameron Howieson","Burnley","2011-2014","2011-2011","end pulled in"
"Adrian Mariappa","Watford","2005-2006 + 2016-2019","2005-2011 + 2016-2019",""
"Alex Kirk","Bromley","2023-2024","2023-2023","end pulled in"
"Joseph Walsh","Lincoln","2020-2023","2020-2022","end pulled in"
"Noel Hunt","Reading","2009-2012","2008-2011","start earlier + end pulled in"
"Émerson","AS Roma","2000-2003","2000-2000","end pulled in"
"Émerson","Deportivo La Coruna","2000-2001","2000-2000","end pulled in"
"Paul McDonald","Southampton","1995-1995","1994-1995","start earlier"
"Grant Leadbitter","Middlesbrough","2012-2016","2012-2018",""
"Grant Leadbitter","Sunderland","2005-2009","2005-2009 + 2018-2020","stint split"
"Massimo Oddo","AC Milan","2006-2010","2006-2007 + 2009-2010","stint split"
"Saša Ilić","Charlton","1998-2000","1998-1998 + 2000-2000","stint split"
"Daniel Lønne Iversen","Preston","2020-2025","2020-2021 + 2025-2026","stint split"
"Daniel Lønne Iversen","Stoke City","2023-2024","2023-2023","end pulled in"
"Ethan Ennis","Doncaster","2025-2025","2024-2025","start earlier"
"Andreas Weimann","Watford","2011-2011","2010-2011","start earlier"
"Andreas Weimann","Wolves","2017-2017","2016-2016","start earlier + end pulled in"
"Andreas Weimann","West Brom","2024-2024","2023-2023","start earlier + end pulled in"
"Andreas Weimann","Derby","2015-2017","2015-2017 + 2025-2025","stint split"
"Patrick van Aanholt","Newcastle","2010-2010","2009-2010","start earlier"
"Sam Vokes","Wolves","2008-2011","2008-2009 + 2011-2011","stint split"
"Sam Vokes","Brighton","2012-2012","2011-2011","start earlier + end pulled in"
"Tom Thorpe","Rotherham","2015-2015","2015-2016",""
"Wojciech Szczęsny","Brentford","2009-2010","2009-2009","end pulled in"
"Connor Ogilvie","Stevenage","2015-2015","2015-2016",""
"Maor Melikson","Hapoel Beer Sheva","2014-2019","2014-2018","end pulled in"
"Dean Sturridge","Wolves","2003-2003","2001-2004","start earlier"
"Emmanuel Emegha","Sparta Rotterdam","2020-2020","2020-2021",""
"Julen Lopetegui","Barcelona","1995-1995","1994-1995","start earlier"
"Jared Hodgkiss","West Brom","2005-2005","2005-2007",""
"Alfie McCalmont","Leeds","2019-2020","2019-2019","end pulled in"
"Suk-Young Yun","QPR","2013-2014","2013-2015",""
"Suk-Young Yun","Charlton","2016-2016","2015-2015","start earlier + end pulled in"
"Gianni Zuiverloon","West Brom","2008-2008","2008-2009",""
"Moise Kean","Juventus","2016-2018 + 2021-2023","2016-2016 + 2018-2018 + 2021-2023","stint split"
"Moise Kean","Fiorentina","2022-2025","2022-2022 + 2024-2025","stint split"
"Yannick Fischer","Marseille","1997-1999","1997-1997 + 1999-1999","stint split"
"Luka Sucic","FC Liefering","2018-2019","2018-2020",""
"Winston Reid","Brentford","2021-2021","2020-2020","start earlier + end pulled in"
"Kayden Jackson","Derby","2024-2024","2024-2025",""
"Kayden Jackson","Bradford","2025-2025","2025-2026",""
"José Enrique","Liverpool","2011-2014","2011-2015",""
"Sebastián Coates","Sunderland","2014-2016","2014-2015","end pulled in"
"Imari Samuels","Brighton","2022-2023","2022-2024",""
"Imari Samuels","Fleetwood Town","2024-2024","2023-2023","start earlier + end pulled in"
"Paul Dickov","Arsenal","1995-1996","1992-1996","start earlier"
"Paul Dickov","Manchester City","2000-2000 + 2006-2006","2000-2001 + 2006-2006",""
"Moustapha Sall","Saint Etienne","2006-2015","2006-2010 + 2012-2015","stint split"
"Max Woltman","Doncaster","2022-2023","2022-2022","end pulled in"
"Kim Do-heon","West Brom","2008-2008","2007-2008","start earlier"
"Jorginho","Bayern München","1994-1994","1992-1994","start earlier"
"Keisuke Honda","VVV Venlo","2007-2008","2007-2007","end pulled in"
"Freddie Potts","West Ham","2021-2025","2021-2021 + 2025-2025","stint split"
"Freddie Potts","Wycombe","2023-2024","2023-2023","end pulled in"
"David McGoldrick","Bournemouth","2007-2007","2006-2007","start earlier"
"David McGoldrick","Southampton","2006-2008","2005-2008","start earlier"
"David McGoldrick","Sheffield Utd","2018-2020","2018-2021",""
"David McGoldrick","Notts County","2005-2024","2003-2005 + 2023-2024","start earlier + stint split"
"Rob Hall","West Ham","2012-2012","2011-2012","start earlier"
"Rob Hall","Birmingham","2012-2013","2012-2012","end pulled in"
"Rob Hall","Oxford United","2011-2020","2011-2011 + 2016-2020","stint split"
"Rob Hall","Forest Green","2020-2020","2019-2019","start earlier + end pulled in"
"Zanka","Brentford","2021-2024","2021-2023","end pulled in"
"Zanka","Football Club København","2014-2025","2014-2016 + 2020-2020 + 2025-2025","stint split"
"Zanka","FC Copenhagen","2007-2025","2007-2011 + 2014-2025","stint split"
"Tony Grant","Everton","1995-1999","1994-1999","start earlier"
"Tony Grant","Manchester City","2000-2000","2000-2001",""
"Pierre Deblock","Auxerre","2000-2003","2000-2000 + 2002-2003","stint split"
"Fraser Forster","Southampton","2014-2021","2014-2018 + 2020-2021","stint split"
"Kasey McAteer","Leicester","2021-2024","2021-2025",""
"Kasey McAteer","AFC Wimbledon","2023-2023","2022-2022","start earlier + end pulled in"
"Kasey McAteer","Forest Green","2022-2022","2021-2021","start earlier + end pulled in"
"Mikel Vesga","Athletic Club","2016-2025","2016-2017 + 2019-2025","stint split"
"Patxi Villanueva","Celta Vigo","1995-1996","1992-1996","start earlier"
"Cláudio Taffarel","Parma","2001-2001","1992-1992 + 2001-2001","start earlier + stint split"
"Chris Morris","Middlesbrough","1995-1996","1992-1996","start earlier"
"Alex Pike","Cheltenham","2017-2017","2016-2016","start earlier + end pulled in"
"Branko Brnović","Espanyol","1995-1999","1994-1999","start earlier"
"Massimo Paganin","Inter","1996-1996","1993-1996","start earlier"
"Geoffroy Serey Dié","FC Basel 1893","2013-2018","2013-2014 + 2016-2018","stint split"
"Jernade Meade","Dartford","2020-2020","2020-2021",""
"Kyle Joseph","Swansea","2021-2022","2021-2021","end pulled in"
"Kyle Joseph","Blackpool","2023-2023","2023-2024",""
"Kyle Joseph","Cheltenham","2021-2022","2021-2021","end pulled in"
"Francisco Gómez García, Quico","Real Betis","1995-1995","1994-1995","start earlier"
"Jake Taylor","Reading","2010-2014","2010-2010 + 2013-2014","stint split"
"Jake Taylor","Crawley Town","2013-2013","2012-2012","start earlier + end pulled in"
"Jake Taylor","Exeter City","2011-2020","2011-2011 + 2015-2020","stint split"
"Jake Taylor","Leyton Orient","2015-2015","2014-2014","start earlier + end pulled in"
"Samir Carruthers","Chelmsford City","2023-2024","2023-2023","end pulled in"
"Ellery Balcombe","Bristol Rovers","2023-2023","2022-2022","start earlier + end pulled in"
"Ellery Balcombe","Doncaster","2021-2021","2020-2020","start earlier + end pulled in"
"Joshua Eccles","Gillingham","2020-2021","2020-2020","end pulled in"
"Eric Tinkler","Barnsley","1997-1997","1997-2001",""
"Alfie Mawson","Fulham","2018-2021","2018-2019 + 2021-2021","stint split"
"Aleksey Miranchuk","Atalanta","2020-2023","2020-2021 + 2023-2023","stint split"
"Connor Roberts","Burnley","2021-2025","2021-2026",""
"Connor Roberts","Leeds","2024-2024","2023-2023","start earlier + end pulled in"
"Connor Roberts","Middlesbrough","2017-2018","2017-2017","end pulled in"
"Connor Roberts","Swansea","2016-2017","2016-2017 + 2019-2020","stint split"
"Connor Roberts","Bristol Rovers","2016-2017","2016-2016","end pulled in"
"Gábor Király","Crystal Palace","2004-2004","2004-2006",""
"Wilson Oruma","Lens","1995-1997","1995-1995 + 1997-1997","stint split"
"Bailey Peacock-Farrell","Burnley","2019-2020","2019-2020 + 2022-2022","stint split"
"Bailey Peacock-Farrell","Blackpool","2025-2025","2025-2026",""
"Pedro Cardoso de Lima","Wolves","2024-2025","2024-2026",""
"Sérgio Oliveira","Nantes","2016-2017","2016-2016","end pulled in"
"Sérgio Oliveira","FC Porto","2009-2021","2009-2010 + 2015-2021","stint split"
"Predrag Mijatović","Valencia","1995-1995","1993-1995","start earlier"
"Alessandro Melli","Parma","1996-1996","1992-1993 + 1996-1996","start earlier + stint split"
"Jordan Stewart","Watford","2006-2006","2005-2007","start earlier"
"Benjamin Osborn","Derby","2024-2024","2024-2025",""
"Benjamin Osborn","Stockport County","2025-2025","2025-2026",""
"Ívar Ingimarsson","Reading","2006-2007","2003-2010","start earlier"
"Brandon Mason","Coventry","2018-2019","2018-2020",""
"Brandon Mason","Wealdstone","2023-2023","2023-2024",""
"Martin Kree","Borussia Dortmund","1995-1997","1994-1997","start earlier"
"Teddy Jenks","Brighton","2022-2022","2019-2020","start earlier + end pulled in"
"Isaiah Osbourne","Walsall","2015-2018","2015-2016 + 2018-2018","stint split"
"Vaclav Cerny","VfL Wolfsburg","2023-2025","2023-2023 + 2025-2025","stint split"
"Mazinho","Valencia","1995-1995","1994-1995","start earlier"
"Corby Moore","Poole Town","2016-2024","2016-2019","end pulled in"
"Elliott Ward","West Ham","2005-2005","2004-2005","start earlier"
"Elliott Ward","Blackburn","2015-2016","2015-2017",""
"Elliott Ward","Coventry","2006-2008","2006-2009",""
"Mohamed Touré","Norwich","2025-2025","2025-2026",""
"Naby Keïta","Istres","2013-2013","2013-2014",""
"Andrei Kanchelskis","Manchester United","1994-1994","1992-1994","start earlier"
"Jesse Aaron Starkey","Worthing","2021-2024","2021-2023","end pulled in"
"Leon Cort","Burnley","2009-2009","2009-2010",""
"Leon Cort","Stoke City","2008-2008","2007-2008","start earlier"
"Mattia Perin","Genoa","2009-2010 + 2013-2020","2009-2010 + 2013-2017 + 2019-2020","stint split"
"Asier Horno","Valencia","2006-2008","2006-2006 + 2008-2008","stint split"
"Amdy Faye","Charlton","2006-2006","2006-2007",""
"Charlie Wellens","Leyton Orient","2024-2025","2024-2026",""
"Kenny Miller","Wolves","2003-2003","2001-2005","start earlier"
"Hiroki Ito","Bayern München","2022-2025","2022-2022 + 2024-2025","stint split"
"Archie Mair","Morecambe","2024-2024","2023-2023","start earlier + end pulled in"
"Yeni Ngbakoto","QPR","2016-2016","2016-2017",""
"Steve McManaman","Liverpool","1995-1998","1992-1998","start earlier"
"Darren Bent","Aston Villa","2010-2014","2010-2012 + 2014-2014","stint split"
"César Martín","Oviedo","1995-1998","1994-1998","start earlier"
"Neal Eardley","Burton Albion","2020-2021","2020-2020","end pulled in"
"Neal Eardley","Northampton","2017-2017","2016-2017","start earlier"
"Neal Eardley","Blackpool","2009-2010","2009-2012",""
"Neal Eardley","Leyton Orient","2015-2015","2014-2014","start earlier + end pulled in"
"Sandro","Real Madrid","1995-1995","1994-1995","start earlier"
"Benson Manuel","Burnley","2022-2023","2022-2024",""
"Nathan Redmond","Burnley","2023-2024","2023-2025",""
"Joris Gnagnon","Rennes","2015-2019","2015-2017 + 2019-2019","stint split"
"Mauricio Pinilla","Genoa","2014-2016","2014-2014 + 2016-2016","stint split"
"João Mário","Benfica","2021-2023","2021-2024",""
"João Mário","Sporting CP","2011-2020","2011-2016 + 2020-2020","stint split"
"Dylan Levitt","Leyton Orient","2026-2026","2025-2026","start earlier"
"Dominic Gape","Northampton","2024-2024","2023-2023","start earlier + end pulled in"
"Cédric Carrasso","Crystal Palace","2002-2002","2001-2001","start earlier + end pulled in"
"Yunus Konak","Brentford","2023-2024","2023-2025",""
"Yunus Konak","Oxford United","2026-2026","2025-2026","start earlier"
"Ola Aina","Torino","2018-2022","2018-2019 + 2021-2022","stint split"
"Derek Agyakwa","Watford","2020-2021","2020-2020","end pulled in"
"Derek Agyakwa","Port Vale","2022-2023","2022-2022","end pulled in"
"Joe Gauci","Aston Villa","2023-2023","2023-2024",""
"Brandon Barker","Reading","2022-2022","2021-2021","start earlier + end pulled in"
"Brandon Barker","Rotherham","2015-2016","2015-2015","end pulled in"
"Brandon Barker","Oxford United","2021-2021","2020-2020","start earlier + end pulled in"
"Michal Tomic","Slovácko","2020-2021","2020-2022",""
"Attila Szalai","Apollon Limassol","2019-2019","2019-2020",""
"Attila Szalai","Rapid Wien II","2015-2016","2015-2015","end pulled in"
"Luka Racic","Brentford","2018-2022","2018-2019","end pulled in"
"Andrea Belotti","Fiorentina","2023-2024","2023-2023","end pulled in"
"Jan Bednarek","Aston Villa","2022-2023","2022-2022","end pulled in"
"Richard Johnson","Watford","1999-1999","1999-2002",""
"Ryan Yates","Scunthorpe","2018-2018","2017-2018","start earlier"
"Ryan Yates","Shrewsbury","2017-2017","2016-2016","start earlier + end pulled in"
"Jonathan Tomkinson","Norwich","2021-2023","2021-2022","end pulled in"
"Jonathan Tomkinson","Bradford","2023-2024","2023-2023","end pulled in"
"Jonathan Tomkinson","Stevenage","2023-2023","2022-2022","start earlier + end pulled in"
"Jonathan Tomkinson","Cheltenham","2025-2025","2025-2026",""
"Luke Daniels","Forest Green","2023-2024","2023-2023","end pulled in"
"Nigel Quashie","Southampton","2004-2004","2004-2005",""
"Nigel Quashie","West Brom","2005-2005","2005-2006",""
"Nigel Quashie","QPR","1995-1995","1995-1995 + 2009-2009","stint split"
"Nigel Quashie","Portsmouth","2003-2004","2001-2004","start earlier"
"Daniele Franceschini","Chievo","2001-2005","2001-2002 + 2004-2005","stint split"
"Dwight Tiendalli","Middlesbrough","2015-2015","2014-2014","start earlier + end pulled in"
"Brice Dja Djedje","Watford","2016-2017","2016-2016","end pulled in"
"Jamal Lowe","Wigan","2019-2020","2019-2019","end pulled in"
"Jamal Lowe","QPR","2023-2023","2022-2022","start earlier + end pulled in"
"Jamal Lowe","Sheffield Wednesday","2024-2025","2024-2026",""
"Jamal Lowe","Swansea","2020-2020","2020-2021 + 2023-2023","stint split"
"Jamal Lowe","Portsmouth","2016-2019","2016-2018","end pulled in"
"Jamal Lowe","Barnet","2012-2013","2012-2012","end pulled in"
"Danny Rose","Tottenham","2007-2019","2007-2011 + 2013-2019","stint split"
"Nicky Marker","Blackburn","1995-1996","1992-1996","start earlier"
"Angelo Di Livio","Juventus","1995-1998","1993-1998","start earlier"
"Hamed Traoré","Bournemouth","2022-2025","2022-2023 + 2025-2025","stint split"
"James Dunne","QPR","2021-2025","2021-2026",""
"James Dunne","Fleetwood Town","2019-2020","2019-2019","end pulled in"
"George Boyd","Hull City","2013-2014","2012-2014","start earlier"
"George Boyd","Peterborough","2008-2019","2006-2012 + 2019-2019","start earlier + stint split"
"Oladapo Afolayan","West Ham","2018-2019","2018-2020",""
"Oladapo Afolayan","Blackburn","2026-2026","2025-2026","start earlier"
"Oladapo Afolayan","Bolton","2020-2021","2020-2022",""
"Steven Caldwell","Sunderland","2005-2005","2004-2005","start earlier"
"Hugo Rodallega","Fulham","2012-2013","2012-2014",""
"Borja Agirretxu","Celta Vigo","1995-1996","1992-1996","start earlier"
"Derrick Williams","Bristol City","2013-2015","2013-2016",""
"Michael Bridges","Sunderland","1996-1996","1996-1996 + 2004-2004","stint split"
"Shane Ferguson","Birmingham","2013-2013","2012-2013","start earlier"
"Carl Hoefkens","West Brom","2008-2008","2007-2008","start earlier"
"Theo Walcott","Southampton","2005-2022","2005-2005 + 2020-2022","stint split"
"Daniele Delli Carri","Torino","2001-2002","1993-1993 + 2001-2002","start earlier + stint split"
"Michael Obafemi","Southampton","2017-2020","2017-2021",""
"Michael Obafemi","Millwall","2023-2024","2023-2023","end pulled in"
"Michael Obafemi","Swansea","2021-2021","2021-2022",""
"Michael Obafemi","Blackpool","2026-2026","2025-2026","start earlier"
"Alan Hutton","Aston Villa","2011-2011 + 2014-2015","2011-2011 + 2014-2018",""
"Alan Hutton","Bolton","2014-2014","2013-2013","start earlier + end pulled in"
"Danny Williamson","West Ham","1995-1996","1993-1996","start earlier"
"Lewis Gordon","Brentford","2020-2021","2020-2020","end pulled in"
"Lewis Gordon","Bristol Rovers","2022-2022","2022-2023",""
"Lewis Gordon","Chesterfield","2023-2025","2023-2026",""
"Chris Shuker","Manchester City","2002-2002","2001-2002","start earlier"
"Elijah Campbell","Everton","2023-2024","2023-2025",""
"Elijah Campbell","Fleetwood Town","2024-2024","2023-2023","start earlier + end pulled in"
"Walter Pandiani","Birmingham","2004-2004","2004-2005",""
"Walter Pandiani","Deportivo La Coruna","2000-2004","2000-2001 + 2003-2004","stint split"
"Aitor Karanka","Athletic Club","1995-1996 + 2002-2004","1993-1996 + 2002-2004","start earlier"
"Jon Ander Lambea","Athletic Club","1995-1995","1992-1995","start earlier"
"Harvey Vale","Chelsea","2020-2023","2020-2021","end pulled in"
"Harvey Vale","Hull City","2022-2023","2022-2022","end pulled in"
"Harvey Vale","QPR","2024-2025","2024-2026",""
"Harvey Vale","Bristol Rovers","2023-2024","2023-2023","end pulled in"
"Wayne Hennessey","Crystal Palace","2013-2019","2013-2020",""
"Alessio Cerci","Atletico Madrid","2014-2016","2014-2014 + 2016-2016","stint split"
"Valdet Rama","FK Kukesi","2018-2018","2018-2019",""
"Julien Faubert","West Ham","2007-2010","2007-2011",""
"Layton Stewart","AFC Wimbledon","2026-2026","2025-2026","start earlier"
"Glenn Loovens","Sunderland","2018-2019","2018-2018","end pulled in"
"Rob Milsom","Sutton Utd","2019-2024","2019-2023","end pulled in"
"Jack Rudoni","Huddersfield","2022-2022","2022-2023",""
"Eliseu","Malaga","2007-2013","2007-2008 + 2010-2013","stint split"
"Alex Murphy","Newcastle","2023-2025","2023-2023 + 2025-2025","stint split"
"Alex Murphy","Bolton","2025-2025","2024-2025","start earlier"
"John Utaka","Portsmouth","2007-2009","2007-2010",""
"David Rocastle","Chelsea","1995-1995","1994-1995","start earlier"
"Stefan Johansen","Fulham","2016-2018","2016-2020",""
"Stefan Johansen","West Brom","2019-2019","2018-2018","start earlier + end pulled in"
"Stefan Johansen","QPR","2020-2023","2020-2022","end pulled in"
"Danny Seaborne","Southampton","2010-2011","2009-2011","start earlier"
"Danny Seaborne","Exeter City","2008-2017","2008-2009 + 2017-2017","stint split"
"Uwe Gospodarek","Bayern München","1994-1994","1992-1994","start earlier"
"Kyron Gordon","Sheffield Utd","2020-2021","2020-2022",""
"Dany Nounkeu","Akhisarspor","2017-2019","2017-2018","end pulled in"
"Jason Dozzell","Tottenham","1995-1996","1993-1996","start earlier"
"Joseph Hungbo","Huddersfield","2023-2023","2022-2022","start earlier + end pulled in"
"George Saville","Bristol City","2015-2015","2014-2014","start earlier + end pulled in"
"George Saville","Millwall","2012-2024","2012-2012 + 2015-2015 + 2017-2018 + 2021-2024","stint split"
"George Saville","Middlesbrough","2019-2020","2018-2020","start earlier"
"Thomas Franck","Borussia Dortmund","1995-1995","1992-1995","start earlier"
"Andy Keogh","Bristol City","2011-2011","2010-2011","start earlier"
"Andy Keogh","Millwall","2011-2012","2011-2013",""
"Andy Keogh","Scunthorpe","2005-2005","2004-2006","start earlier"
"Andy Keogh","Bury","2005-2005","2004-2004","start earlier + end pulled in"
"Antwoine Hackford","AFC Wimbledon","2025-2025","2025-2026",""
"Mark Wright","Liverpool","1995-1997","1992-1997","start earlier"
"Stephen Darby","Bolton","2017-2018","2017-2017","end pulled in"
"Stephen Darby","Swindon Town","2010-2010","2009-2009","start earlier + end pulled in"
"Greg Luer","Hull City","2015-2016","2015-2017",""
"Greg Luer","Scunthorpe","2016-2016","2015-2015","start earlier + end pulled in"
"Greg Luer","Worthing","2023-2024","2023-2023","end pulled in"
"Francisco Javier Mulero Villena","Compostela","1995-1997","1994-1997","start earlier"
"Frédéric Biancalani","Nancy","1996-2008","1996-1999 + 2005-2008","stint split"
"Ryan Donaldson","Morpeth Town","2021-2024","2021-2021","end pulled in"
"Isaac Cofie","Chievo","2012-2014","2012-2012 + 2014-2014","stint split"
"Sil Laurentius Swinkels","Aston Villa","2025-2026","2020-2026","start earlier"
"Sil Laurentius Swinkels","Bristol Rovers","2025-2025","2024-2025","start earlier"
"Sil Laurentius Swinkels","Chesterfield","2026-2026","2025-2026","start earlier"
"Benjamín Zarandona","Valladolid","1995-1997","1994-1997","start earlier"
"William Norris","Portsmouth","2023-2023","2023-2024",""
"Johan Vásquez","Genoa","2021-2025","2021-2021 + 2023-2025","stint split"
"Linvoy Primus","Portsmouth","2003-2008","2001-2008","start earlier"
"Kamil Conteh","Watford","2021-2022","2021-2021","end pulled in"
"Kamil Conteh","Grimsby","2023-2024","2023-2023","end pulled in"
"Kamil Conteh","Lincoln","2026-2026","2025-2026","start earlier"
"Luca Koleosho","Burnley","2023-2023","2023-2024",""
"Sebastian Walukiewicz","Torino","2022-2025","2022-2022 + 2024-2025","stint split"
"Jack Stephens","Southampton","2011-2025","2011-2026",""
"Jack Stephens","Coventry","2016-2016","2015-2015","start earlier + end pulled in"
"Jack Stephens","Swindon Town","2014-2014","2013-2014","start earlier"
"Nigel Reo-Coker","West Ham","2005-2006","2003-2006","start earlier"
"Miguel Guerrero","Bari","1997-1998","1994-1998","start earlier"
"Georginio Rutter","Leeds","2022-2023","2022-2024",""
"Luca Altomare","Napoli","1996-1997","1992-1997","start earlier"
"Mario Bermejo","Xerez","2008-2010","2008-2009","end pulled in"
"Cheick Keita","Birmingham","2016-2019","2016-2017","end pulled in"
"Rubén Baraja","Valladolid","1995-1995","1993-1995","start earlier"
"Edouard Cissé","Paris Saint Germain","1997-2001 + 2004-2006","1997-1997 + 1999-2001 + 2004-2006","stint split"
"Bakary Sako","Wolves","2013-2014","2012-2014","start earlier"
"Bakary Sako","West Brom","2018-2019","2018-2018","end pulled in"
"Ryan Fredericks","Millwall","2014-2014","2013-2013","start earlier + end pulled in"
"Jonathan Cafu","Bordeaux","2017-2019","2017-2017 + 2019-2019","stint split"
"Andy Carroll","Reading","2021-2022","2021-2023",""
"Andy Carroll","West Brom","2022-2022","2021-2022","start earlier"
"Callum Connolly","Blackpool","2021-2022","2021-2023",""
"Lucien Mettomo","Manchester City","2002-2002","2001-2002","start earlier"
"Jordão","West Brom","2002-2002","2001-2002","start earlier"
"Juan Martagón","Sevilla","1995-1996","1992-1996","start earlier"
"Samuel Edozie","Southampton","2022-2025","2022-2026",""
"George Edmundson","Derby","2021-2021","2020-2020","start earlier + end pulled in"
"George Edmundson","Middlesbrough","2024-2025","2024-2026",""
"Jeff Chabot","Sparta Rotterdam","2017-2018","2017-2017","end pulled in"
"Jeff Chabot","Sampdoria","2019-2021","2019-2019 + 2021-2021","stint split"
"Remi Matthews","Doncaster","2016-2016","2015-2015","start earlier + end pulled in"
"Ross Turnbull","Barnsley","2014-2014","2003-2004 + 2014-2014","start earlier + stint split"
"Finley Burns","Manchester City","2021-2022","2021-2021","end pulled in"
"Finley Burns","Swansea","2022-2022","2021-2021","start earlier + end pulled in"
"Franck Passi","Compostela","1995-1997","1994-1997","start earlier"
"Bradley Collins","Burton Albion","2018-2025","2018-2018 + 2025-2025","stint split"
"Fabio Pecchia","Napoli","1996-1996 + 2000-2000","1993-1996 + 2000-2000","start earlier"
"Fabio Pecchia","Bologna","2001-2003","2001-2001 + 2003-2003","stint split"
"Pedro Alberto Cano Arenas","Oviedo","1995-1995","1992-1995","start earlier"
"Yoan Gouffran","Newcastle","2012-2015","2012-2016",""
"Yoan Gouffran","Ararat-Armenia","2019-2021","2019-2020","end pulled in"
"Karim Adeyemi","FC Liefering","2018-2018","2018-2019",""
"Paul Holmes","Everton","1995-1995","1992-1995","start earlier"
"Akwasi Asante","Northampton","2012-2012","2011-2011","start earlier + end pulled in"
"Akwasi Asante","Solihull Moors","2015-2016","2015-2017",""
"Óscar Tabuenka","Athletic Club","1995-1996","1992-1996","start earlier"
"Ruben Loftus-Cheek","Chelsea","2014-2022","2014-2016 + 2018-2022","stint split"
"Lukas Podolski","Inter","2014-2015","2014-2014","end pulled in"
"Joel Asoro","Swansea","2018-2019","2018-2020",""
"Joel Asoro","Sunderland","2016-2016","2016-2017",""
"Bradley Orr","Bristol City","2005-2009","2004-2009","start earlier"
"Bradley Orr","Blackburn","2011-2011","2011-2012",""
"Gabriel Silva","Udinese","2012-2016","2012-2014 + 2016-2016","stint split"
"Chris Popov","Leicester","2025-2025","2024-2025","start earlier"
"Ben Turner","Burton Albion","2016-2017","2016-2018",""
"Ben Turner","Coventry","2005-2010","2005-2010 + 2015-2015","stint split"
"Ben Turner","Peterborough","2007-2007","2006-2006","start earlier + end pulled in"
"Ben Turner","Notts County","2019-2020","2019-2019","end pulled in"
"Pedro González Martínez","Sevilla","1995-1995","1994-1995","start earlier"
"Sheraldo Becker","PEC Zwolle","2015-2015","2014-2015","start earlier"
"Michael Mancienne","QPR","2007-2007","2006-2007","start earlier"
"Michael Mancienne","Burton Albion","2020-2023","2020-2022","end pulled in"
"Ainsley Maitland-Niles","Arsenal","2014-2021","2014-2014 + 2016-2021","stint split"
"Elliot Embleton","Derby","2023-2024","2023-2023","end pulled in"
"Elliot Embleton","Sunderland","2016-2023","2016-2022","end pulled in"
"Elliot Embleton","Blackpool","2020-2020","2020-2020 + 2024-2024","stint split"
"Will Atkinson","Hull City","2009-2009","2009-2010",""
"Christoffer Mafoumbi","Morecambe","2020-2020","2019-2019","start earlier + end pulled in"
"Juan Carlos Unzué","Sevilla","1995-1996","1992-1996","start earlier"
"Stefan Maierhofer","Bristol City","2010-2010","2009-2009","start earlier + end pulled in"
"Ryan Christie","Celtic","2015-2021","2015-2016 + 2018-2021","stint split"
"Graham Kavanagh","Middlesbrough","1995-1995","1992-1995","start earlier"
"Joachim Björklund","Sunderland","2001-2002","2001-2003",""
"Sergio Porrini","Juventus","1995-1996","1993-1996","start earlier"
"Adama Diakhaby","Huddersfield","2018-2018","2018-2020",""
"Adama Diakhaby","Nottingham Forest","2020-2020","2019-2019","start earlier + end pulled in"
"Yasin Ayari","Brighton","2022-2025","2022-2022 + 2024-2025","stint split"
"Yasin Ayari","Blackburn","2024-2024","2023-2023","start earlier + end pulled in"
"Ian Poveda","Leeds","2019-2020","2019-2020 + 2023-2023","stint split"
"Ian Poveda","Blackburn","2021-2022","2021-2021","end pulled in"
"Ian Poveda","Blackpool","2022-2023","2022-2022","end pulled in"
"Shola Ameobi","Bolton","2015-2016","2015-2015","end pulled in"
"Shola Ameobi","Stoke City","2008-2008","2007-2007","start earlier + end pulled in"
"Shola Ameobi","Notts County","2016-2018","2016-2017","end pulled in"
"Johan Elmander","Brondby","2005-2015","2005-2005 + 2015-2015","stint split"
"Jay Rodríguez","Burnley","2007-2023","2007-2008 + 2010-2011 + 2019-2024","stint split"
"Jay Rodríguez","West Brom","2017-2017","2017-2018",""
"Jay Rodríguez","Barnsley","2010-2010","2009-2009","start earlier + end pulled in"
"Anton Walkes","Portsmouth","2018-2019","2017-2019","start earlier"
"Jesper Karlsson","Utrecht","2026-2026","2025-2026","start earlier"
"Jaime","Real Betis","1995-1998","1994-1997","start earlier + end pulled in"
"Markus Reiter","MSV Duisburg","1996-1997","1994-1997","start earlier"
"Issa Bah","Progres Niederkorn","2019-2023","2019-2019","end pulled in"
"Raffaele Di Fusco","Napoli","1996-1997","1993-1997","start earlier"
"Ben Sheaf","Coventry","2020-2024","2020-2025",""
"Ben Sheaf","Stevenage","2018-2018","2017-2017","start earlier + end pulled in"
"Borja Mayoral","Real Madrid","2014-2017 + 2020-2020","2014-2015 + 2017-2017 + 2020-2020","stint split"
"Richard Hall","Southampton","1995-1995","1992-1995","start earlier"
"John Ruddy","Bristol City","2007-2007","2006-2007","start earlier"
"John Ruddy","Wrexham","2007-2007","2006-2007","start earlier"
"John Ruddy","Chester City","2006-2006","2005-2006","start earlier"
"Sulaiman Kaikai","Wycombe","2021-2021","2021-2022",""
"Sulaiman Kaikai","Cambridge United","2014-2025","2014-2026",""
"Hiram Boateng","Northampton","2017-2017","2016-2016","start earlier + end pulled in"
"Hiram Boateng","Milton Keynes Dons","2019-2021","2019-2019 + 2021-2021","stint split"
"Hiram Boateng","Crawley Town","2014-2014","2013-2013","start earlier + end pulled in"
"Hiram Boateng","Cambridge United","2020-2021","2020-2020","end pulled in"
"Steve Cook","Bournemouth","2011-2019","2011-2021",""
"Steve Cook","Brighton","2010-2010","2008-2011","start earlier"
"George Moncur","Barnsley","2016-2017","2016-2018",""
"George Moncur","AFC Wimbledon","2012-2012","2011-2011","start earlier + end pulled in"
"George Moncur","Peterborough","2016-2017","2016-2016","end pulled in"
"George Moncur","Leyton Orient","2022-2024","2022-2023","end pulled in"
"Jamaal Lascelles","Leicester","2026-2026","2025-2026","start earlier"
"Jed Steer","Aston Villa","2013-2021","2013-2014 + 2017-2021","stint split"
"Jed Steer","Charlton","2018-2019","2018-2018","end pulled in"
"Jed Steer","Luton","2022-2022","2021-2021","start earlier + end pulled in"
"Jed Steer","Yeovil Town","2011-2011","2011-2014",""
"Henning Berg","Blackburn","1995-1996 + 2001-2002","1992-1996 + 2001-2002","start earlier"
"Peter Beardsley","Newcastle","1995-1996","1993-1996","start earlier"
"Freddie Woodman","Newcastle","2014-2021","2014-2018 + 2021-2021","stint split"
"Freddie Woodman","Preston","2022-2023","2022-2024",""
"Freddie Woodman","Swansea","2020-2020","2019-2020","start earlier"
"Tomasz Kuszczak","Watford","2012-2012","2011-2011","start earlier + end pulled in"
"Tomasz Kuszczak","Birmingham","2015-2018","2015-2017","end pulled in"
"Luke Varney","Blackburn","2013-2013","2013-2014",""
"Luke Varney","Burton Albion","2016-2020","2016-2017 + 2020-2020","stint split"
"Luke Varney","Charlton","2007-2007","2007-2008",""
"Cody Drameh","Cardiff","2022-2022","2021-2021","start earlier + end pulled in"
"Cody Drameh","Birmingham","2023-2024","2023-2023","end pulled in"
"Cody Drameh","Leeds","2020-2022","2020-2023",""
"Cody Drameh","Luton","2023-2023","2022-2022","start earlier + end pulled in"
"Becket Godo","Fulham","2022-2024","2022-2022 + 2024-2024","stint split"
"Becket Godo","Wigan","2023-2024","2023-2023","end pulled in"
"James Hill","Blackburn","2023-2024","2023-2023","end pulled in"
"James Hill","Fleetwood Town","2018-2020","2018-2021",""
"Ross Fitzsimons","Chesterfield","2019-2019","2019-2022",""
"Jonathan Williams","Cardiff","2021-2021","2020-2020","start earlier + end pulled in"
"Luca Waldschmidt","Benfica","2020-2020","2020-2021",""
"Bersant Celina","Ipswich","2017-2017","2017-2021",""
"Bersant Celina","Swansea","2018-2018","2018-2019",""
"Ryan Dickson","Brentford","2008-2009","2007-2009","start earlier"
"Ryan Dickson","Leyton Orient","2012-2012","2011-2012","start earlier"
"Ryan Dickson","Yeovil Town","2011-2017","2011-2011 + 2015-2017","stint split"
"Ryan Dickson","Torquay","2018-2019","2018-2018","end pulled in"
"Fabio Petruzzi","AS Roma","1996-1998","1992-1992 + 1994-1998","start earlier + stint split"
"Matthew Pollock","Watford","2021-2025","2021-2026",""
"Matthew Pollock","Cheltenham","2021-2022","2021-2021","end pulled in"
"Ronnie Wallwork","West Brom","2002-2005","2002-2006",""
"Marek Matejovsky","Reading","2007-2007","2007-2009",""
"Nuri Sahin","Borussia Dortmund","2005-2017","2005-2010 + 2012-2017","stint split"
"Nuri Sahin","Antalyaspor","2020-2022","2020-2021","end pulled in"
"Harvey Elliott","Blackburn","2020-2021","2020-2020","end pulled in"
"Savo Milošević","Zaragoza","1998-2001","1998-1999 + 2001-2001","stint split"
"Nicola Boselli","Atalanta","1997-1997","1993-1997","start earlier"
"Brad Jackson","Altrincham","2021-2021","2021-2022",""
"Anel Ahmedhodzic","Bordeaux","2021-2022","2021-2021","end pulled in"
"Ian Walker","Tottenham","1995-2000","1992-2000","start earlier"
"Kyle De Silva","Crystal Palace","2011-2014","2011-2012","end pulled in"
"Kyle De Silva","Barnet","2013-2013","2012-2012","start earlier + end pulled in"
"Kyle De Silva","Sevenoaks Town","2022-2024","2022-2022","end pulled in"
"Amine Bassi","Barnsley","2022-2022","2021-2021","start earlier + end pulled in"
"Ibrahim Afellay","PSV Eindhoven","2005-2020","2005-2009 + 2019-2019","end pulled in + stint split"
"Ibrahim Afellay","Barcelona","2010-2013","2010-2011 + 2013-2013","stint split"
"Erjon Bogdani","Chievo","2006-2009","2006-2006 + 2008-2009","stint split"
"Yunus Akgün","Leicester","2023-2024","2023-2023","end pulled in"
"Yunus Akgün","Galatasaray","2018-2018 + 2021-2025","2018-2019 + 2021-2025",""
"Wilfred Oluwafemi Onyedinma","Wycombe","2014-2025","2014-2020 + 2024-2026","stint split"
"Mauricio Pineda","Udinese","1997-2001","1997-1999 + 2001-2001","stint split"
"David Zima","Slavia Praha","2019-2025","2019-2021 + 2023-2025","stint split"
"Jack Hinchy","Shrewsbury","2024-2024","2023-2023","start earlier + end pulled in"
"Kane Wilson","Derby","2023-2024","2023-2025",""
"Kane Wilson","Exeter City","2017-2017","2017-2018",""
"Bryan Gil","Sevilla","2018-2022","2018-2020 + 2022-2022","stint split"
"Josh Sims","Reading","2018-2019","2018-2018","end pulled in"
"Nicola Zanini","Sampdoria","1996-1997","1992-1997","start earlier"
"Romario Benzar","Viitorul Constanta","2010-2020","2010-2017","end pulled in"
"Dave Watson","Everton","1995-1999","1992-1999","start earlier"
"Yukinari Sugawara","Southampton","2024-2024","2024-2025",""
"Fernando Tissone","Sampdoria","2009-2012","2009-2010 + 2012-2012","stint split"
"Nacho","Compostela","1995-1997","1994-1997","start earlier"
"James Morrison","West Brom","2007-2019","2007-2018","end pulled in"
"Jamaldeen Jimoh-Aloba","West Brom","2026-2026","2025-2026","start earlier"
"Jamaldeen Jimoh-Aloba","Aston Villa","2025-2025","2024-2025","start earlier"
"Brad Young","Aston Villa","2020-2022","2020-2020","end pulled in"
"Brad Young","The New Saints","2023-2023","2023-2024",""
"Ibra Sekajja","Barnet","2013-2013","2012-2012","start earlier + end pulled in"
"Brian McClair","Manchester United","1994-1997","1992-1997","start earlier"
"Charlie Whitaker","Tranmere","2025-2025","2025-2026",""
"Jackson Irvine","Burton Albion","2016-2016","2016-2017",""
"Callum Roberts","Notts County","2019-2021","2019-2026",""
"Jamie Mackie","QPR","2010-2012","2010-2012 + 2015-2017","stint split"
"Tyrese Fornah","Nottingham Forest","2019-2021","2019-2019 + 2021-2021","stint split"
"Tyrese Fornah","Derby","2024-2024","2023-2024","start earlier"
"Tyrese Fornah","Northampton","2023-2025","2023-2023 + 2025-2026","stint split"
"Tyrese Fornah","Shrewsbury","2022-2022","2021-2021","start earlier + end pulled in"
"Antony Evans","Crewe","2021-2021","2020-2020","start earlier + end pulled in"
"Antony Evans","Morecambe","2017-2017","2016-2016","start earlier + end pulled in"
"DJ Campbell","Blackburn","2012-2012","2012-2013",""
"Daniel Barlaser","Newcastle","2015-2017","2015-2017 + 2020-2020","stint split"
"Daniel Barlaser","Rotherham","2019-2021","2019-2022",""
"Joshua Alan Powell","Fleetwood Town","2026-2026","2025-2026","start earlier"
"Frank Riethmann","Borussia Dortmund","1996-1997","1994-1997","start earlier"
"José Jurado Marín","Atletico Madrid","2006-2010","2006-2007 + 2009-2010","stint split"
"Josh Wilson-Esbrand","Cardiff","2024-2024","2023-2023","start earlier + end pulled in"
"Josh Wilson-Esbrand","Stoke City","2025-2025","2024-2025","start earlier"
"Josh Wilson-Esbrand","Coventry","2023-2023","2022-2022","start earlier + end pulled in"
"Layton Ndukwu","Southend","2019-2020","2019-2019","end pulled in"
"Jake Vokins","Sunderland","2021-2021","2020-2020","start earlier + end pulled in"
"Jonathan Franks","Middlesbrough","2008-2008","2008-2010",""
"Mateus Dami Mané","Wolves","2024-2025","2024-2026",""
"Merveil Ndockyt","Tirana","2016-2016","2016-2017",""
"Charlie Austin","Burnley","2011-2012","2010-2012","start earlier"
"Charlie Austin","QPR","2013-2014","2013-2015 + 2020-2021","stint split"
"Charlie Austin","Swindon Town","2009-2023","2009-2010 + 2022-2023","stint split"
"Ronald Zubar","Wolves","2009-2011","2009-2012",""
"Demeaco Duhaney","Huddersfield","2018-2018","2018-2020",""
"Essaïd Belkalem","Watford","2013-2015","2013-2013","end pulled in"
"Vurnon Anita","Newcastle","2012-2015","2012-2016",""
"Corry Evans","Sunderland","2021-2024","2021-2023","end pulled in"
"David Cotterill","Birmingham","2014-2016","2014-2017",""
"David Cotterill","Bristol City","2005-2006","2004-2006 + 2016-2016","start earlier + stint split"
"David Cotterill","Barnsley","2012-2012","2011-2011","start earlier + end pulled in"
"David Cotterill","Portsmouth","2011-2011","2010-2010","start earlier + end pulled in"
"François Moubandje","Dinamo Zagreb","2019-2021","2019-2019 + 2021-2021","stint split"
"Andrija Novaković","Reading","2014-2016","2014-2019",""
"Bobby De Cordova-Reid","Cardiff","2018-2018","2018-2019",""
"Bobby De Cordova-Reid","Leicester","2024-2025","2024-2026",""
"Bobby De Cordova-Reid","Bristol City","2010-2017","2010-2010 + 2012-2017","stint split"
"Massimo Bruno","RB Leipzig","2015-2018","2015-2016 + 2018-2018","stint split"
"Michael Lang","Borussia Mönchengladbach","2018-2020","2018-2018 + 2020-2020","stint split"
"Harry Lewis","Southampton","2016-2021","2016-2016","end pulled in"
"Harry Lewis","Bradford","2022-2022","2022-2023",""
"Harry Lewis","Carlisle","2023-2024","2023-2025",""
"Harry Lewis","Mansfield Town","2025-2025","2025-2026",""
"Jesurun Rak-Sakyi","Crystal Palace","2020-2025","2020-2021 + 2023-2025","stint split"
"Jesurun Rak-Sakyi","Stoke City","2026-2026","2025-2026","start earlier"
"Jesurun Rak-Sakyi","Charlton","2022-2023","2022-2022","end pulled in"
"Luis Sinisterra","Leeds","2022-2022","2022-2023",""
"Tom Dele-Bashiru","Watford","2019-2025","2019-2020 + 2022-2025","stint split"
"Tom Dele-Bashiru","Manchester City","2017-2018","2017-2017","end pulled in"
"Tom Dele-Bashiru","Reading","2021-2022","2021-2021","end pulled in"
"Bashir Humphreys","Burnley","2024-2025","2024-2026",""
"Bashir Humphreys","Chelsea","2023-2023","2022-2023","start earlier"
"Nico Yennaris","Wycombe","2015-2015","2014-2014","start earlier + end pulled in"
"Nico Yennaris","Notts County","2012-2012","2011-2011","start earlier + end pulled in"
"Theo Corbeanu","Sheffield Wednesday","2021-2022","2021-2021","end pulled in"
"Theo Corbeanu","Blackpool","2022-2023","2022-2022","end pulled in"
"Glen Little","Reading","2006-2007","2004-2008","start earlier"
"David Fox","Colchester","2009-2014","2009-2009 + 2014-2014","stint split"
"Jeff Kenna","Blackburn","1995-1998","1994-1998","start earlier"
"Blair Turgott","Rotherham","2014-2014","2013-2013","start earlier + end pulled in"
"Blair Turgott","Coventry","2015-2015","2014-2014","start earlier + end pulled in"
"Blair Turgott","Colchester","2013-2014","2013-2013","end pulled in"
"Alex Baptiste","Bolton","2013-2021","2013-2013 + 2020-2021","stint split"
"Alex Baptiste","QPR","2017-2017","2017-2018",""
"Alex Baptiste","Blackpool","2008-2010","2008-2012",""
"Alex Baptiste","Mansfield Town","2005-2007","2002-2007","start earlier"
"Joel Taylor","Notts County","2021-2021","2021-2022",""
"Joel Taylor","Chester","2019-2024","2019-2020 + 2023-2023","end pulled in + stint split"
"Ricardo","Boavista","1999-2001","1999-1999 + 2001-2001","stint split"
"Calaum Jahraldo-Martin","Hull City","2013-2013","2013-2015",""
"Steve Bruce","Manchester United","1993-1995","1992-1995","start earlier"
"Keiren Westwood","QPR","2021-2022","2021-2021","end pulled in"
"Onur Ayik","Akhisarspor","2015-2019","2015-2018","end pulled in"
"Jordan Davies","Wrexham","2016-2022","2016-2023",""
"Fabio Depaoli","Sampdoria","2019-2025","2019-2019 + 2021-2025","stint split"
"Julen Guerrero","Athletic Club","1995-2005","1992-2005","start earlier"
"Edoardo Bove","Watford","2025-2025","2025-2026",""
"Francesco Flachi","Fiorentina","1997-1997","1994-1997","start earlier"
"Charlie Rowan","Oxford City","2021-2021","2021-2022",""
"Ozan Tufan","Hull City","2022-2022","2022-2023",""
"Christos Tzolis","Twente","2022-2023","2022-2022","end pulled in"
"Ola John","Al-Hazm","2021-2022","2021-2021","end pulled in"
"Zachary Swanson","Portsmouth","2022-2025","2022-2026",""
"Stig Inge Bjørnebye","Liverpool","1995-1998","1992-1998","start earlier"
"Ryan Finnigan","Southampton","2020-2022","2020-2020","end pulled in"
"Ryan Finnigan","Shrewsbury","2023-2024","2023-2023","end pulled in"
"Ryan Finnigan","Blackpool","2023-2024","2023-2025",""
"Alberto López Moreno","Valladolid","1998-2000","1993-1994 + 1998-2000","start earlier + stint split"
"Daniel Imray","West Brom","2026-2026","2025-2026","start earlier"
"Tony Cottee","West Ham","1995-1996","1994-1996","start earlier"
"Darren Randolph","West Ham","2015-2020","2015-2016 + 2019-2020","stint split"
"Darren Randolph","Middlesbrough","2018-2018","2017-2019","start earlier"
"Darren Randolph","Charlton","2005-2006","2005-2009",""
"Alexander Tettey","Norwich","2012-2019","2012-2020",""
"Tyler Onyango","Everton","2020-2023","2020-2021 + 2023-2023","stint split"
"Darren Ambrose","Charlton","2005-2006","2005-2008",""
"Ljubomir Fejsa","FK Partizan","2008-2022","2008-2008 + 2021-2022","stint split"
"Simon Moore","Bristol City","2014-2014","2013-2014","start earlier"
"Simon Moore","Coventry","2021-2023","2021-2022","end pulled in"
"Ciro Immobile","Torino","2013-2015","2013-2013 + 2015-2015","stint split"
"Santiago García","Palermo","2010-2012","2010-2010 + 2012-2012","stint split"
"Martin Petrov","Bolton","2010-2011","2010-2012",""
"Owen Bailey","Doncaster","2023-2025","2023-2026",""
"Robert Lewandowski","Lech Poznan","2008-2009","2008-2008","end pulled in"
"Nayim","Zaragoza","1995-1996","1992-1996","start earlier"
"José Antonio Pikabea","Real Sociedad","1995-2001","1992-2001","start earlier"
"Adnan Januzaj","Sevilla","2022-2025","2022-2023 + 2025-2025","stint split"
"Adnan Januzaj","Istanbul Basaksehir","2023-2023","2022-2022","start earlier + end pulled in"
"Saša Lukić","Torino","2016-2022","2016-2016 + 2018-2022","stint split"
"Junior Hoilett","Cardiff","2016-2018","2016-2020",""
"Junior Hoilett","QPR","2012-2014","2012-2015",""
"Junior Hoilett","Swindon Town","2026-2026","2025-2026","start earlier"
"Landon Donovan","Bayer Leverkusen","2000-2005","2000-2004","end pulled in"
"Matteo Ferrari","AS Roma","2004-2007","2004-2004 + 2006-2007","stint split"
"Alexander Robertson","Cardiff","2024-2025","2024-2026",""
"Alexander Robertson","Portsmouth","2023-2024","2023-2023","end pulled in"
"Fabiano","Compostela","1995-1997","1994-1997","start earlier"
"Paul Furlong","Chelsea","1995-1995","1994-1995","start earlier"
"Zinho Vanheusden","Genoa","2021-2022","2021-2021","end pulled in"
"Zinho Vanheusden","Standard Liege","2017-2024","2017-2020","end pulled in"
"Bernard Mendy","Paris Saint Germain","2000-2007","2000-2001 + 2003-2007","stint split"
"Marco Sanna","Cagliari","1996-1996","1992-1996","start earlier"
"Danny Lafferty","Burnley","2012-2014","2011-2014","start earlier"
"Danny Lafferty","Rotherham","2015-2015","2014-2015","start earlier"
"Christopher Missilou","Northampton","2020-2021","2020-2020","end pulled in"
"Christopher Missilou","Oldham","2018-2021","2018-2019 + 2021-2021","stint split"
"Christopher Missilou","Newport County","2021-2022","2021-2021","end pulled in"
"Keith Curle","Manchester City","1995-1995","1992-1995","start earlier"
"Kevin Davies","Southampton","1997-2002","1997-1997 + 1999-2002","stint split"
"Kevin Davies","Bolton","2003-2009","2003-2012",""
"Sebastiano Siviglia","Atalanta","2000-2002","2000-2000 + 2002-2002","stint split"
"Odeluga Offiah","Brighton","2021-2022","2021-2024",""
"Odeluga Offiah","Preston","2025-2025","2025-2026",""
"Marco Sgrò","Atalanta","1996-1997","1993-1997","start earlier"
"Luca Ashby-Hammond","Notts County","2024-2024","2023-2023","start earlier + end pulled in"
"Antonio Muñoz Gómez","Atletico Madrid","1995-1999","1992-1999","start earlier"
"Jacob Ramsey","Doncaster","2020-2020","2019-2019","start earlier + end pulled in"
"Simone Inzaghi","Lazio","1999-2009","1999-2006 + 2008-2009","stint split"
"Jamie O'Hara","Wolves","2010-2011","2010-2013",""
"Antonio Benarrivo","Parma","1996-2003","1992-2003","start earlier"
"Benjani","Portsmouth","2005-2007","2005-2007 + 2011-2011","stint split"
"Juan José Cañas","Real Betis","1995-2005","1994-2005","start earlier"
"Miguel Layún","Watford","2015-2015","2014-2015","start earlier"
"Jake McCarthy","Havant & Wville","2015-2024","2015-2022","end pulled in"
"Luis Enrique","Real Madrid","1995-1995","1992-1995","start earlier"
"Amari'i Bell","Charlton","2025-2025","2025-2026",""
"Amari'i Bell","Fleetwood Town","2015-2016","2015-2017",""
"Amari'i Bell","Gillingham","2015-2015","2014-2014","start earlier + end pulled in"
"Amari'i Bell","Luton","2021-2023","2021-2024",""
"Ángel Lekumberri","Compostela","1995-1997","1994-1997","start earlier"
"Ethan Galbraith","Doncaster","2021-2022","2021-2021","end pulled in"
"Ethan Galbraith","Salford City","2022-2023","2022-2022","end pulled in"
"Dynel Simeu","Carlisle","2022-2022","2021-2021","start earlier + end pulled in"
"Steve Howey","Newcastle","1995-1999","1993-1999","start earlier"
"Marcos Gullón","Apollon Limassol","2013-2014","2013-2015",""
"Jordan Lyden","Aston Villa","2015-2015","2015-2017",""
"Hermes Desio","Celta Vigo","1995-1995","1994-1995","start earlier"
"Denis Odoi","Fulham","2016-2020","2016-2021",""
"Jordon Mutch","Reading","2017-2017","2016-2016","start earlier + end pulled in"
"Jordon Mutch","Doncaster","2010-2010","2009-2009","start earlier + end pulled in"
"Jordon Mutch","Crawley Town","2022-2023","2022-2022","end pulled in"
"Tony Yogane","Brentford","2025-2025","2024-2025","start earlier"
"Tony Yogane","Exeter City","2025-2025","2024-2025","start earlier"
"Benjamin Davies","Preston","2012-2019","2012-2020",""
"Loïc Rémy","QPR","2012-2014","2012-2012 + 2014-2014","stint split"
"Neeskens Kebano","Middlesbrough","2021-2021","2020-2020","start earlier + end pulled in"
"Bobby Convey","Reading","2006-2007","2004-2008","start earlier"
"Uwe Scherr","FC Schalke 04","1995-1996","1992-1996","start earlier"
"Shay Logan","Brentford","2011-2012","2011-2013",""
"Marcão","Chaves","2018-2019","2018-2018","end pulled in"
"Marcão","Rio Ave","2017-2018","2017-2017","end pulled in"
"Paul Thirlwell","Sunderland","1999-2002","1999-2003",""
"Ali Al-Hamadi","Ipswich","2022-2024","2022-2025",""
"Ali Al-Hamadi","Stoke City","2025-2025","2024-2025","start earlier"
"Ali Al-Hamadi","AFC Wimbledon","2023-2024","2022-2023","start earlier + end pulled in"
"Ali Al-Hamadi","Wycombe","2021-2021","2021-2022",""
"Antonio Pinilla","Tenerife","1995-1998","1993-1998","start earlier"
"George Wickens","Lincoln","2024-2025","2024-2026",""
"Diadié Samassékou","FC Liefering","2015-2015","2015-2016",""
"Elliott Bennett","Brighton","2009-2010","2009-2010 + 2014-2014","stint split"
"Elliott Bennett","Bristol City","2015-2016","2015-2015","end pulled in"
"Elliott Bennett","Bury","2008-2008","2007-2008","start earlier"
"Sergey Krivets","Dinamo Brest","2018-2019","2018-2020",""
"Sergey Krivets","Bate Borisov","2007-2013","2007-2014",""
"Frank Nouble","West Ham","2009-2010","2009-2011",""
"Frank Nouble","West Brom","2010-2010","2009-2009","start earlier + end pulled in"
"Frank Nouble","Barnsley","2010-2010","2010-2011",""
"Frank Nouble","Gillingham","2011-2011","2011-2011 + 2016-2016","stint split"
"Frank Nouble","Plymouth","2020-2021","2020-2020","end pulled in"
"Frank Nouble","Colchester","2018-2021","2018-2022",""
"Frank Nouble","Leyton Orient","2022-2022","2021-2021","start earlier + end pulled in"
"Frank Nouble","Yeovil Town","2023-2023","2023-2024",""
"Renato Sanches","Paris Saint Germain","2022-2024","2022-2022 + 2024-2024","stint split"
"Renato Sanches","Bayern München","2016-2019","2016-2016 + 2018-2019","stint split"
"Renato Sanches","AS Roma","2023-2024","2023-2023","end pulled in"
"Jarrad Branthwaite","Everton","2019-2025","2019-2021 + 2023-2025","stint split"
"Jarrad Branthwaite","Blackburn","2021-2021","2020-2020","start earlier + end pulled in"
"Jarrad Branthwaite","Carlisle","2018-2018","2018-2019",""
"Benjamin Marshall Perry","Northampton","2025-2025","2024-2025","start earlier"
"Wayne Brown","Hull City","2008-2008","2007-2008","start earlier"
"Kamarai Simon-Swyer","Northampton","2025-2025","2025-2026",""
"Kamarai Simon-Swyer","Crawley Town","2023-2024","2023-2023","end pulled in"
"Roberto Solozábal","Atletico Madrid","1995-1996","1992-1996","start earlier"
"Cameron Bragg","Southampton","2023-2025","2023-2023 + 2025-2026","stint split"
"Uwe Harttgen","Werder Bremen","1993-1997","1992-1997","start earlier"
"Travis Hernes","Shrewsbury","2022-2022","2022-2023",""
"Craig Hignett","Middlesbrough","1995-1996","1992-1996","start earlier"
"Gavin Peacock","Chelsea","1995-1995","1993-1995","start earlier"
"Giuseppe Pancaro","Cagliari","1996-1996","1992-1996","start earlier"
"Reda Khadra","Sheffield Utd","2022-2023","2022-2022","end pulled in"
"Darren Barnard","Barnsley","1997-1997","1997-2001",""
"Ajdin Hrustic","Groningen","2016-2019","2016-2020",""
"Danny Dichio","West Brom","2002-2002","2001-2002","start earlier"
"Danny Dichio","QPR","1995-1995","1994-1995","start earlier"
"Alberto Rivera","Real Madrid","2000-2000","1994-1994 + 2000-2000","start earlier + stint split"
"Lee Barnard","Southampton","2010-2011","2009-2011","start earlier"
"Richard Edghill","Manchester City","1995-2000","1993-2001","start earlier"
"Dele Alli","Besiktas","2022-2023","2022-2022","end pulled in"
"Karamoko Dembélé","Blackpool","2023-2024","2023-2023","end pulled in"
"Martin Olsson","Blackburn","2007-2011","2007-2012",""
"Jamie Redknapp","Liverpool","1995-2001","1992-2001","start earlier"
"Lewis McGugan","Watford","2013-2013","2013-2014",""
"Fabrice Pancrate","Paris Saint Germain","2004-2008","2004-2006 + 2008-2008","stint split"
"Dean Austin","Tottenham","1995-1996","1992-1996","start earlier"
"Borja Oubiña","Celta Vigo","2003-2013","2003-2006 + 2012-2013","stint split"
"Roque Santa Cruz","Blackburn","2007-2010","2007-2008 + 2010-2010","stint split"
"Daniel Neil","Ipswich","2026-2026","2025-2026","start earlier"
"Joshua Tymon","Stoke City","2017-2017","2017-2023",""
"Joshua Tymon","Swansea","2023-2025","2023-2026",""
"Suárez","Oviedo","1995-1997","1993-1997","start earlier"
"Jens Wemmer","Hibernians","2019-2020","2019-2019","end pulled in"
"Timm Klose","Norwich","2015-2019","2015-2020",""
"Christoph Klarer","Birmingham","2024-2025","2024-2026",""
"Rui Costa","Fiorentina","1996-2000","1994-2000","start earlier"
"Albert Tomas","Albacete","1995-1995","1994-1995","start earlier"
"Gabriel Barbosa","Inter","2016-2017","2016-2016","end pulled in"
"Michael Mason","Hamburger SV","1995-1996","1994-1996","start earlier"
"Max Sanders","Brighton","2017-2019","2017-2020",""
"Max Sanders","AFC Wimbledon","2019-2020","2019-2019","end pulled in"
"Manolo Sanchís","Real Madrid","1995-2000","1992-2000","start earlier"
"Cenk Tosun","Crystal Palace","2019-2020","2019-2019","end pulled in"
"Cenk Tosun","Beşiktaş","2014-2021","2014-2017 + 2020-2020 + 2022-2023","stint split"
"Hugo Duro","Getafe","2017-2021","2017-2019 + 2021-2021","stint split"
"Paul Ritchie","Manchester City","2000-2000","2000-2001",""
"Martín Satriano","Stade Brestois 29","2021-2023","2021-2021 + 2023-2023","stint split"
"Óscar Luis Celada","Zaragoza","1995-1996","1994-1996","start earlier"
"Fabrice Muamba","Birmingham","2007-2007","2006-2007","start earlier"
"Matt Jackson","Everton","1995-1995","1992-1995","start earlier"
"Zheng Zhi","Charlton","2006-2006","2006-2008",""
"Shaun Donnellan","Torquay","2022-2022","2022-2023",""
"Shaun Donnellan","Maidenhead","2020-2021","2020-2020","end pulled in"
"Riccardo Sottil","Fiorentina","2017-2025","2017-2019 + 2021-2025","stint split"
"Sam Johnstone","Preston","2015-2015","2014-2015","start earlier"
"Sam Johnstone","West Brom","2018-2020","2018-2021",""
"Sam Johnstone","Walsall","2013-2013","2012-2012","start earlier + end pulled in"
"Sam Johnstone","Doncaster","2014-2014","2013-2014","start earlier"
"Jesús Corona","Twente","2013-2014","2013-2015",""
"Marvin Sordell","Watford","2009-2010","2009-2011",""
"Marvin Sordell","Burnley","2014-2014","2014-2015",""
"Marvin Sordell","Bolton","2011-2011","2011-2012",""
"Marvin Sordell","Burton Albion","2016-2019","2016-2018","end pulled in"
"Marvin Sordell","Northampton","2019-2019","2018-2018","start earlier + end pulled in"
"Marvin Sordell","Coventry","2016-2017","2016-2016","end pulled in"
"David Batty","Blackburn","1995-1995","1993-1995","start earlier"
"René Tretschok","Borussia Dortmund","1995-1996","1992-1996","start earlier"
"Joseph Worrall","Burnley","2023-2025","2023-2026",""
"Juanele","Tenerife","1995-1998","1994-1998","start earlier"
"David Howells","Tottenham","1995-1997","1992-1997","start earlier"
"Jeremy Sarmiento Morante","Brighton","2021-2024","2021-2022 + 2024-2024","stint split"
"Jeremy Sarmiento Morante","Ipswich","2024-2024","2023-2023","start earlier + end pulled in"
"Jeremy Sarmiento Morante","West Brom","2023-2024","2023-2023","end pulled in"
"Jeremy Sarmiento Morante","Middlesbrough","2026-2026","2025-2026","start earlier"
"Karl Henry","Wolves","2006-2011","2006-2012",""
"Karl Henry","QPR","2013-2014","2013-2016",""
"Karl Henry","Stoke City","2005-2005","2002-2005","start earlier"
"Riccardo Calder","Doncaster","2015-2015","2015-2016",""
"David Bardsley","QPR","1995-1995","1992-1995","start earlier"
"Mark Uth","1. FC Köln","2019-2023","2019-2019 + 2021-2023","stint split"
"Josh Brownhill","Bristol City","2016-2018","2016-2019",""
"Jon McCracken","Accrington ST","2023-2024","2023-2023","end pulled in"
"Ryan Inniss","Crystal Palace","2011-2018","2011-2018 + 2020-2020","stint split"
"Ryan Shawcross","Stoke City","2007-2017","2007-2020",""
"Juan Valera Espín","Atletico Madrid","2005-2009","2005-2007 + 2009-2009","stint split"
"Beni Baningime","Derby","2021-2021","2020-2020","start earlier + end pulled in"
"Carl Cort","Wolves","2003-2003","2003-2006",""
"Alexander Cochrane","Brighton","2019-2019","2019-2020",""
"Alexander Cochrane","Birmingham","2024-2025","2024-2026",""
"Andy Dow","Chelsea","1995-1995","1993-1995","start earlier"
"Dino Baggio","Parma","1996-1999","1994-1999","start earlier"
"Zan Celar","QPR","2024-2024","2024-2025",""
"Marcel Lavinier","Forest Green","2023-2023","2023-2024",""
"Frankie Bennett","Southampton","1995-1995","1993-1995","start earlier"
"Finley Munroe","Middlesbrough","2026-2026","2025-2026","start earlier"
"George Thomas","QPR","2020-2021","2020-2022",""
"George Thomas","Cambridge United","2022-2024","2022-2023","end pulled in"
"Quade Taylor","Dulwich Hamlet","2016-2024","2016-2019","end pulled in"
"Luca Scapuzzi","Portsmouth","2012-2012","2011-2011","start earlier + end pulled in"
"Ian Pearce","West Ham","1997-2002","1997-2003",""
"Ian Pearce","Blackburn","1995-1997","1993-1997","start earlier"
"Asmir Begovic","Bournemouth","2007-2018","2007-2007 + 2017-2018 + 2020-2020","stint split"
"Asmir Begovic","QPR","2023-2024","2023-2023","end pulled in"
"Asmir Begovic","Yeovil Town","2008-2008","2007-2008","start earlier"
"Will Swan","Nottingham Forest","2020-2021","2020-2020","end pulled in"
"Will Swan","Bradford","2024-2025","2024-2026",""
"Will Swan","Port Vale","2021-2021","2020-2020","start earlier + end pulled in"
"Will Swan","Mansfield Town","2022-2023","2022-2024",""
"Nathan Dyer","Southampton","2005-2007","2005-2008",""
"Nathan Dyer","Swansea","2008-2017","2008-2017 + 2019-2019","stint split"
"Scott Golbourne","Reading","2007-2007","2005-2005 + 2007-2007","start earlier + stint split"
"Lloyd Doyley","Watford","2005-2006","2001-2014","start earlier"
"D'Mani Mellor","Rochdale","2023-2023","2022-2022","start earlier + end pulled in"
"D'Mani Mellor","Sutton Utd","2023-2024","2023-2023","end pulled in"
"D'Mani Mellor","Salford City","2021-2022","2021-2021","end pulled in"
"Tim Hoogland","FC Schalke 04","2004-2006 + 2011-2013","2004-2006 + 2011-2011 + 2013-2013","stint split"
"Paco Alcácer","Valencia","2010-2016","2010-2011 + 2013-2016","stint split"
"Tawanda Chirewa","Huddersfield","2025-2025","2024-2025","start earlier"
"Tawanda Chirewa","Wolves","2023-2025","2023-2023 + 2025-2026","stint split"
"Marc Albrighton","Leicester","2014-2022","2014-2023",""
"Marc Albrighton","West Brom","2023-2023","2022-2022","start earlier + end pulled in"
"Michael Prus","FC Schalke 04","1995-1996","1992-1996","start earlier"
"Connor Ronan","Wolves","2015-2022","2015-2017 + 2022-2022","stint split"
"Connor Ronan","Portsmouth","2018-2018","2017-2017","start earlier + end pulled in"
"Connor Ronan","Blackpool","2019-2020","2019-2019","end pulled in"
"Ângelo","Strasbourg","2023-2024","2023-2023","end pulled in"
"Cameron Peupion","Brighton","2022-2022","2022-2024",""
"Micah Hyde","Watford","1999-1999","1999-2003",""
"Arturo Calabresi","Bologna","2018-2020","2018-2018 + 2020-2020","stint split"
"Andy Cole","Manchester United","1995-2001","1994-2001","start earlier"
"Nigel Gibbs","Watford","1999-1999","1999-2001",""
"David Babunski","FC Botosani","2019-2019","2019-2020",""
"Robert Lainton","Wrexham","2018-2023","2018-2022","end pulled in"
"Jessic Ngankam","Hertha BSC","2019-2022","2019-2020 + 2022-2022","stint split"
"Dmitri Kharine","Chelsea","1995-1998","1992-1998","start earlier"
"Jesús García Sanjuán","Zaragoza","1995-1997","1992-1997","start earlier"
"Christian Ziege","Bayern München","1994-1996","1992-1996","start earlier"
"Auston Trusty","Birmingham","2022-2023","2022-2022","end pulled in"
"Auston Trusty","Sheffield Utd","2023-2023","2023-2024",""
"Ionel Ganea","Wolves","2003-2003","2003-2005",""
"Brian Jensen","Burnley","2009-2009","2003-2012","start earlier"
"Oriol Romeu","Southampton","2015-2025","2015-2022 + 2025-2025","stint split"
"Oriol Romeu","Girona","2022-2024","2022-2022 + 2024-2024","stint split"
"Fodé Koita","Blackburn","2015-2016","2015-2015","end pulled in"
"Markus Schupp","Bayern München","1994-1994","1992-1994","start earlier"
"Domingos Quina","Fulham","2021-2022","2021-2021","end pulled in"
"Domingos Quina","Watford","2018-2019","2018-2020 + 2022-2022","stint split"
"Domingos Quina","Barnsley","2022-2022","2021-2021","start earlier + end pulled in"
"Domingos Quina","Pafos","2024-2024","2024-2025",""
"Matthew Pennington","Walsall","2016-2016","2015-2015","start earlier + end pulled in"
"Matthew Pennington","Bradford","2024-2025","2024-2026",""
"Matthew Pennington","Blackpool","2023-2023","2023-2024",""
"Ivan Perišić","Inter","2015-2021","2015-2018 + 2020-2021","stint split"
"Kieron Freeman","Derby","2012-2012","2012-2013",""
"Kieron Freeman","Oldham","2023-2024","2023-2023","end pulled in"
"Kieron Freeman","Swindon Town","2021-2021","2020-2020","start earlier + end pulled in"
"Kieron Freeman","Portsmouth","2015-2022","2015-2015 + 2021-2022","stint split"
"Kieron Freeman","Mansfield Town","2011-2011","2011-2014",""
"Kieron Freeman","Notts County","2012-2013","2011-2011 + 2013-2013","start earlier + stint split"
"David Brooks","Southampton","2024-2024","2023-2023","start earlier + end pulled in"
"Morten Gamst Pedersen","Blackburn","2004-2011","2004-2012",""
"Victor da Silva","Burnley","2022-2023","2022-2024",""
"João Virgínia","Everton","2019-2020","2019-2020 + 2023-2024","stint split"
"João Virgínia","Reading","2019-2020","2019-2019","end pulled in"
"João Virgínia","Sporting CP","2021-2025","2021-2021 + 2025-2025","stint split"
"Ian Wright","Arsenal","1995-1997","1992-1997","start earlier"
"Andreas Fischer","Hamburger SV","1995-2000","1994-2000","start earlier"
"Günter Kutowski","Borussia Dortmund","1995-1995","1992-1995","start earlier"
"Ryan McLaughlin","Barnsley","2014-2014","2013-2013","start earlier + end pulled in"
"Ryan McLaughlin","Blackpool","2018-2019","2018-2018","end pulled in"
"Ryan McLaughlin","Morecambe","2021-2022","2021-2021","end pulled in"
"Graham Burke","Preston","2018-2019","2018-2018","end pulled in"
"Graham Burke","Shamrock Rovers","2017-2026","2017-2017 + 2020-2026","stint split"
"Graham Burke","Gillingham","2019-2019","2018-2018","start earlier + end pulled in"
"José Sosa","Metalist","2011-2014","2011-2013","end pulled in"
"Marc Tierney","Bolton","2013-2015","2013-2013","end pulled in"
"Marc Tierney","Shrewsbury","2008-2008","2006-2008","start earlier"
"Marc Tierney","Colchester","2009-2009","2008-2010","start earlier"
"Aitor Huegún","Athletic Club","1997-1997","1993-1997","start earlier"
"Samuel Hoskins","Northampton","2015-2025","2015-2026",""
"Joleon Lescott","Wolves","2005-2005","2001-2005","start earlier"
"Osei Sankofa","Charlton","2002-2006","2002-2007",""
"Manuel Almunia","Watford","2012-2014","2012-2013","end pulled in"
"Lorenzo Davids","Bournemouth","2012-2013","2012-2012","end pulled in"
"Glenn Helder","Arsenal","1995-1996","1994-1996","start earlier"
"Emmerson Boyce","Crystal Palace","2004-2004","2004-2005",""
"Tim Sherwood","Blackburn","1995-1998","1992-1998","start earlier"
"Tim Sherwood","Portsmouth","2003-2003","2002-2003","start earlier"
"Kevin Gallen","QPR","1995-1995","1994-1995 + 2002-2006","start earlier + stint split"
"Viljami Sinisalo","Burton Albion","2022-2023","2022-2022","end pulled in"
"Viljami Sinisalo","Exeter City","2023-2024","2023-2023","end pulled in"
"Raffaele Longo","Napoli","1996-1997","1994-1997","start earlier"
"Armand Traoré","Arsenal","2006-2011","2006-2007 + 2009-2009 + 2011-2011","stint split"
"Mason Burstow","Sunderland","2023-2024","2023-2023","end pulled in"
"Gary Hooper","Barnet","2023-2024","2023-2023","end pulled in"
"Gary Hooper","Leyton Orient","2007-2007","2006-2007","start earlier"
"Gary Hooper","Hereford United","2008-2008","2007-2007","start earlier + end pulled in"
"Benjamin Chrisene","Norwich","2024-2025","2024-2026",""
"Lewis Price","Crystal Palace","2010-2014","2010-2011","end pulled in"
"Lewis Price","Rotherham","2016-2020","2016-2019","end pulled in"
"Lewis Price","Mansfield Town","2014-2014","2013-2013","start earlier + end pulled in"
"Igor Bališ","West Brom","2002-2002","2001-2002","start earlier"
"Matthew Craig","Doncaster","2024-2024","2023-2023","start earlier + end pulled in"
"Neco Williams","Fulham","2022-2022","2021-2021","start earlier + end pulled in"
"Charlie Savage","Reading","2023-2025","2023-2026",""
"Brennan Camp","Bournemouth","2019-2019","2019-2021",""
"Brennan Camp","Eastleigh","2021-2024","2021-2022","end pulled in"
"Dion Sanderson","Cardiff","2020-2020","2019-2019","start earlier + end pulled in"
"Dion Sanderson","Birmingham","2021-2024","2021-2025",""
"Dion Sanderson","Blackburn","2025-2025","2024-2025","start earlier"
"Dion Sanderson","Derby","2025-2025","2025-2026",""
"Dion Sanderson","QPR","2022-2022","2021-2021","start earlier + end pulled in"
"Filip Benkovic","Cardiff","2020-2021","2020-2020","end pulled in"
"Filip Benkovic","Leicester","2018-2020","2018-2019","end pulled in"
"Filip Benkovic","Bristol City","2020-2020","2019-2019","start earlier + end pulled in"
"Kaide Gordon","Liverpool","2021-2025","2021-2023 + 2025-2025","stint split"
"Colin Pates","Arsenal","1991-1991","1991-1992",""
"Ray Parlour","Arsenal","1995-2003","1992-2003","start earlier"
"Răzvan Marin","Viitorul Constanta","2012-2015","2012-2016",""
"Adam Davies","Stoke City","2019-2020","2019-2021",""
"David Amoo","Hull City","2011-2011","2010-2010","start earlier + end pulled in"
"David Amoo","Ebbsfleet United","2023-2024","2023-2023","end pulled in"
"Kevin McDonald","Fulham","2016-2018","2016-2019",""
"Kevin McDonald","Exeter City","2022-2025","2022-2022 + 2024-2025","stint split"
"Adama Diomande","Hull City","2015-2016","2015-2017",""
"Jacob Murphy","Newcastle","2017-2025","2017-2018 + 2020-2025","stint split"
"Jacob Murphy","West Brom","2019-2019","2018-2018","start earlier + end pulled in"
"Jacob Murphy","Norwich","2013-2014","2013-2016",""
"Jacob Murphy","Sheffield Wednesday","2019-2020","2019-2019","end pulled in"
"Rohan Ince","Fulham","2016-2016","2015-2015","start earlier + end pulled in"
"Rohan Ince","Brighton","2013-2016","2013-2017",""
"Rohan Ince","Bury","2017-2018","2017-2017","end pulled in"
"Rohan Ince","Swindon Town","2017-2017","2016-2016","start earlier + end pulled in"
"Rohan Ince","Woking","2021-2024","2021-2023","end pulled in"
"Danny da Costa","FSV Mainz 05","2020-2025","2020-2020 + 2022-2025","stint split"
"Thomas Kaminski","Luton","2023-2023","2023-2024",""
"Keylor Navas","Paris Saint Germain","2019-2023","2019-2021 + 2023-2023","stint split"
"Andy Reid","Charlton","2006-2006","2006-2007",""
"Darnell Furlong","West Brom","2019-2020","2019-2025",""
"Darnell Furlong","QPR","2014-2014","2014-2018",""
"Darnell Furlong","Swindon Town","2016-2017","2016-2016","end pulled in"
"Antonio Rivas","Oviedo","1995-1998","1992-1998","start earlier"
"Evann Guessand","Nice","2019-2024","2019-2021 + 2023-2024","stint split"
"Umar Sadiq","AS Roma","2015-2017","2015-2015","end pulled in"
"Umar Sadiq","Bologna","2016-2017","2016-2016","end pulled in"
"Wanya Marçal","Leicester","2025-2025","2021-2025","start earlier"
"Toni Kroos","Bayern München","2007-2013","2007-2008 + 2010-2013","stint split"
"Jorge Otero","Valencia","1995-1996","1994-1996","start earlier"
"Fernando Hierro","Real Madrid","1995-2002","1992-2002","start earlier"
"Marcus Tavernier","Milton Keynes Dons","2018-2018","2017-2018","start earlier"
"Lewis Cass","Stockport County","2024-2024","2023-2023","start earlier + end pulled in"
"Florentino","Getafe","2021-2022","2021-2021","end pulled in"
"Seb Hines","Middlesbrough","2007-2008","2007-2014",""
"Oli","Oviedo","1995-1996 + 2000-2000","1992-1996 + 2000-2000","start earlier"
"Stephen Hughes","Arsenal","1995-1999","1994-1999","start earlier"
"Djed Spence","Tottenham","2022-2025","2022-2022 + 2024-2025","stint split"
"Djed Spence","Leeds","2023-2024","2023-2023","end pulled in"
"Djed Spence","Middlesbrough","2018-2020","2018-2021",""
"Djed Spence","Rennes","2022-2023","2022-2022","end pulled in"
"David Unsworth","Everton","1995-2003","1992-1996 + 1998-2003","start earlier + stint split"
"Lloyd Sam","Charlton","2004-2006","2004-2009",""
"Davide Brivio","Atalanta","2012-2015","2012-2013 + 2015-2015","stint split"
"Phil Jagielka","Derby","2021-2022","2021-2021","end pulled in"
"Phil Jagielka","Stoke City","2021-2023","2021-2022","end pulled in"
"Alcázar","Rayo Vallecano","1995-2001","1993-2001","start earlier"
"Mikel Lasa","Real Madrid","1995-1996","1992-1996","start earlier"
"Karl Ready","QPR","1995-1995","1992-1995","start earlier"
"Alan Smith","Arsenal","1991-1991","1991-1994",""
"Aaron Ramsdale","Sheffield Utd","2015-2020","2015-2021",""
"Aaron Ramsdale","Chesterfield","2018-2018","2017-2017","start earlier + end pulled in"
"Taylor Gardner-Hickman","Birmingham","2024-2024","2024-2025",""
"Taylor Gardner-Hickman","Bristol City","2023-2023","2023-2024",""
"Taylor Gardner-Hickman","West Brom","2020-2022","2020-2023",""
"Dan Agyei","Oxford United","2019-2020","2019-2021",""
"Dan Agyei","Walsall","2017-2018","2017-2017","end pulled in"
"Diego","VfL Wolfsburg","2010-2013","2010-2010 + 2012-2013","stint split"
"Diego","Atletico Madrid","2011-2013","2011-2011 + 2013-2013","stint split"
"Michael McGovern","Norwich","2016-2019","2016-2021",""
"Eric Cantona","Manchester United","1993-1996","1992-1996","start earlier"
"Ricardo Costa","Boavista","2019-2020","2019-2019","end pulled in"
"Sergio Floccari","Lazio","2009-2013","2009-2010 + 2012-2013","stint split"
"Eddie Newton","Chelsea","1995-1998","1992-1998","start earlier"
"José Antonio de la Sagra","Atletico Madrid","1995-1995","1994-1995","start earlier"
"Mohamadou Kanté","West Ham","2024-2025","2024-2026",""
"Jordan Lussey","Marine","2022-2024","2022-2023","end pulled in"
"Danny Guthrie","Fulham","2015-2015","2014-2014","start earlier + end pulled in"
"Danny Guthrie","Reading","2012-2012","2012-2014",""
"Daryl Janmaat","Newcastle","2014-2015","2014-2016",""
"Ryan Flamingo","Vitesse","2022-2023","2022-2022","end pulled in"
"Ryan Flamingo","Utrecht","2023-2023","2023-2024",""
"César Meza Colli","Şamaxı FK","2013-2020","2013-2018","end pulled in"
"César Meza Colli","Neftchi Baku","2021-2022","2021-2021","end pulled in"
"Mipo Odubeko","West Ham","2022-2022","2020-2020","start earlier + end pulled in"
"Mipo Odubeko","Doncaster","2022-2022","2021-2021","start earlier + end pulled in"
"Alexander Esswein","Hertha BSC","2016-2019","2016-2017 + 2019-2019","stint split"
"Dean Leacock","Fulham","2003-2005","2003-2003 + 2005-2005","stint split"
"Nicolò Cambiaghi","Bologna","2022-2025","2022-2022 + 2024-2025","stint split"
"Lewis Koumas","Hull City","2026-2026","2025-2026","start earlier"
"Daniel James","Fulham","2022-2023","2022-2022","end pulled in"
"Ugo Ehiogu","Aston Villa","1995-2000","1992-2000","start earlier"
"Edouard Kayembe Kayembe","Watford","2021-2025","2021-2026",""
"Jim Allevinah","Angers","2022-2025","2022-2022 + 2024-2025","stint split"
"Andre Wisdom","Derby","2013-2020","2013-2013 + 2017-2020","stint split"
"Marco Russ","Eintracht Frankfurt","2005-2019","2005-2010 + 2012-2019","stint split"
"Aleix Vidal","Sevilla","2014-2014 + 2018-2020","2014-2014 + 2018-2018 + 2020-2020","stint split"
"Angelo Gregucci","Reggiana","1996-1996","1994-1996","start earlier"
"Tino Anjorin","Huddersfield","2022-2022","2021-2022","start earlier"
"Tino Anjorin","Portsmouth","2023-2024","2023-2023","end pulled in"
"Steve Simonsen","Stoke City","2008-2009","2004-2009","start earlier"
"Anders Lindegaard","West Brom","2015-2016","2015-2015","end pulled in"
"Kieffer Moore","Cardiff","2020-2020","2020-2021",""
"Kieffer Moore","Ipswich","2016-2016","2016-2023",""
"Kieffer Moore","Wrexham","2025-2025","2025-2026",""
"Islam Slimani","Newcastle","2017-2018","2017-2017","end pulled in"
"Islam Slimani","Sporting CP","2013-2015 + 2021-2021","2013-2016 + 2021-2021",""
"Islam Slimani","CR Belouizdad","2009-2012","2009-2012 + 2024-2024","stint split"
"George McCartney","West Ham","2006-2008 + 2012-2013","2006-2008 + 2011-2013",""
"Palacios","Rayo Vallecano","1995-1995","1993-1995","start earlier"
"Juan Luis Mora","Oviedo","1995-1998","1993-1998","start earlier"
"Ismaila Coulibaly","Sheffield Utd","2022-2022","2022-2024",""
"Jamie Reckord","Northampton","2011-2011","2010-2010","start earlier + end pulled in"
"Jamie Reckord","Scunthorpe","2012-2012","2011-2011","start earlier + end pulled in"
"Jamie Reckord","Swindon Town","2014-2014","2013-2013","start earlier + end pulled in"
"Jamie Reckord","Wrexham","2020-2020","2020-2021",""
"Nigel Spink","Aston Villa","1995-1995","1992-1995","start earlier"
"Marcus Marin","MSV Duisburg","1996-1996","1994-1996","start earlier"
"Matthew Cox","Bristol Rovers","2023-2024","2023-2023","end pulled in"
"Fernando Gómez Colomer","Valencia","1995-1997","1992-1997","start earlier"
"Mohamed Diamé","Hull City","2014-2014","2014-2015",""
"Kyle Walker","Burnley","2023-2025","2023-2023 + 2025-2026","stint split"
"Janoi Donacien","Fleetwood Town","2021-2021","2020-2020","start earlier + end pulled in"
"Artim Šakiri","West Brom","2004-2004","2003-2004","start earlier"
"João Carlos Teixeira","Liverpool","2013-2015","2013-2013 + 2015-2015","stint split"
"João Carlos Teixeira","Brighton","2014-2015","2014-2014","end pulled in"
"João Carlos Teixeira","Brentford","2013-2014","2013-2013","end pulled in"
"Jordan Obita","Gillingham","2012-2012","2011-2012","start earlier"
"Jordan Obita","Barnet","2012-2012","2011-2012","start earlier"
"Andrew Davies","Southampton","2007-2008","2007-2007","end pulled in"
"Andrew Davies","Preston","2009-2009","2008-2009","start earlier"
"Andrew Davies","Middlesbrough","2002-2007","2002-2007 + 2010-2010","stint split"
"Fabio Caserta","Atalanta","2009-2011","2009-2009 + 2011-2011","stint split"
"Richard Golz","Hamburger SV","1995-1997","1992-1997","start earlier"
"Adem Ljajic","Beşiktaş","2018-2020","2018-2022",""
"Adem Ljajic","Fatih Karagümrük","2022-2022","2022-2023",""
"Harry Arter","Bournemouth","2010-2017","2010-2017 + 2020-2020","stint split"
"Harry Arter","Nottingham Forest","2020-2023","2020-2020","end pulled in"
"Hugo Bueno López","Wolves","2020-2025","2020-2023 + 2025-2026","stint split"
"Adil Aouchiche","Portsmouth","2025-2025","2024-2025","start earlier"
"Brandon Comley","QPR","2014-2014","2014-2016",""
"Brandon Comley","Walsall","2025-2025","2022-2025","start earlier"
"Brandon Comley","Colchester","2017-2017","2017-2019",""
"Kerim Frei","Birmingham","2017-2017","2016-2016","start earlier + end pulled in"
"Abel Hernández","Hull City","2014-2016","2014-2017",""
"Milan Petrzela","Plzen","2007-2018","2007-2011 + 2013-2018","stint split"
"Éver Banega","Valencia","2007-2013","2007-2007 + 2009-2013","stint split"
"Éver Banega","Sevilla","2014-2019","2014-2015 + 2017-2019","stint split"
"Marlon Fossey","Fulham","2018-2021","2018-2022",""
"Marlon Fossey","Bolton","2022-2022","2021-2021","start earlier + end pulled in"
"Gianluigi Buffon","Juventus","2001-2020","2001-2017 + 2019-2020","stint split"
"Max Ehmer","Gillingham","2014-2024","2014-2019 + 2021-2024","stint split"
"Max Ehmer","Stevenage","2013-2013","2012-2013","start earlier"
"Max Ehmer","Yeovil Town","2011-2011","2010-2011","start earlier"
"David Wheater","Middlesbrough","2005-2008","2005-2010",""
"Mark Hughes","Manchester United","1993-1994","1992-1994","start earlier"
"Elliot Watt","Burton Albion","2023-2023","2023-2024",""
"Elliot Watt","Carlisle","2020-2020","2019-2019","start earlier + end pulled in"
"Elliot Watt","Salford City","2022-2022","2022-2023",""
"Cristian López","Northampton","2014-2014","2013-2013","start earlier + end pulled in"
"Alfie Pond","Exeter City","2020-2021","2020-2022",""
"Alfie Pond","Stockport County","2023-2024","2023-2023","end pulled in"
"Benjamin Brereton Díaz","Southampton","2024-2024","2024-2026",""
"Benjamin Brereton Díaz","Sheffield Utd","2023-2023","2023-2024",""
"Benjamin Brereton Díaz","Villarreal","2023-2024","2023-2023","end pulled in"
"Juan Esnáider","Real Madrid","1995-1995","1992-1992 + 1995-1995","start earlier + stint split"
"Juan Esnáider","Zaragoza","2000-2000","1993-1994 + 2000-2000","start earlier + stint split"
"Martí Riverola","Atlètic Club d'Escaldes","2022-2022","2022-2023",""
"Igor Julio","FC Liefering","2016-2016","2016-2017",""
"Olaf Thon","FC Schalke 04","1995-2001","1994-2001","start earlier"
"Alessandro Calori","Udinese","1996-1998","1992-1998","start earlier"
"Nino Lema","Rayo Vallecano","1995-1995","1992-1995","start earlier"
"Ryan Schofield","Notts County","2019-2019","2018-2018","start earlier + end pulled in"
"Nicolás Bertolo","Palermo","2009-2012","2009-2009 + 2011-2012","stint split"
"Álvaro Giménez","Birmingham","2019-2020","2019-2019","end pulled in"
"Daniel Johnson","Stoke City","2023-2023","2023-2024",""
"Daniel Johnson","Yeovil Town","2012-2013","2012-2012","end pulled in"
"Jamie Carson McDonnell","Oxford United","2026-2026","2025-2026","start earlier"
"Juanmi","Zaragoza","1995-2001","1993-2001","start earlier"
"Maksymilian Stryjek","Wycombe","2022-2022","2022-2023",""
"Mohamed Zidan","Werder Bremen","2004-2006","2004-2004 + 2006-2006","stint split"
"Joshua Keeley","Luton","2025-2025","2025-2026",""
"Emyr Huws","Colchester","2021-2023","2021-2022","end pulled in"
"James Tilley","Brighton","2014-2014","2014-2017",""
"James Tilley","AFC Wimbledon","2023-2025","2023-2026",""
"James Tilley","Grimsby","2019-2019","2019-2020",""
"Joël Piroe","Swansea","2021-2022","2021-2023",""
"Joël Piroe","Sparta Rotterdam","2019-2020","2019-2019","end pulled in"
"Javan Vidal","Derby","2010-2010","2009-2009","start earlier + end pulled in"
"Arnaut Danjuma","Bournemouth","2019-2019","2019-2020",""
"Arnaut Danjuma","NEC Nijmegen","2016-2017","2016-2016","end pulled in"
"Arnaut Danjuma","Villarreal","2021-2024","2021-2022 + 2024-2024","stint split"
"Kyle Knoyle","Doncaster","2021-2021","2021-2022",""
"Kyle Knoyle","Stockport County","2022-2023","2022-2024",""
"Heiðar Helguson","Watford","1999-1999","1999-2004 + 2009-2009","stint split"
"David Edgar","Burnley","2009-2009","2009-2013",""
"Steve Lomas","West Ham","1996-2002","1996-2004",""
"Steve Lomas","Manchester City","1995-1995","1993-1995","start earlier"
"Diego Costa","Atletico Madrid","2010-2013 + 2017-2020","2010-2010 + 2012-2013 + 2017-2020","stint split"
"Diego Latorre","Tenerife","1995-1995","1992-1995","start earlier"
"Juninho Bacuna","Huddersfield","2018-2018","2018-2020",""
"Juninho Bacuna","Birmingham","2021-2024","2021-2023","end pulled in"
"Mario Lemina","Galatasaray","2019-2019 + 2025-2025","2019-2019 + 2024-2025",""
"Michael Dawson","Hull City","2014-2016","2014-2017",""
"Michael Dawson","Nottingham Forest","2018-2020","2018-2019","end pulled in"
"Pierluigi Orlandini","Atalanta","2001-2001","1993-1993 + 2001-2001","start earlier + stint split"
"Matt Duke","Hull City","2008-2009","2004-2004 + 2006-2010","start earlier + stint split"
"Razvan Rat","Rayo Vallecano","2013-2015","2013-2013 + 2015-2015","stint split"
"Mathieu Peybernes","Apollon Limassol","2022-2023","2022-2022","end pulled in"
"Sidnei Vieira David Tavares","Blackburn","2025-2025","2025-2026",""
"Jay Fulton","Swansea","2013-2025","2013-2017 + 2019-2026","stint split"
"Fabien Robert","Lorient","2007-2014","2007-2008 + 2010-2014","stint split"
"Fabien Robert","Doncaster","2012-2012","2011-2011","start earlier + end pulled in"
"Ruud Gullit","AC Milan","1992-1994","1992-1992 + 1994-1994","stint split"
"George Elokobi","Wolves","2008-2011","2007-2013","start earlier"
"George Elokobi","Colchester","2005-2016","2005-2007 + 2015-2016","stint split"
"George Elokobi","Maidstone Utd","2019-2020","2019-2019","end pulled in"
"Jonathan Obika","Charlton","2013-2014","2012-2013","start earlier + end pulled in"
"Jonathan Obika","Swindon Town","2010-2016","2010-2010 + 2014-2016","stint split"
"Jonathan Obika","Morecambe","2021-2021","2021-2022",""
"Jonathan Obika","Yeovil Town","2009-2011","2008-2011","start earlier"
"Steve Morrow","Arsenal","1995-1996","1992-1996","start earlier"
"Greg Halford","Brighton","2014-2015","2014-2014","end pulled in"
"Greg Halford","Rotherham","2015-2015","2015-2016",""
"Greg Halford","Charlton","2008-2008","2007-2008","start earlier"
"Greg Halford","Colchester","2005-2005","2002-2006","start earlier"
"Luke Harris","Fulham","2022-2023","2022-2024",""
"Luke Harris","Exeter City","2024-2024","2023-2023","start earlier + end pulled in"
"Demarai Gray","Birmingham","2013-2025","2013-2015 + 2025-2026","stint split"
"Junior Robinson","Boreham Wood","2026-2026","2025-2026","start earlier"
"Josh Clackstone","Hull City","2016-2016","2016-2017",""
"Josh Clackstone","Notts County","2017-2017","2016-2016","start earlier + end pulled in"
"Josh Clackstone","Alfreton Town","2018-2024","2018-2023","end pulled in"
"Berkant Göktan","Bayern München","1998-2000","1998-1998 + 2000-2000","stint split"
"Harvey Rodgers","Grimsby","2023-2025","2023-2026",""
"Étienne Capoue","Watford","2015-2019","2015-2020",""
"Ed Turns","Brighton","2023-2023","2021-2022","start earlier + end pulled in"
"Ed Turns","Crewe","2024-2024","2023-2023","start earlier + end pulled in"
"Ed Turns","Leyton Orient","2023-2023","2022-2023","start earlier"
"Nathan Aké","Chelsea","2012-2016","2012-2014 + 2016-2016","stint split"
"Nathan Aké","Reading","2015-2015","2014-2015","start earlier"
"Ross Wallace","Fleetwood Town","2018-2018","2018-2019",""
"Thomas Brdarić","Hannover 96","2003-2006","2003-2003 + 2005-2006","stint split"
"William Lankshear","West Brom","2025-2025","2024-2025","start earlier"
"Jamie Bowden","Oldham","2021-2022","2021-2021","end pulled in"
"Jacob Brown","Stoke City","2020-2022","2020-2023",""
"Jacob Brown","Barnsley","2016-2019","2016-2016 + 2018-2019","stint split"
"Jacob Brown","Chesterfield","2018-2018","2017-2017","start earlier + end pulled in"
"Jacob Brown","Portsmouth","2026-2026","2025-2026","start earlier"
"David Strelec","Slovan Bratislava","2017-2025","2017-2021 + 2023-2025","stint split"
"Ryan Huddart","Boreham Wood","2018-2020","2018-2018","end pulled in"
"Leroy Fer","QPR","2014-2014","2014-2015",""
"Milutin Osmajić","Preston","2023-2025","2023-2026",""
"Hélder Postiga","FC Porto","2001-2001 + 2004-2007","2001-2001 + 2004-2004 + 2006-2007","stint split"
"Djimi Traoré","Liverpool","2000-2005","2000-2000 + 2002-2005","stint split"
"Emmanuel Onariase","Scunthorpe","2020-2020","2020-2021",""
"Emmanuel Onariase","Dagenham & Redbridge","2018-2022","2018-2019 + 2022-2022","stint split"
"Corentin Martins","Strasbourg","1997-2003","1997-1998 + 2000-2003","stint split"
"Francesco Coco","AC Milan","1996-2001","1996-1998 + 2000-2001","stint split"
"Peter Crouch","Portsmouth","2008-2008","2001-2001 + 2008-2008","start earlier + stint split"
"Frank Sinclair","Chelsea","1995-1997","1992-1997","start earlier"
"Casemiro","Real Madrid","2012-2022","2012-2013 + 2015-2022","stint split"
"Kristjan Asllani","Beşiktaş","2026-2026","2025-2026","start earlier"
"Oussama Idrissi","Sevilla","2020-2022","2020-2021","end pulled in"
"Oussama Idrissi","Cadiz","2021-2022","2021-2021","end pulled in"
"Salva Ballesta","Malaga","2003-2005 + 2008-2008","2003-2003 + 2005-2005 + 2008-2008","stint split"
"Cieran Slicker","Rochdale","2022-2023","2022-2022","end pulled in"
"Luke Mbete","Huddersfield","2022-2023","2022-2022","end pulled in"
"Luke Mbete","Bolton","2023-2023","2022-2022","start earlier + end pulled in"
"Egil Selvik","Watford","2025-2025","2024-2025","start earlier"
"Jordi Osei-Tutu","Cardiff","2020-2021","2020-2020","end pulled in"
"Jordi Osei-Tutu","Nottingham Forest","2021-2022","2021-2021","end pulled in"
"Jordi Osei-Tutu","Rotherham","2022-2022","2021-2021","start earlier + end pulled in"
"Massimo Crippa","Parma","1996-1997","1993-1997","start earlier"
"Robbie Keane","Coventry","1999-2000","1999-1999","end pulled in"
"Clarke Carlisle","Watford","2006-2006","2005-2006","start earlier"
"Clarke Carlisle","Burnley","2009-2009","2007-2010","start earlier"
"Ángelo Balanta","Yeovil Town","2013-2013","2012-2012","start earlier + end pulled in"
"Ángelo Balanta","Dagenham & Redbridge","2019-2022","2019-2021","end pulled in"
"Ángelo Balanta","Boreham Wood","2016-2024","2016-2017 + 2023-2023","end pulled in + stint split"
"Iñigo Idiakez","Real Sociedad","1995-2001","1992-2001","start earlier"
"Jonathan Clauss","Nice","2022-2025","2022-2022 + 2024-2025","stint split"
"Moritz Jenz","VfL Wolfsburg","2023-2025","2023-2023 + 2025-2025","stint split"
"Tyler D'Whyte Roberts","Birmingham","2023-2023","2023-2024",""
"Tyler D'Whyte Roberts","Mansfield Town","2025-2025","2025-2026",""
"Luca Fusi","Juventus","1995-1995","1994-1995","start earlier"
"Stefano Maccoppi","Piacenza","1996-1996","1993-1996","start earlier"
"Dean Hammond","Brighton","2012-2012","2002-2002 + 2004-2007 + 2012-2012","start earlier + stint split"
"Dean Hammond","Colchester","2008-2008","2007-2009","start earlier"
"Stuart O'Keefe","Aldershot Town","2023-2024","2023-2023","end pulled in"
"Jack Hunt","Huddersfield","2010-2012","2010-2013",""
"Jack Hunt","Wigan","2026-2026","2025-2026","start earlier"
"Jack Hunt","Rotherham","2015-2015","2014-2015","start earlier"
"Jack Hunt","Barnsley","2014-2014","2013-2014","start earlier"
"Jacob Wakeling","Swindon Town","2022-2022","2022-2023",""
"Bright Enobakhare","Coventry","2018-2018","2018-2018 + 2021-2021","stint split"
"Anthony Patterson","Millwall","2026-2026","2025-2026","start earlier"
"Anthony Patterson","Notts County","2022-2022","2021-2021","start earlier + end pulled in"
"Lorenzo Colombo","AC Milan","2019-2025","2019-2022 + 2024-2025","stint split"
"Michelangelo Rampulla","Juventus","1995-2000","1992-2000","start earlier"
"Liam Cooper","Leeds","2014-2022","2014-2023",""
"Liam Cooper","Hull City","2008-2009","2008-2011",""
"Liam Cooper","Chesterfield","2012-2013","2012-2014",""
"Reto Ziegler","Tottenham","2004-2006","2004-2004 + 2006-2006","stint split"
"Ibrahima Sonko","Reading","2006-2007","2004-2008","start earlier"
"Lucas Chevalier","Paris Saint Germain","2022-2025","2022-2022 + 2024-2025","stint split"
"Sone Aluko","Fulham","2016-2016","2016-2017",""
"Sone Aluko","Ipswich","2021-2024","2021-2023","end pulled in"
"Sone Aluko","Hull City","2012-2014","2012-2015",""
"Chris Morgan","Barnsley","1997-1997","1997-2002",""
"Peter Ramage","Birmingham","2012-2012","2011-2011","start earlier + end pulled in"
"Peter Ramage","Coventry","2016-2016","2015-2015","start earlier + end pulled in"
"Martin Paterson","Burnley","2009-2009","2008-2012","start earlier"
"Guglielmo Stendardo","Lazio","2005-2010","2005-2007 + 2009-2010","stint split"
"Joel Mumbongo","Tranmere","2022-2023","2022-2022","end pulled in"
"Oliver Burke","Birmingham","2023-2024","2023-2023","end pulled in"
"Oliver Burke","Millwall","2021-2021","2021-2022",""
"Oliver Burke","West Brom","2017-2017","2017-2019",""
"Oliver Burke","Sheffield Utd","2020-2020","2020-2021",""
"Oliver Burke","Union Berlin","2022-2025","2022-2022 + 2024-2025","stint split"
"Carl Dickinson","Stoke City","2008-2008","2005-2008","start earlier"
"Matteo Pessina","Atalanta","2017-2021","2017-2018 + 2020-2021","stint split"
"Jiří Němec","FC Schalke 04","1995-2001","1993-2001","start earlier"
"Dan Nlundulu","Cheltenham","2021-2021","2021-2022",""
"Dan Nlundulu","Lincoln","2021-2022","2021-2021","end pulled in"
"Finn Azaz","Southampton","2025-2025","2025-2026",""
"Finn Azaz","Middlesbrough","2023-2024","2023-2025",""
"Finn Azaz","Plymouth","2022-2022","2022-2023",""
"Borja Bastón","Swansea","2016-2016","2016-2016 + 2019-2019","stint split"
"Michael Duberry","Chelsea","1995-1998","1993-1998","start earlier"
"Michael Duberry","Reading","2006-2007","2006-2008",""
"Oliver Westerbeek","MSV Duisburg","1996-1996","1993-1996","start earlier"
"Cameron Humphreys","Huddersfield","2026-2026","2025-2026","start earlier"
"Cameron Humphreys","Ipswich","2021-2025","2021-2023 + 2025-2025","stint split"
"Didier Ndong","Sunderland","2016-2016","2016-2017",""
"Ilie Dumitrescu","Tottenham","1995-1995","1994-1995","start earlier"
"Will Smallbone","Southampton","2019-2025","2019-2021 + 2023-2025","stint split"
"Aiden McGeady","Everton","2013-2014","2013-2015",""
"Aiden McGeady","Preston","2016-2017","2016-2016","end pulled in"
"Aiden McGeady","Charlton","2020-2020","2019-2019","start earlier + end pulled in"
"Moussa Djenepo","Southampton","2019-2022","2019-2023",""
"Rushian Hepburn-Murphy","Aston Villa","2014-2015","2014-2018",""
"Matthew Robinson","Southampton","1995-1997","1994-1997","start earlier"
"Rafinha","FC Schalke 04","2005-2009","2005-2006","end pulled in"
"Paulo Futre","Atletico Madrid","1997-1997","1992-1992 + 1997-1997","start earlier + stint split"
"Caleb Okoli","Leicester","2024-2025","2024-2026",""
"Phil Babb","Liverpool","1995-1998","1994-1998","start earlier"
"Phil Babb","Sunderland","2002-2002","2002-2003",""
"Daniel Batth","Norwich","2023-2024","2023-2023","end pulled in"
"Daniel Batth","Stoke City","2018-2020","2018-2021",""
"Daniel Batth","Sunderland","2021-2022","2021-2023",""
"Jens Odgaard","AZ Alkmaar","2022-2022","2022-2023",""
"Jens Odgaard","Sassuolo","2018-2020","2018-2018","end pulled in"
"Mehmet Scholl","Bayern München","1994-2006","1992-2006","start earlier"
"Callum Paterson","Cardiff","2017-2018","2017-2019",""
"Callum Paterson","Milton Keynes Dons","2022-2025","2022-2022 + 2025-2026","stint split"
"Darren Anderton","Tottenham","1995-2003","1992-2003","start earlier"
"Pablo Barrera","West Ham","2010-2010","2010-2011",""
"Ciaran Brennan","Sheffield Wednesday","2019-2021","2019-2020","end pulled in"
"Ciaran Brennan","Newport County","2024-2025","2024-2026",""
"Ibrahim Kas","Beşiktaş","2004-2009","2004-2007 + 2009-2009","stint split"
"Stephen Henderson","Bristol City","2008-2009","2007-2009","start earlier"
"Stephen Henderson","Charlton","2014-2022","2014-2015 + 2021-2021","end pulled in + stint split"
"Stephen Henderson","Portsmouth","2011-2011","2011-2011 + 2017-2017","stint split"
"Stephen Henderson","Aldershot Town","2010-2010","2009-2009","start earlier + end pulled in"
"Mustapha Carayol","Brighton","2015-2015","2014-2015","start earlier"
"Juan García Peña","Lincoln Red Imps FC","2016-2022","2016-2016 + 2022-2023","stint split"
"Juan García Peña","St Joseph S Fc","2019-2024","2019-2020","end pulled in"
"Liam Delap","Preston","2023-2023","2022-2022","start earlier + end pulled in"
"Liam Delap","Hull City","2023-2024","2023-2023","end pulled in"
"Agustín Abadía","Compostela","1995-1995","1994-1995","start earlier"
"Renato Buso","Sampdoria","1991-1991","1991-1992",""
"Russell Hoult","West Brom","2002-2005","2001-2006","start earlier"
"Harrison Jones","Sunderland","2024-2024","2024-2025",""
"Jhon Solis Romero","Birmingham","2026-2026","2025-2026","start earlier"
"Grant Holt","Rochdale","2016-2016","2003-2005 + 2015-2015","start earlier + end pulled in + stint split"
"Gavin Bazunu","Southampton","2022-2022","2022-2025",""
"Phil Neville","Manchester United","1995-2004","1994-2004","start earlier"
"Jorge Pulido","Atletico Madrid","2010-2012","2010-2010 + 2012-2012","stint split"
"Loïs Diony","Bristol City","2018-2018","2017-2017","start earlier + end pulled in"
"Loïs Diony","Angers","2020-2024","2020-2020 + 2022-2024","stint split"
"Eren Derdiyok","Bayer Leverkusen","2009-2013","2009-2011 + 2013-2013","stint split"
"Risto Vidaković","Real Betis","1995-1999","1994-1999","start earlier"
"Pascal Groß","Brighton","2017-2025","2017-2023 + 2025-2025","stint split"
"Tom Hopper","Lincoln","2020-2021","2019-2022","start earlier"
"Matt Derbyshire","Blackburn","2004-2008","2004-2004 + 2006-2008","stint split"
"Maarten Stekelenburg","Everton","2016-2017","2016-2018",""
"Srečko Katanec","Sampdoria","1991-1991","1991-1993",""
"Ryan Shotton","Birmingham","2015-2016","2015-2017",""
"Ryan Shotton","Derby","2014-2014","2014-2015",""
"Maxi Oyedele","Forest Green","2024-2024","2023-2023","start earlier + end pulled in"
"David López","Espanyol","2010-2021","2010-2014 + 2016-2021","stint split"
"Marc Bola","Watford","2025-2025","2025-2026",""
"Marc Bola","Middlesbrough","2019-2021","2019-2022",""
"Marc Bola","Blackpool","2018-2018","2018-2019",""
"Marc Bola","Notts County","2017-2017","2016-2016","start earlier + end pulled in"
"Lamare Bogarde","Aston Villa","2020-2025","2020-2020 + 2024-2025","stint split"
"Lamare Bogarde","Bristol Rovers","2023-2023","2022-2023","start earlier"
"Yerson Mosquera Valdelamar","Wolves","2021-2025","2021-2021 + 2024-2026","stint split"
"Lee Martin","Manchester United","1993-2008","1993-1993 + 2008-2008","stint split"
"Massimiliano Cappioli","AS Roma","1996-1996","1993-1996","start earlier"
"Kyle Walker-Peters","West Ham","2025-2025","2025-2026",""
"Jarell Quansah","Bristol Rovers","2023-2023","2022-2022","start earlier + end pulled in"
"Dorus de Vries","Wolves","2011-2011","2011-2012",""
"Rob Edwards","Blackpool","2009-2010","2004-2005 + 2008-2010","start earlier + stint split"
"Roberto Ríos","Real Betis","1995-1996","1994-1996","start earlier"
"Kyle Bartley","Birmingham","2013-2014","2013-2013","end pulled in"
"Kyle Bartley","West Brom","2018-2020","2018-2024",""
"Marcus Oliveira Alencar","Norwich","2023-2023","2022-2022","start earlier + end pulled in"
"Ben Sahar","Hapoel Tel Aviv","2010-2024","2010-2010","end pulled in"
"Samba Diakité","Watford","2014-2014","2013-2013","start earlier + end pulled in"
"Sébastien Pérez","Marseille","1999-2003","1999-2000 + 2002-2003","stint split"
"Papa Ndiaye","Stoke City","2017-2017","2017-2017 + 2019-2019","stint split"
"Charlie McNeill","Newport County","2023-2023","2022-2022","start earlier + end pulled in"
"Charlie McNeill","Stevenage","2023-2024","2023-2023","end pulled in"
"Davide Santon","Newcastle","2011-2013","2011-2014",""
"Elliot Anderson","Newcastle","2020-2023","2020-2020 + 2022-2023","stint split"
"Elliot Anderson","Bristol Rovers","2022-2022","2021-2021","start earlier + end pulled in"
"Josh Wakefield","Weymouth","2018-2020","2018-2019","end pulled in"
"Ibrahim Salah","Rennes","2022-2025","2022-2023 + 2025-2025","stint split"
"Jay DeMerit","Watford","2006-2006","2004-2009","start earlier"
"Adrián Marín","Villarreal","2014-2017","2014-2015 + 2017-2017","stint split"
"Florent Hadergjonaj","Huddersfield","2017-2018","2017-2019",""
"James Panayi","Watford","1999-1999","1999-2001",""
"George Hirst","Blackburn","2022-2023","2022-2022","end pulled in"
"Julian Jeanvier","Brentford","2018-2021","2018-2019","end pulled in"
"Malky Mackay","Watford","2006-2006","2005-2006","start earlier"
"Hassane Kamara","Watford","2021-2021","2021-2022",""
"Fernando Couto","Parma","2005-2007","1994-1994 + 2005-2007","start earlier + stint split"
"Julian Schieber","VfB Stuttgart","2008-2011","2008-2009 + 2011-2011","stint split"
"Bruno Andrade","Stevenage","2013-2021","2013-2014 + 2021-2021","stint split"
"Bruno Andrade","Lincoln","2018-2020","2018-2019","end pulled in"
"Bruno Andrade","Chesham United","2023-2024","2023-2023","end pulled in"
"Luciano Vietto","Atletico Madrid","2015-2017","2015-2015 + 2017-2017","stint split"
"Pavel Srníček","Newcastle","1995-1997 + 2006-2006","1993-1997 + 2006-2006","start earlier"
"Andriy Shevchenko","Chelsea","2006-2009","2006-2007 + 2009-2009","stint split"
"Paul Smith","Southampton","2004-2004","2004-2005",""
"Jack Stacey","Norwich","2023-2025","2023-2026",""
"Jack Stacey","Barnet","2015-2016","2015-2015","end pulled in"
"Jamie Shackleton","Leeds","2018-2021","2018-2021 + 2023-2023","stint split"
"Yordan Letchkov","Hamburger SV","1995-1995","1992-1995","start earlier"
"Joe Bennett","Cardiff","2016-2018","2016-2020",""
"Joe Bennett","Aston Villa","2012-2013","2012-2013 + 2015-2015","stint split"
"Joe Bennett","Middlesbrough","2008-2008","2008-2011",""
"Bryan Hughes","Hull City","2008-2008","2007-2008","start earlier"
"Xaver Schlager","FC Liefering","2014-2014","2014-2016",""
"Maxime Colin","Brentford","2015-2016","2015-2017",""
"Phil Bardsley","Burnley","2005-2020","2005-2005 + 2017-2020","stint split"
"Phil Bardsley","Stockport County","2022-2023","2022-2022","end pulled in"
"Sofyan Amrabat","Fiorentina","2020-2024","2020-2022 + 2024-2024","stint split"
"Fayçal Fajr","Getafe","2017-2019","2017-2017 + 2019-2019","stint split"
"Ivan Tomić","AS Roma","1998-2002","1998-1999 + 2001-2002","stint split"
"Ivan Tomić","Alaves","2000-2002","2000-2000 + 2002-2002","stint split"
"Jordan Williams","Huddersfield","2016-2016","2016-2017",""
"Jordan Williams","Barnsley","2018-2022","2018-2023",""
"Kazenga LuaLua","Newcastle","2007-2008","2007-2009",""
"Kazenga LuaLua","Brighton","2009-2017","2009-2016","end pulled in"
"Kazenga LuaLua","QPR","2017-2017","2016-2017","start earlier"
"Kazenga LuaLua","Sunderland","2018-2018","2017-2018","start earlier"
"Kazenga LuaLua","Doncaster","2009-2009","2008-2008","start earlier + end pulled in"
"Sandro Ramírez","Everton","2017-2017","2017-2018",""
"Peter Schmeichel","Manchester United","1993-1998","1992-1998","start earlier"
"Philipp Wollscheid","Stoke City","2014-2016","2014-2017",""
"Matteo Ruggeri","Atalanta","2020-2024","2020-2020 + 2022-2024","stint split"
"Bongani Khumalo","Preston","2011-2011","2010-2010","start earlier + end pulled in"
"Rony Lopes","SC Braga","2023-2023","2023-2024",""
"João Cancelo","Barcelona","2023-2025","2023-2023 + 2025-2025","stint split"
"Sergio Asenjo","Atletico Madrid","2009-2012","2009-2009 + 2011-2012","stint split"
"Gabriel Adedayo A. Osho","Cardiff","2025-2025","2025-2026",""
"Gabriel Adedayo A. Osho","Reading","2018-2018","2018-2019",""
"Gabriel Adedayo A. Osho","Rochdale","2021-2021","2020-2020","start earlier + end pulled in"
"Sam Howes","Leyton Orient","2023-2024","2023-2023","end pulled in"
"Sam Howes","Horsham","2021-2022","2021-2021","end pulled in"
"Sam Howes","Wealdstone","2015-2022","2015-2022 + 2024-2024","stint split"
"Declan John","Bolton","2020-2023","2020-2022","end pulled in"
"Declan John","Barnsley","2015-2015","2014-2015","start earlier"
"Declan John","Chesterfield","2016-2016","2015-2016","start earlier"
"Declan John","Salford City","2023-2024","2023-2023","end pulled in"
"Richard Stearman","Wolves","2008-2011","2008-2016",""
"Richard Stearman","Sheffield Utd","2017-2018","2017-2019",""
"Richard Stearman","Solihull Moors","2023-2024","2023-2023","end pulled in"
"Alex Rae","Wolves","2003-2003","2001-2003","start earlier"
"Paul Shaw","Arsenal","1995-1996","1994-1996","start earlier"
"Zian Flemming","Burnley","2024-2025","2024-2026",""
"Oliver Skipp","Leicester","2024-2025","2024-2026",""
"Oliver Skipp","Tottenham","2018-2023","2018-2019 + 2021-2023","stint split"
"Marcos","Sevilla","1995-1996","1994-1996","start earlier"
"Igor Simutenkov","Reggiana","1996-1996","1994-1996","start earlier"
"Joshua Sheehan","Bolton","2021-2025","2021-2026",""
"Wilfried Zaha","Crystal Palace","2009-2022","2009-2012 + 2014-2022","stint split"
"Josu Urrutia","Athletic Club","1995-2001","1992-2001","start earlier"
"Abou Diaby","Arsenal","2005-2013","2005-2014",""
"Jonjoe Kenny","Everton","2014-2021","2014-2018 + 2020-2021","stint split"
"Jonjoe Kenny","Oxford United","2016-2016","2015-2015","start earlier + end pulled in"
"Luís Morte","Chesterfield","2012-2013","2012-2012","end pulled in"
"Ivo Ilicevic","Kairat Almaty","2017-2017","2017-2018",""
"Carlos Arroyo Ayala","Valencia","1995-1995","1992-1995","start earlier"
"Di'Shon Bernard","Hull City","2021-2022","2021-2021","end pulled in"
"Di'Shon Bernard","Salford City","2020-2021","2020-2020","end pulled in"
"Harry Bunn","Preston","2012-2012","2011-2012","start earlier"
"Harry Bunn","Bury","2017-2017","2017-2018",""
"Naby Sarr","Reading","2022-2023","2022-2022","end pulled in"
"Jordan Smith","Nottingham Forest","2016-2021","2016-2020","end pulled in"
"Jordan Smith","Mansfield Town","2019-2019","2018-2018","start earlier + end pulled in"
"Jordan Smith","Stockport County","2023-2024","2023-2023","end pulled in"
"Daniele Moretti","Piacenza","1996-1996","1993-1996","start earlier"
"Juan Carlos Paniagua","Compostela","1995-1995","1994-1995","start earlier"
"Zat Knight","Bolton","2009-2011","2009-2013",""
"Jérémy Hélan","Wolves","2016-2016","2015-2016","start earlier"
"Melkamu Frauendorf","Liverpool","2021-2023","2021-2022","end pulled in"
"Thomas Cannon","Preston","2023-2023","2022-2022","start earlier + end pulled in"
"Thomas Cannon","Sheffield Utd","2024-2025","2024-2026",""
"Moussa Sissoko","Watford","2021-2025","2021-2021 + 2024-2025","stint split"
"Jacob Butterfield","Huddersfield","2014-2014","2014-2015",""
"Jacob Butterfield","Crystal Palace","2013-2013","2012-2012","start earlier + end pulled in"
"Matt Holland","Charlton","2003-2006","2003-2008",""
"Lawrence Vigouroux","Swansea","2024-2025","2024-2026",""
"Zak Norton Sturge","Millwall","2024-2025","2024-2026",""
"Zak Norton Sturge","Peterborough","2023-2024","2023-2023","end pulled in"
"Ethan Robson","Sunderland","2016-2019","2016-2017","end pulled in"
"Ethan Robson","Blackpool","2020-2020","2020-2021",""
"Ethan Robson","Grimsby","2019-2020","2019-2019","end pulled in"
"Stephen Duke-McKenna","QPR","2020-2022","2020-2021 + 2023-2023","stint split"
"Stephen Duke-McKenna","Leyton Orient","2022-2023","2022-2022","end pulled in"
"Anthony Knockaert","Fulham","2019-2023","2019-2021","end pulled in"
"Anthony Knockaert","Huddersfield","2023-2023","2022-2022","start earlier + end pulled in"
"Anthony Knockaert","Nottingham Forest","2020-2021","2020-2020","end pulled in"
"Nolberto Solano","Newcastle","1998-2007","1998-2003 + 2005-2007","stint split"
"Ricardo Rocha","Portsmouth","2009-2009","2009-2012",""
"Valentín Castellanos Giménez","West Ham","2025-2025","2025-2026",""
"Luca Mazzitelli","Sassuolo","2016-2019","2016-2017 + 2019-2019","stint split"
"Isaak Touré","Lorient","2023-2025","2023-2023 + 2025-2025","stint split"
"Joe Gardner","Nottingham Forest","2025-2025","2023-2025","start earlier"
"Joe Gardner","Lincoln","2025-2025","2024-2025","start earlier"
"Paolo Cannavaro","Parma","1999-2005","1999-2000 + 2002-2005","stint split"
"Nikola Tavares","Barnet","2024-2025","2024-2026",""
"Simon Charlton","Southampton","1995-1997","1993-1997","start earlier"
"Kamil Grosicki","Hull City","2016-2016","2016-2019",""
"Michael Doughty","QPR","2010-2014","2010-2016",""
"Michael Doughty","Gillingham","2014-2015","2014-2014","end pulled in"
"Michael Doughty","Swindon Town","2015-2020","2015-2016 + 2018-2020","stint split"
"Paolo Dellafiore","Palermo","2006-2008","2006-2006 + 2008-2008","stint split"
"Christian Walton","Brighton","2013-2020","2013-2014 + 2020-2020","stint split"
"Max Haygarth","Brentford","2020-2021","2020-2020","end pulled in"
"Ben Foster","Wrexham","2022-2023","2004-2004","start earlier + end pulled in"
"Cristian Ledesma","Panathinaikos","2016-2017","2016-2016","end pulled in"
"Cristian Ledesma","Lecce","2001-2005","2001-2001 + 2003-2005","stint split"
"Cristian Ledesma","Lugano","2017-2018","2017-2017","end pulled in"
"Taylor Richards","Brighton","2019-2021","2019-2019 + 2021-2021","stint split"
"Taylor Richards","Birmingham","2022-2022","2021-2021","start earlier + end pulled in"
"Taylor Richards","QPR","2022-2024","2022-2023","end pulled in"
"Taylor Richards","Doncaster","2020-2021","2020-2020","end pulled in"
"Frank Ordenewitz","Hamburger SV","1995-1995","1994-1995","start earlier"
"Shane Duffy","Burnley","2011-2011","2010-2010","start earlier + end pulled in"
"Shane Duffy","Brighton","2016-2021","2016-2019 + 2021-2021","stint split"
"Shane Duffy","Blackburn","2014-2015","2014-2016",""
"Shane Duffy","Scunthorpe","2011-2012","2011-2011","end pulled in"
"Shane Duffy","Yeovil Town","2013-2014","2013-2013","end pulled in"
"Joshua King","Blackburn","2012-2013","2012-2014",""
"Louis Laing","Notts County","2014-2014","2014-2016",""
"Louis Laing","Darlington 1883","2019-2020","2019-2019","end pulled in"
"Andrew Surman","Bournemouth","2005-2019","2005-2005 + 2013-2019","stint split"
"Andrew Surman","Southampton","2006-2008","2005-2008","start earlier"
"James Morris","Leyton Orient","2026-2026","2025-2026","start earlier"
"Emile Smith Rowe","Huddersfield","2020-2020","2019-2019","start earlier + end pulled in"
"Emile Smith Rowe","RB Leipzig","2018-2019","2018-2018","end pulled in"
"Alessandro Nesta","Lazio","1996-2001","1993-2001","start earlier"
"Szymon Żurkowski","Empoli","2019-2024","2019-2021 + 2023-2024","stint split"
"Nathan Ellington","West Brom","2005-2005","2005-2007",""
"Ricardo Pepi","FC Augsburg","2021-2023","2021-2022","end pulled in"
"Roberto Cau","Bari","1997-1997","1994-1997","start earlier"
"Neymar","Al-Hilal Saudi FC","2023-2024","2023-2023","end pulled in"
"Scott Marshall","Arsenal","1995-1997","1992-1997","start earlier"
"Francesco Baiano","Fiorentina","1996-1996","1992-1996","start earlier"
"Dan Burn","Fulham","2013-2013","2013-2015",""
"Dan Burn","Darlington","2009-2010","2009-2009","end pulled in"
"Bernardo Corradi","Parma","2005-2007","2005-2005 + 2007-2007","stint split"
"Thievy Bifouma","Granada CF","2015-2016","2015-2015","end pulled in"
"Billy Sharp","Southampton","2012-2012","2011-2012","start earlier"
"Billy Sharp","Sheffield Utd","2007-2020","2007-2022",""
"Billy Sharp","Doncaster","2009-2025","2009-2011 + 2013-2013 + 2024-2025","stint split"
"Timothée Dieng","Gillingham","2022-2023","2022-2024",""
"Timothée Dieng","Exeter City","2021-2021","2021-2022",""
"Marc Wilson","Bournemouth","2016-2017","2006-2007 + 2016-2016","start earlier + end pulled in + stint split"
"Marc Wilson","Portsmouth","2007-2009","2007-2010",""
"Nathan Blake","Wolves","2003-2003","2001-2003","start earlier"
"Neal Maupay","Brentford","2017-2023","2017-2018 + 2023-2023","stint split"
"Harry Amass","Norwich","2026-2026","2025-2026","start earlier"
"Alessandro Del Piero","Juventus","1995-2011","1993-2011","start earlier"
"Simeon Jackson","Barnsley","2015-2016","2015-2015","end pulled in"
"Simeon Jackson","Walsall","2016-2016","2016-2017",""
"Simeon Jackson","Gillingham","2008-2009","2007-2009","start earlier"
"Ben Clark","Sunderland","2002-2002","2002-2004",""
"Conor Coady","Leicester","2023-2024","2023-2025",""
"Francesco Statuto","Udinese","1997-1997","1993-1993 + 1997-1997","start earlier + stint split"
"Francesco Statuto","AS Roma","1996-1996","1994-1996","start earlier"
"Mike Pollitt","Burnley","2007-2007","2006-2006","start earlier + end pulled in"
"Tom Lockyer","Bristol Rovers","2012-2025","2012-2018 + 2025-2025","stint split"
"Andoni Zubizarreta","Valencia","1995-1997","1994-1997","start earlier"
"Benjamin Gibson","Burnley","2018-2018","2018-2019",""
"Benjamin Gibson","Norwich","2020-2022","2020-2023",""
"Christian Eriksen","Ajax","2009-2012","2009-2013",""
"Jonathan Lacourt","Lens","2005-2007","2005-2005 + 2007-2007","stint split"
"Nathaniel Clyne","Crystal Palace","2008-2025","2008-2011 + 2020-2025","stint split"
"Juan Vizcaíno","Atletico Madrid","1995-1997","1992-1997","start earlier"
"Tyias Browning","Preston","2017-2017","2016-2016","start earlier + end pulled in"
"Darron Gibson","Everton","2011-2015","2011-2016",""
"Darron Gibson","Sunderland","2016-2016","2016-2017",""
"Roger Johnson","Wolves","2011-2011","2011-2012",""
"Roger Johnson","Wycombe","2005-2005","2002-2005","start earlier"
"Cristian Ganea","Viitorul Constanta","2015-2019","2015-2017","end pulled in"
"Rory Donnelly","Cliftonville FC","2010-2024","2010-2019","end pulled in"
"Rory Donnelly","Glentoran","2020-2022","2020-2020","end pulled in"
"Anthony Scully","Portsmouth","2023-2024","2023-2023","end pulled in"
"Anthony Scully","Lincoln","2019-2021","2019-2022",""
"Mark Davies","Wolves","2005-2007","2005-2006","end pulled in"
"Mark Davies","Bolton","2008-2011","2008-2016",""
"Josh Maja","Stoke City","2022-2022","2021-2021","start earlier + end pulled in"
"Josh Maja","Sunderland","2016-2017","2016-2018",""
"Francesco Pisano","Bolton","2015-2016","2015-2015","end pulled in"
"Josemi","Rayo Vallecano","1995-1995","1992-1995","start earlier"
"Charlie Colkett","Swindon Town","2017-2017","2016-2016","start earlier + end pulled in"
"Charlie Colkett","Cheltenham","2022-2022","2021-2021","start earlier + end pulled in"
"Charlie Colkett","Notts County","2024-2024","2023-2023","start earlier + end pulled in"
"Adam Forshaw","Blackburn","2024-2025","2024-2026",""
"Adam Forshaw","Middlesbrough","2014-2016","2014-2017",""
"Adam Forshaw","Norwich","2023-2024","2023-2023","end pulled in"
"Adam Forshaw","Plymouth","2023-2023","2023-2024",""
"Diego Simeone","Atletico Madrid","1995-1996 + 2003-2004","1994-1996 + 2003-2004","start earlier"
"Heurelho Gomes","Watford","2014-2017","2014-2019",""
"Jonathan Fortune","Charlton","2001-2006","2001-2010",""
"Léo Baptistão","Rayo Vallecano","2012-2014","2012-2012 + 2014-2014","stint split"
"Jayden Luker","Luton","2022-2025","2022-2026",""
"Nick Barmby","Hull City","2008-2009","2004-2011","start earlier"
"Callum Robinson","Cardiff","2022-2025","2022-2026",""
"Callum Robinson","West Brom","2019-2020","2019-2022",""
"Josh Vela","Bolton","2010-2011","2010-2012 + 2014-2018","stint split"
"Josh Vela","Fleetwood Town","2022-2022","2022-2023",""
"Matt Hill","Wolves","2009-2009","2008-2009","start earlier"
"Mario Haas","Sturm Graz","1998-2000","1998-1998 + 2000-2000","stint split"
"Max Taylor","Rochdale","2021-2024","2021-2022","end pulled in"
"Eggert Jónsson","Wolves","2011-2011","2011-2012",""
"Charalampos Mavrias","Sunderland","2013-2013","2013-2015",""
"Darren Kenton","Southampton","2003-2004","2003-2005",""
"Charles Taylor","Southampton","2024-2024","2024-2025",""
"George Evans","Manchester City","2012-2012","2012-2015",""
"George Evans","Millwall","2020-2022","2020-2023",""
"George Evans","Derby","2018-2019","2018-2020",""
"George Evans","Burton Albion","2024-2025","2024-2026",""
"George Evans","Wrexham","2023-2023","2023-2025",""
"Mattia Caldara","Atalanta","2013-2020","2013-2017 + 2019-2020","stint split"
"Jimmy Bullard","Hull City","2008-2009","2008-2010",""
"Kevin Hitchcock","Chelsea","1995-1998","1992-1998","start earlier"
"Ousmane Dabo","Lazio","2003-2009","2003-2005 + 2007-2009","stint split"
"Slobodan Tedic","Barnsley","2022-2023","2022-2022","end pulled in"
"Slobodan Tedic","Charlton","2023-2024","2023-2023","end pulled in"
"Jordy de Wijs","Hull City","2018-2019","2018-2020",""
"Jordy de Wijs","QPR","2020-2020","2020-2021",""
"Giuseppe Taglialatela","Napoli","1996-1997","1993-1997","start earlier"
"Issam Ben Khemis","Doncaster","2017-2017","2017-2018",""
"Stig Tøfting","Hamburger SV","2000-2001","1993-1994 + 2000-2001","start earlier + stint split"
"Michael Svensson","Southampton","2002-2004","2002-2008",""
"Paul Mahorn","Tottenham","1997-1997","1993-1997","start earlier"
"Steve Mandanda","Marseille","2007-2021","2007-2015 + 2017-2021","stint split"
"Ognjen Stijepovic","FK Mladost Podgorica","2016-2016","2016-2017",""
"Lino Sousa","Plymouth","2024-2024","2023-2023","start earlier + end pulled in"
"Yaya Sanogo","Charlton","2016-2016","2015-2015","start earlier + end pulled in"
"Florin Gardos","Southampton","2014-2014","2014-2016",""
"Giacomo Cipriani","Bologna","2000-2004","2000-2002 + 2004-2004","stint split"
"Jake Livermore","Watford","2023-2024","2023-2023","end pulled in"
"Jake Livermore","West Brom","2016-2020","2016-2022",""
"Nathaniel Méndez-Laing","Cardiff","2017-2018","2017-2019",""
"Nathaniel Méndez-Laing","Milton Keynes Dons","2025-2025","2025-2026",""
"Davide Pinato","Atalanta","1996-2001","1992-2001","start earlier"
"Nicolás Gorobsov","FK Zalgiris Vilnius","2022-2022","2022-2023",""
"Nicolás Gorobsov","Suduva Marijampole","2020-2021","2020-2020","end pulled in"
"Ognjen Vranjes","AEK Athens FC","2016-2019","2016-2017 + 2019-2019","stint split"
"Stephen Kelly","Reading","2012-2012","2012-2014",""
"Stephen Kelly","Birmingham","2006-2007","2006-2008",""
"Stephen Kelly","QPR","2003-2003","2002-2002","start earlier + end pulled in"
"McDonald Mariga","Inter","2009-2012","2009-2010 + 2012-2012","stint split"
"McDonald Mariga","Parma","2007-2014","2007-2009 + 2011-2014","stint split"
"Frédéric Guilbert","Aston Villa","2019-2019","2019-2021",""
"Eljif Elmas","Napoli","2019-2025","2019-2023 + 2025-2025","stint split"
"Ivo Grbic","Sheffield Utd","2023-2023","2023-2024",""
"George Earthy","West Ham","2023-2026","2023-2023 + 2025-2026","stint split"
"James McFadden","Birmingham","2008-2010","2007-2010","start earlier"
"Harrison Ashby","Swansea","2023-2024","2023-2023","end pulled in"
"Luděk Mikloško","West Ham","1995-1997","1993-1997","start earlier"
"Danny Drinkwater","Reading","2021-2022","2021-2021","end pulled in"
"David Kerr","Manchester City","1995-1995","1992-1995","start earlier"
"Troy Parrott","Ipswich","2021-2021","2020-2020","start earlier + end pulled in"
"Troy Parrott","Preston","2022-2023","2022-2022","end pulled in"
"Troy Parrott","Milton Keynes Dons","2021-2022","2021-2021","end pulled in"
"Carlos García","Athletic Club","1995-2002","1992-1998","start earlier + end pulled in"
"Ben Barclay","Notts County","2019-2019","2018-2018","start earlier + end pulled in"
"Ben Barclay","Stockport County","2021-2022","2021-2021","end pulled in"
"José Belman","Zaragoza","1995-1996","1994-1996","start earlier"
"Chris David","Fulham","2013-2013","2013-2014",""
"Kenedy","Chelsea","2015-2015 + 2021-2021","2015-2017 + 2021-2021",""
"Chris Kettings","Morecambe","2012-2012","2011-2011","start earlier + end pulled in"
"Jesús Diego Cota","Rayo Vallecano","1995-2001","1992-2001","start earlier"
"Alfie Dorrington","Salford City","2026-2026","2025-2026","start earlier"
"Kiko","Atletico Madrid","1995-1999","1993-1999","start earlier"
"Axel Tuanzebe","Manchester United","2015-2020","2015-2017 + 2019-2020","stint split"
"Axel Tuanzebe","Aston Villa","2018-2021","2017-2018 + 2021-2021","start earlier + stint split"
"Axel Tuanzebe","Napoli","2021-2022","2021-2021","end pulled in"
"Tom Carroll","Ipswich","2021-2022","2021-2021","end pulled in"
"Tom Carroll","Aston Villa","2019-2019","2018-2018","start earlier + end pulled in"
"Tom Carroll","Derby","2012-2012","2011-2011","start earlier + end pulled in"
"Tom Carroll","QPR","2013-2020","2013-2013 + 2020-2020","stint split"
"Tom Carroll","Swansea","2014-2017","2014-2014 + 2016-2017 + 2019-2019","stint split"
"Tom Carroll","Exeter City","2023-2024","2023-2023","end pulled in"
"Ben Thatcher","Charlton","2006-2006","2006-2007",""
"Grant Hanley","Newcastle","2016-2016","2016-2017",""
"Grant Hanley","Blackburn","2009-2011","2009-2015",""
"Grant Hanley","Norwich","2017-2021","2017-2024",""
"Henri Lansbury","Scunthorpe","2009-2009","2008-2008","start earlier + end pulled in"
"Erik Huseklepp","Portsmouth","2011-2012","2011-2011","end pulled in"
"Teden Mengi","Manchester United","2019-2021","2019-2019 + 2021-2021","stint split"
"Teden Mengi","Birmingham","2022-2022","2021-2021","start earlier + end pulled in"
"Teden Mengi","Derby","2021-2021","2020-2020","start earlier + end pulled in"
"Brad Guzan","Hull City","2011-2011","2010-2010","start earlier + end pulled in"
"Thomas Linke","FC Schalke 04","1995-1997","1992-1997","start earlier"
"Seyi Olofinjana","Hull City","2009-2009","2009-2012",""
"Mamadou Niang","Al Sadd","2011-2013","2011-2012","end pulled in"
"Leonardo Spinazzola","Napoli","2022-2025","2022-2022 + 2024-2025","stint split"
"Moacir Rodrigues Santos","Sevilla","1995-1995","1994-1995","start earlier"
"Toni Jiménez","Espanyol","1995-1998 + 2002-2003","1994-1998 + 2002-2003","start earlier"
"Marcelino Núñez","Norwich","2022-2024","2022-2025",""
"Jamal Blackman","Middlesbrough","2014-2015","2014-2014","end pulled in"
"Jamal Blackman","Burton Albion","2023-2024","2023-2023","end pulled in"
"Jamal Blackman","Exeter City","2022-2023","2022-2022","end pulled in"
"Claudio Pizarro","Werder Bremen","1999-2000 + 2008-2011 + 2015-2019","1999-2000 + 2008-2011 + 2015-2016 + 2018-2019","stint split"
"Marc Zanotti","Bordeaux","1996-1999","1996-1997 + 1999-1999","stint split"
"Matt Targett","Fulham","2018-2018","2017-2018","start earlier"
"Ciro Ferrara","Juventus","1995-2004","1994-2004","start earlier"
"Didier Domi","Paris Saint Germain","1995-2002","1995-1998 + 2000-2002","stint split"
"Morgan Rogers","Middlesbrough","2023-2024","2023-2023","end pulled in"
"Morgan Rogers","Blackpool","2023-2023","2022-2022","start earlier + end pulled in"
"Easah Suliman","Aston Villa","2015-2015","2015-2017",""
"Florinel Coman","Viitorul Constanta","2014-2016","2014-2017",""
"Ian Brightwell","Manchester City","1995-1995","1992-1995","start earlier"
"Maurizio Ganz","Atalanta","2000-2000","1992-1993 + 2000-2000","start earlier + stint split"
"Roberto Fresnedoso","Espanyol","1997-1997","1992-1994 + 1997-1997","start earlier + stint split"
"Nick Pope","Bury","2015-2015","2014-2014","start earlier + end pulled in"
"Brice Samba","Rennes","2022-2025","2022-2022 + 2024-2025","stint split"
"Márton Fülöp","Chesterfield","2005-2005","2004-2004","start earlier + end pulled in"
"Mikael Forssell","Borussia Monchengladbach","2002-2003","2002-2002","end pulled in"
"Nile Ranger","Newcastle","2008-2012","2008-2010 + 2012-2012","stint split"
"Cédric Mouret","Marseille","1997-2000","1997-1998 + 2000-2000","stint split"
"Tin Jedvaj","Bayer Leverkusen","2014-2020","2014-2018 + 2020-2020","stint split"
"Fredrik Ulvestad","Burnley","2014-2014","2014-2016",""
"Fredrik Ulvestad","Charlton","2016-2017","2016-2016","end pulled in"
"Sammy Ameobi","Newcastle","2010-2014","2010-2016",""
"Ademola Ola-Adebomi","Burton Albion","2024-2024","2023-2023","start earlier + end pulled in"
"Eric-Junior Bocat","Stoke City","2024-2025","2024-2026",""
"Luca Bucci","Parma","1996-1996 + 2004-2007","1993-1996 + 2004-2007","start earlier"
"Rodrigo Gomes","Wolves","2024-2025","2024-2026",""
"Juan Antonio Andrades","Oviedo","1995-1995","1993-1995","start earlier"
"Garry Flitcroft","Manchester City","1995-1995","1992-1995","start earlier"
"Franz Carr","Aston Villa","1995-1995","1994-1995","start earlier"
"Tommy Wright","Newcastle","1999-1999","1993-1993 + 1999-1999","start earlier + stint split"
"Faustino Asprilla","Parma","1997-1998","1992-1994 + 1997-1998","start earlier + stint split"
"Ignacio Miramón","Lille","2023-2024","2023-2023","end pulled in"
"Joel Coleman","Huddersfield","2016-2018","2016-2019",""
"Joel Coleman","Bolton","2023-2024","2023-2023","end pulled in"
"Joel Coleman","Shrewsbury","2018-2019","2018-2018","end pulled in"
"Morgan Guilavogui","Lens","2023-2025","2023-2023 + 2025-2025","stint split"
"Jazz Richards","Cardiff","2016-2018","2016-2019",""
"Jazz Richards","Crystal Palace","2013-2013","2012-2012","start earlier + end pulled in"
"Jazz Richards","Swansea","2009-2014","2009-2011 + 2014-2014","stint split"
"Dominic Matteo","Liverpool","1995-1999","1993-1999","start earlier"
"Jay Emmanuel-Thomas","Doncaster","2010-2010","2009-2010","start earlier"
"Jörg Albertz","Hamburger SV","1995-1995 + 2001-2002","1993-1995 + 2001-2002","start earlier"
"Jerome Thomas","QPR","2001-2001","2001-2002",""
"Jerome Thomas","Charlton","2003-2006","2003-2008",""
"Nani","Venezia","2022-2022","2021-2021","start earlier + end pulled in"
"Ryan Fraser","Bournemouth","2012-2019","2012-2014 + 2016-2019","stint split"
"Ryan Fraser","Southampton","2023-2024","2023-2025",""
"Esteban Granero","QPR","2012-2012","2012-2013",""
"Jonathan Hogg","Huddersfield","2013-2018","2013-2024",""
"Jonathan Hogg","Portsmouth","2011-2011","2010-2010","start earlier + end pulled in"
"Stefano Fiore","Parma","1997-1998","1994-1998","start earlier"
"Markus Osthoff","MSV Duisburg","1996-1999","1994-1999","start earlier"
"Mikael Ndjoli","Hartlepool","2022-2024","2022-2022","end pulled in"
"Elijah Adebayo","Walsall","2019-2019","2019-2020",""
"José Manuel Tárraga","Celta Vigo","1995-1996","1994-1996","start earlier"
"Liam Ridgewell","Brighton","2016-2016","2015-2015","start earlier + end pulled in"
"Liam Ridgewell","Birmingham","2007-2010","2007-2011",""
"Victor Kristiansen","Leicester","2022-2025","2022-2022 + 2024-2025","stint split"
"Omar Rekik","Wigan","2022-2022","2022-2023",""
"Nathaniel Phillips","Bournemouth","2022-2022","2021-2021","start earlier + end pulled in"
"Nathaniel Phillips","Cardiff","2023-2024","2023-2023","end pulled in"
"Nathaniel Phillips","West Brom","2025-2025","2025-2026",""
"Toby Collyer","Hull City","2026-2026","2025-2026","start earlier"
"Cameron John","Rochdale","2022-2024","2022-2022","end pulled in"
"Lys Mousset","Sheffield Utd","2019-2020","2019-2021",""
"Taylor Harwood-Bellis","Southampton","2023-2025","2023-2026",""
"Taylor Harwood-Bellis","Burnley","2022-2023","2022-2022","end pulled in"
"Taylor Harwood-Bellis","Manchester City","2019-2022","2019-2020","end pulled in"
"Taylor Harwood-Bellis","Blackburn","2021-2021","2020-2020","start earlier + end pulled in"
"Taylor Harwood-Bellis","Stoke City","2022-2022","2021-2021","start earlier + end pulled in"
"Tommy Johnson","Aston Villa","1995-1996","1994-1996","start earlier"
"Luke Cundle","Wolves","2021-2021","2019-2021","start earlier"
"Luke Cundle","Millwall","2024-2025","2024-2026",""
"Luke Cundle","Stoke City","2024-2024","2023-2023","start earlier + end pulled in"
"Luke Cundle","Swansea","2022-2023","2022-2022","end pulled in"
"Luke Cundle","Plymouth","2023-2024","2023-2023","end pulled in"
"Steve Harkness","Liverpool","1995-1998","1992-1998","start earlier"
"Christopher Willock","Cardiff","2024-2025","2024-2026",""
"Papy Djilobodji","Chelsea","2015-2016","2015-2015","end pulled in"
"Papy Djilobodji","Sunderland","2016-2016","2016-2017",""
"Lloyd Jones","Charlton","2023-2025","2023-2026",""
"Lloyd Jones","Luton","2017-2018","2017-2019",""
"Lloyd Jones","Cheltenham","2015-2015","2014-2014","start earlier + end pulled in"
"Florin Răducioiu","Espanyol","1995-1996","1994-1996","start earlier"
"Paul Ince","Manchester United","1993-1994","1992-1994","start earlier"
"Paul Ince","Wolves","2003-2003","2002-2005","start earlier"
"Alex Smithies","Huddersfield","2008-2014","2007-2015","start earlier"
"Filip Krastev","Slavia Sofia","2017-2019","2017-2020",""
"Marek Koźmiński","Udinese","1996-1996","1992-1996","start earlier"
"Daniel Podence","Wolves","2019-2024","2019-2022 + 2024-2024","stint split"
"Daniel Podence","Olympiakos Piraeus","2018-2019 + 2023-2025","2018-2019 + 2023-2023 + 2025-2025","stint split"
"Charlie Seaman","Eastleigh","2019-2020","2019-2019","end pulled in"
"Matt Le Tissier","Southampton","1995-2001","1992-2001","start earlier"
"Simon Rodger","Crystal Palace","1997-1997","1992-2001","start earlier"
"Christoph Knasmüllner","Barnsley","2018-2018","2017-2017","start earlier + end pulled in"
"Marcel Hilßner","Oldham","2021-2021","2020-2020","start earlier + end pulled in"
"Dietmar Beiersdorfer","Werder Bremen","1993-1995","1992-1995","start earlier"
"Jonathan Bond","Watford","2010-2014","2010-2014 + 2024-2024","stint split"
"Jonathan Bond","West Brom","2018-2020","2018-2019","end pulled in"
"Jonathan Bond","Bury","2012-2012","2011-2011","start earlier + end pulled in"
"Gilles Hampartzoumian","Cannes","1995-1997","1995-1995 + 1997-1997","stint split"
"Ömer Toprak","Antalyaspor","2022-2024","2022-2023","end pulled in"
"Ermedin Demirovic","VfB Stuttgart","2022-2025","2022-2022 + 2024-2025","stint split"
"Joachim Hopp","MSV Duisburg","1996-1997","1993-1997","start earlier"
"Bertuğ Yıldırım","Rennes","2023-2025","2023-2023 + 2025-2025","stint split"
"Ali Benarbia","Manchester City","2002-2002","2001-2002","start earlier"
"Florent Cuvelier","Burton Albion","2015-2015","2014-2015","start earlier"
"Florent Cuvelier","Walsall","2011-2017","2011-2012 + 2016-2017","stint split"
"Florent Cuvelier","Peterborough","2013-2013","2012-2013","start earlier"
"Florent Cuvelier","Port Vale","2014-2014","2013-2014","start earlier"
"John Hendrie","Middlesbrough","1995-1995","1992-1995","start earlier"
"Shaun Maloney","Celtic","2003-2008","2003-2006 + 2008-2008","stint split"
"Marshall Munetsi","Wolves","2024-2025","2024-2026",""
"Tommy Elphick","Huddersfield","2019-2020","2019-2019","end pulled in"
"Tommy Elphick","Brighton","2008-2011","2006-2010","start earlier + end pulled in"
"Tommy Elphick","Reading","2018-2018","2017-2017","start earlier + end pulled in"
"Sol Bamba","Cardiff","2016-2018","2016-2020",""
"Sol Bamba","Middlesbrough","2021-2022","2021-2021","end pulled in"
"Ben Godfrey","Norwich","2016-2019","2016-2020",""
"Min-hyeok Yang","QPR","2025-2025","2024-2025","start earlier"
"Min-hyeok Yang","Coventry","2026-2026","2025-2026","start earlier"
"Joey Barton","QPR","2011-2011 + 2014-2014","2011-2011 + 2013-2014",""
"Egor Filipenko","Bate Borisov","2007-2019","2007-2014 + 2018-2020","stint split"
"Pape Souaré","Lille","2009-2014","2009-2011 + 2013-2014","stint split"
"Pape Souaré","Morecambe","2022-2023","2022-2022","end pulled in"
"Facundo Roncaglia","Fiorentina","2012-2015","2012-2013 + 2015-2015","stint split"
"Donald Love","Sunderland","2016-2016","2016-2018",""
"Donald Love","Accrington ST","2024-2025","2024-2026",""
"Daniel Adu-Adjei","Leyton Orient","2024-2024","2023-2023","start earlier + end pulled in"
"Sebastián Cristóforo","Fiorentina","2016-2019","2016-2017 + 2019-2019","stint split"
"Rubén Rochina","Blackburn","2010-2011","2010-2013",""
"David Stockdale","Fulham","2008-2013","2008-2010 + 2013-2013","stint split"
"David Stockdale","Birmingham","2017-2017","2017-2017 + 2019-2019","stint split"
"David Stockdale","Hull City","2012-2013","2012-2012","end pulled in"
"David Stockdale","Coventry","2019-2019","2018-2018","start earlier + end pulled in"
"David Stockdale","Wycombe","2018-2021","2018-2019 + 2021-2021","stint split"
"David Stockdale","Stevenage","2021-2021","2020-2020","start earlier + end pulled in"
"David Stockdale","York","2023-2024","2023-2023","end pulled in"
"Youri Mulder","FC Schalke 04","1995-2001","1993-2001","start earlier"
"Angel Gomes","Marseille","2022-2025","2022-2022 + 2024-2025","stint split"
"Carl Fletcher","West Ham","2005-2005","2004-2005","start earlier"
"Matthew Briggs","Fulham","2006-2013","2006-2006 + 2010-2013","stint split"
"Matthew Briggs","Watford","2013-2013","2012-2012","start earlier + end pulled in"
"Matthew Briggs","Millwall","2014-2015","2014-2014","end pulled in"
"Matthew Briggs","Peterborough","2012-2012","2011-2011","start earlier + end pulled in"
"Matthew Briggs","Barnet","2018-2018","2017-2017","start earlier + end pulled in"
"Matthew Briggs","Leyton Orient","2010-2010","2009-2009","start earlier + end pulled in"
"Scott Kay","Macclesfield","2011-2013","2011-2011","end pulled in"
"Paul Davis","Arsenal","1991-1991","1991-1994",""
"Charlie Adam","Stoke City","2012-2017","2012-2018",""
"Eddie Nketiah","Leeds","2019-2020","2019-2019","end pulled in"
"James McAtee","Manchester City","2021-2024","2021-2021 + 2023-2024","stint split"
"André Ayew","Swansea","2015-2020","2015-2015 + 2017-2017 + 2019-2020","stint split"
"Dusan Kuciak","Hull City","2015-2015","2015-2016",""
"Víctor Pérez","FK Zalgiris Vilnius","2019-2020","2019-2019","end pulled in"
"Nenad Bjelica","Albacete","1995-1995","1992-1995","start earlier"
"Steve Morison","Millwall","2009-2018","2009-2010 + 2013-2018","stint split"
"Dennis Wise","Chelsea","1995-2000","1992-2000","start earlier"
"Danny Wilson","Blackpool","2012-2012","2011-2011","start earlier + end pulled in"
"James Justin","Leicester","2019-2024","2019-2025",""
"Grégory Sertic","Bordeaux","2008-2016","2008-2009 + 2011-2016","stint split"
"Michael Zeyer","MSV Duisburg","1996-1999","1996-1997 + 1999-1999","stint split"
"Greg Cunningham","Cardiff","2018-2018","2018-2018 + 2020-2020","stint split"
"Greg Cunningham","Preston","2015-2023","2015-2017 + 2020-2023","stint split"
"Greg Cunningham","Blackburn","2019-2020","2019-2019","end pulled in"
"Nikola Jerkan","Oviedo","1995-1995","1992-1995","start earlier"
"Mike van der Hoorn","Swansea","2016-2017","2016-2017 + 2019-2019","stint split"
"David Connolly","Sunderland","2007-2007","2006-2007","start earlier"
"Gabriele Angella","Watford","2013-2014","2013-2015",""
"Gabriele Angella","Udinese","2010-2017","2010-2012 + 2016-2017","stint split"
"Diogo Figueiras","Famalicao","2020-2022","2020-2021","end pulled in"
"Ian Holloway","QPR","1995-1995","1992-1995","start earlier"
"Lyanco","Southampton","2021-2022","2021-2023",""
"Stéphane Roche","Lyon","1995-1997","1995-1995 + 1997-1997","stint split"
"Hayden Foxe","Portsmouth","2003-2003","2002-2003","start earlier"
"Sébastien Haller","Utrecht","2014-2025","2014-2016 + 2024-2025","stint split"
"Simon Church","Reading","2008-2012","2008-2011","end pulled in"
"Simon Church","Scunthorpe","2017-2018","2017-2017","end pulled in"
"Simon Church","Leyton Orient","2009-2009","2008-2008","start earlier + end pulled in"
"Jamie Allen","Rochdale","2012-2016","2012-2017",""
"Jordi Ferrón","Rayo Vallecano","1999-2001","1999-1999 + 2001-2001","stint split"
"Bruno Zuculini","Middlesbrough","2015-2016","2015-2015","end pulled in"
"Troy Deeney","Walsall","2008-2009","2006-2009","start earlier"
"Troy Deeney","Forest Green","2023-2024","2023-2023","end pulled in"
"Aaron Ramsey","Cardiff","2006-2024","2006-2007 + 2023-2024","stint split"
"Sean Scannell","Huddersfield","2012-2016","2012-2017",""
"Sean Scannell","Bradford","2018-2018","2018-2019",""
"Sean Scannell","Grimsby","2020-2023","2020-2022","end pulled in"
"Christian Vieri","Atalanta","2006-2008","2006-2006 + 2008-2008","stint split"
"Ken Sema","Watford","2018-2018 + 2021-2021","2018-2018 + 2020-2024",""
"Michael Essien","Chelsea","2005-2013","2005-2011 + 2013-2013","stint split"
"Saba Goglichidze","Watford","2026-2026","2025-2026","start earlier"
"Jan Mlakar","Wigan","2020-2020","2019-2019","start earlier + end pulled in"
"Jan Mlakar","Maribor","2017-2020","2017-2018 + 2020-2020","stint split"
"Alan McDonald","QPR","1995-1995","1992-1995","start earlier"
"James Chambers","Watford","2006-2006","2004-2006","start earlier"
"James Chambers","West Brom","2002-2002","2001-2003","start earlier"
"Harry Souttar","Leicester","2022-2025","2022-2023 + 2025-2026","stint split"
"Harry Souttar","Stoke City","2017-2021","2017-2022",""
"Calum Davenport","West Ham","2006-2008","2004-2004 + 2006-2006 + 2008-2008","start earlier + stint split"
"Adam Hlozek","1899 Hoffenheim","2022-2025","2022-2022 + 2024-2025","stint split"
"Julio Pleguezuelo Selva","Plymouth","2023-2025","2023-2026",""
"Alex McCarthy","Reading","2010-2012","2010-2014",""
"Robert Huth","Middlesbrough","2006-2008","2006-2009",""
"Miguel Pardeza","Zaragoza","1995-1996","1992-1996","start earlier"
"Ludovic Butelle","Angers","2014-2019","2014-2015 + 2017-2019","stint split"
"Chuks Aneke","Birmingham","2021-2022","2021-2021","end pulled in"
"Chuks Aneke","Preston","2012-2012","2011-2012","start earlier"
"Sergey Chernik","Bate Borisov","2014-2019","2014-2015","end pulled in"
"Mazinho Oliveira","Bayern München","1994-1994","1992-1994","start earlier"
"Milot Rashica","Norwich","2021-2021","2021-2022",""
"Jesús Seba","Zaragoza","1996-1996","1992-1996","start earlier"
"Jordan Slew","Chesterfield","2016-2016","2015-2016","start earlier"
"Jordan Slew","Stevenage","2012-2012","2011-2012","start earlier"
"Jordan Slew","Morecambe","2019-2024","2019-2020 + 2023-2024","stint split"
"Scott Harrison","Hartlepool","2013-2017","2013-2016","end pulled in"
"Jens Hauge","Eintracht Frankfurt","2021-2023","2021-2021 + 2023-2023","stint split"
"John Brooks","Benfica","2022-2023","2022-2022","end pulled in"
"Fraizer Campbell","Huddersfield","2019-2022","2019-2021","end pulled in"
"Fraizer Campbell","Hull City","2007-2018","2007-2007 + 2017-2018","stint split"
"Johnnier Montaño","Parma","2000-2002","2000-2000 + 2002-2002","stint split"
"James McCarthy","Wigan","2009-2012","2009-2013",""
"Dujuan Richards","Leicester","2026-2026","2025-2026","start earlier"
"Vincent Péricard","Stoke City","2008-2008","2006-2008","start earlier"
"Vincent Péricard","Portsmouth","2003-2005","2002-2005","start earlier"
"Hérita Ilunga","West Ham","2008-2010","2008-2011",""
"Anthony Pilkington","Fleetwood Town","2021-2022","2021-2021","end pulled in"
"Jordi Gómez","Blackburn","2016-2016","2015-2016","start earlier"
"Will Dennis","Leyton Orient","2026-2026","2025-2026","start earlier"
"Joseph Maguire","Tranmere","2021-2022","2021-2021","end pulled in"
"Stefano Sacchetti","Sampdoria","1996-1996 + 2003-2004","1992-1996 + 2003-2004","start earlier"
"Siniša Mihajlović","Sampdoria","1996-1997","1994-1997","start earlier"
"Thomas Helmer","Bayern München","1994-1998","1992-1998","start earlier"
"Colin Doyle","Birmingham","2003-2010","2003-2014",""
"Stephen Wright","Sunderland","2002-2005","2002-2006",""
"Enrique Romero","Valencia","1995-1996","1994-1996","start earlier"
"George Baldock","Oxford United","2015-2016","2014-2016","start earlier"
"Alexis Sánchez","Inter","2019-2023","2019-2021 + 2023-2023","stint split"
"Tanguy Ndombélé","Tottenham","2019-2023","2019-2021","end pulled in"
"Tanguy Ndombélé","Napoli","2022-2023","2022-2022","end pulled in"
"Corrie Ndaba","Ipswich","2018-2022","2018-2021","end pulled in"
"Corrie Ndaba","Burton Albion","2022-2023","2022-2022","end pulled in"
"Corrie Ndaba","Fleetwood Town","2023-2023","2022-2022","start earlier + end pulled in"
"Corrie Ndaba","Salford City","2021-2022","2021-2021","end pulled in"
"André Breitenreiter","Hamburger SV","1995-1997","1994-1997","start earlier"
"Hervé Alicarte","Bordeaux","1998-2003","1998-1999 + 2001-2001 + 2003-2003","stint split"
"Adrián San Miguel","Liverpool","2019-2020","2019-2021",""
"Alex Palmer","West Brom","2014-2023","2014-2024",""
"Alex Palmer","Luton","2022-2022","2021-2021","start earlier + end pulled in"
"Alex Palmer","Notts County","2019-2019","2018-2018","start earlier + end pulled in"
"Andreas Möller","Borussia Dortmund","1995-1999","1994-1999","start earlier"
"Vasco Regini","Sampdoria","2008-2020","2008-2017 + 2019-2020","stint split"
"Freddie Sears","West Ham","2007-2009","2007-2009 + 2011-2011","stint split"
"Elsad Zverotic","Fulham","2013-2013","2013-2014",""
"Andy Myers","Chelsea","1995-1998","1992-1998","start earlier"
"Reece Wabara","Barnsley","2015-2016","2015-2015","end pulled in"
"Axel Witsel","Benfica","2011-2011","2011-2012",""
"Axel Witsel","Standard Liege","2008-2009","2006-2009","start earlier"
"John-Kymani Gordon","AFC Wimbledon","2024-2024","2023-2023","start earlier + end pulled in"
"John-Kymani Gordon","Carlisle","2023-2023","2022-2022","start earlier + end pulled in"
"Kévin Keben Biakolo","Watford","2024-2025","2024-2026",""
"Ryan Bennett","Peterborough","2009-2010","2009-2011",""
"Philippe Coutinho","Barcelona","2017-2021","2017-2018 + 2020-2021","stint split"
"Steve Kabba","Watford","2006-2006","2006-2007",""
"Markus Rosenberg","Werder Bremen","2006-2011","2006-2009 + 2011-2011","stint split"
"Diego Rico","Bournemouth","2018-2019","2018-2020",""
"Jeff Hendrick","QPR","2022-2022","2021-2021","start earlier + end pulled in"
"Jeff Hendrick","Sheffield Wednesday","2023-2024","2023-2023","end pulled in"
"Tom Holmes","Reading","2018-2022","2017-2023","start earlier"
"Tom Holmes","Luton","2023-2024","2023-2025",""
"Joe Riley","Oxford United","2014-2015","2014-2014","end pulled in"
"Joe Riley","Plymouth","2018-2018","2018-2019",""
"Joe Riley","Mansfield Town","2019-2020","2019-2019","end pulled in"
"Elias Kachunga","Huddersfield","2016-2018","2016-2019",""
"Filip Kostić","Juventus","2022-2025","2022-2023 + 2025-2025","stint split"
"Brandon Aguilera","Bristol Rovers","2024-2024","2023-2023","start earlier + end pulled in"
"Miguel Crespo","Estoril","2019-2020","2019-2021",""
"Miguel Crespo","Fenerbahçe","2021-2022","2021-2023",""
"Gonzalo Higuaín","Juventus","2016-2019","2016-2017 + 2019-2019","stint split"
"Rune Bratseth","Werder Bremen","1993-1993","1992-1994","start earlier"
"Gerard Deulofeu","Everton","2013-2016","2013-2013 + 2015-2016","stint split"
"Jeffrey Bruma","VfL Wolfsburg","2016-2019","2016-2017 + 2019-2019","stint split"
"Harry Panayiotou","Aldershot Town","2019-2021","2019-2022",""
"Luka Jović","Eintracht Frankfurt","2017-2020","2017-2018 + 2020-2020","stint split"
"Prince Oniangué","Wolves","2016-2017","2016-2016","end pulled in"
"Oliver Scarles","West Ham","2022-2025","2022-2026",""
"Macky Bagnack","Kairat Almaty","2021-2023","2021-2021","end pulled in"
"Will Buckley","Brighton","2011-2013","2011-2014",""
"Will Buckley","Bolton","2017-2020","2017-2019","end pulled in"
"Will Buckley","Rochdale","2008-2008","2007-2009","start earlier"
"Michael Gray","Sunderland","1996-2002","1996-2003",""
"Fran Villalba","Birmingham","2019-2020","2019-2019","end pulled in"
"Chem Campbell","Wycombe","2022-2024","2022-2023","end pulled in"
"Jili Buyabu","Sheffield Utd","2024-2024","2022-2023","start earlier + end pulled in"
"Alessio Tacchinardi","Juventus","1995-2004","1994-2004","start earlier"
"Nicky Shorey","Reading","2005-2007 + 2012-2012","2002-2007 + 2012-2012","start earlier"
"Nicky Shorey","Bristol City","2013-2014","2013-2013","end pulled in"
"Ion Andoni Goikoetxea","Athletic Club","1995-1996","1994-1996","start earlier"
"Fernando Tocornal","Compostela","1995-1995","1994-1995","start earlier"
"Neil Maddison","Southampton","1995-1997","1992-1997","start earlier"
"Nico González","Valencia","2022-2023","2022-2022","end pulled in"
"Joe O'Brien-Whitmarsh","Accrington ST","2025-2025","2024-2025","start earlier"
"Luca Pastine","Torino","1999-1999","1993-1999","start earlier"
"Jon Macken","Manchester City","2002-2004","2001-2004","start earlier"
"Gonzalo Montiel","Sevilla","2021-2024","2021-2022 + 2024-2024","stint split"
"Andre Green","Aston Villa","2014-2015","2014-2018",""
"Andre Green","Sheffield Wednesday","2020-2020","2020-2021",""
"Wayne Routledge","Tottenham","2005-2007","2005-2005 + 2007-2007","stint split"
"Wayne Routledge","Crystal Palace","2004-2004","2001-2004","start earlier"
"Wayne Routledge","QPR","2008-2008","2008-2010",""
"Wayne Routledge","Swansea","2011-2017","2011-2017 + 2019-2020","stint split"
"Lee Naylor","Wolves","2003-2003","2001-2006","start earlier"
"Igor Budan","Palermo","2008-2012","2008-2009 + 2011-2012","stint split"
"Michael Craig","Reading","2022-2022","2022-2024",""
"Paul Warhurst","Blackburn","1995-1996","1993-1996","start earlier"
"Sead Haksabanovic","Stoke City","2023-2024","2023-2023","end pulled in"
"Kaine Kesler-Hayden","Aston Villa","2019-2023","2019-2020 + 2023-2023","stint split"
"Kaine Kesler-Hayden","Milton Keynes Dons","2022-2022","2021-2021","start earlier + end pulled in"
"Kaine Kesler-Hayden","Swindon Town","2021-2022","2021-2021","end pulled in"
"Darren Fletcher","Stoke City","2017-2019","2017-2018","end pulled in"
"José Miguel Prieto","Sevilla","1995-2002","1992-2002","start earlier"
"Carlos Edwards","Sunderland","2007-2008","2006-2008","start earlier"
"Sam Baldock","Bristol City","2012-2013","2012-2014",""
"Sam Baldock","Derby","2021-2022","2021-2021","end pulled in"
"Sam Baldock","Oxford United","2021-2023","2021-2022","end pulled in"
"Sidi Keita","Lens","2006-2010","2006-2007 + 2010-2010","stint split"
"Sidi Keita","Xerez","2009-2012","2009-2009","end pulled in"
"Tyreece John-Jules","Derby","2023-2024","2023-2023","end pulled in"
"Tyreece John-Jules","Sheffield Wednesday","2022-2022","2021-2021","start earlier + end pulled in"
"Tyreece John-Jules","Doncaster","2020-2021","2020-2020","end pulled in"
"Tyreece John-Jules","Blackpool","2021-2022","2021-2021","end pulled in"
"Tyreece John-Jules","Lincoln","2020-2020","2019-2019","start earlier + end pulled in"
"Mauricio Isla","Juventus","2012-2015","2012-2013 + 2015-2015","stint split"
"Ibou Touray","Bradford","2025-2025","2025-2026",""
"Liam Kitching","Barnsley","2020-2022","2020-2023",""
"Liam Kitching","Forest Green","2019-2019","2019-2020",""
"Dieter Eilts","Werder Bremen","1993-2001","1992-2001","start earlier"
"Brooke Norton-Cuffy","Coventry","2023-2023","2022-2022","start earlier + end pulled in"
"Chris Brown","Sunderland","2005-2005","2004-2005","start earlier"
"Steven Benda","Peterborough","2022-2022","2021-2021","start earlier + end pulled in"
"Steven Benda","Swindon Town","2019-2020","2019-2019","end pulled in"
"Reuell Walters","Luton","2024-2024","2024-2025",""
"Marcus Myers-Harness","Huddersfield","2025-2025","2025-2026",""
"Ollie Harfield","Aldershot Town","2022-2024","2022-2023","end pulled in"
"Jason Shackell","Derby","2011-2016","2011-2011 + 2015-2017","stint split"
"Ricardo Vaz Tê","Hull City","2007-2007","2006-2006","start earlier + end pulled in"
"Ricardo Vaz Tê","Barnsley","2011-2012","2011-2011","end pulled in"
"Ricardo Vaz Tê","Charlton","2015-2016","2015-2015","end pulled in"
"Ivan Šunjić","Birmingham","2019-2023","2019-2021 + 2023-2023","stint split"
"Ivan Šunjić","Pafos","2024-2024","2024-2025",""
"Steven Caulker","Wigan","2023-2024","2022-2022","start earlier + end pulled in"
"Steven Caulker","QPR","2014-2014","2014-2014 + 2016-2017","stint split"
"Alexander Zickler","Bayern München","1994-2004","1993-2004","start earlier"
"Stephen Carr","Tottenham","1996-2003","1993-2003","start earlier"
"Stephen Carr","Birmingham","2008-2010","2008-2011",""
"Marc Bartra","Real Betis","2017-2025","2017-2021 + 2023-2025","stint split"
"Andi Herzog","Werder Bremen","1993-1993 + 1996-2001","1992-1994 + 1996-2001","start earlier"
"Cameron Jerome","Birmingham","2006-2010","2006-2011",""
"Cameron Jerome","Derby","2018-2018","2017-2017","start earlier + end pulled in"
"Cameron Jerome","Luton","2021-2021","2021-2022",""
"Dani García","Real Madrid","1997-1997","1993-1994 + 1997-1997","start earlier + stint split"
"Anis Mehmeti","Bristol City","2022-2024","2022-2025",""
"Anis Mehmeti","Wycombe","2020-2021","2020-2022",""
"Jack Wells-Morrison","Wealdstone","2026-2026","2024-2026","start earlier"
"Jack Taylor","Peterborough","2019-2021","2019-2022",""
"Jack Taylor","Barnet","2016-2018","2016-2019",""
"Connor Dymond","Cray Valley PM","2020-2023","2020-2020","end pulled in"
"Tomas Pekhart","Hapoel Beer Sheva","2017-2017","2017-2018",""
"Thomas Ince","Stoke City","2018-2020","2018-2021",""
"Thomas Ince","Luton","2021-2021","2020-2020","start earlier + end pulled in"
"Recio","Malaga","2010-2017","2010-2012 + 2014-2017","stint split"
"Daniel Jebbison","Burton Albion","2021-2022","2021-2021","end pulled in"
"Madjid Bougherra","Charlton","2006-2006","2006-2007",""
"Andy Griffin","Stoke City","2008-2008","2006-2008","start earlier"
"Samuel Matthews","Crawley Town","2020-2020","2020-2021",""
"Tadanari Lee","Southampton","2011-2012","2011-2011","end pulled in"
"Zinédine Machach","Toulouse","2014-2017","2014-2015 + 2017-2017","stint split"
"Vikash Dhorasoo","Lyon","1998-2003","1998-2000 + 2002-2003","stint split"
"Vegard Forren","KI Klaksvik","2023-2024","2023-2023","end pulled in"
"Joe Gelhardt","Leeds","2020-2022","2020-2024",""
"Joe Gelhardt","Sunderland","2023-2023","2022-2022","start earlier + end pulled in"
"Abdul Baba","Chelsea","2015-2021","2015-2015","end pulled in"
"Antonio Calderón","Rayo Vallecano","1995-1995","1992-1995","start earlier"
"Allan Campbell","Millwall","2023-2024","2023-2023","end pulled in"
"Allan Campbell","Luton","2021-2023","2021-2022","end pulled in"
"Martin Charles Rowlands","Millwall","2011-2011","2010-2010","start earlier + end pulled in"
"Martin Charles Rowlands","QPR","2005-2010","2003-2010","start earlier"
"Zeki Fryers","Rotherham","2015-2015","2014-2014","start earlier + end pulled in"
"Zeki Fryers","Stockport County","2021-2022","2021-2021","end pulled in"
"Adlène Guédioura","Sheffield Utd","2021-2022","2021-2021","end pulled in"
"Adlène Guédioura","Middlesbrough","2016-2016","2016-2017",""
"Paul McCallum","Dagenham & Redbridge","2020-2021","2020-2022",""
"Paul McCallum","Solihull Moors","2019-2020","2019-2019","end pulled in"
"Ronaldo Vieira","Sampdoria","2018-2022","2018-2019 + 2021-2022","stint split"
"Louie Moulden","Northampton","2024-2024","2023-2023","start earlier + end pulled in"
"Louie Moulden","Solihull Moors","2022-2023","2022-2022","end pulled in"
"Simon Barker","QPR","1995-1995","1992-1995","start earlier"
"Curtis Fleming","Middlesbrough","1995-2001","1992-2001","start earlier"
"Scott Sinclair","Manchester City","2012-2014","2012-2012 + 2014-2014","stint split"
"Scott Sinclair","Birmingham","2009-2009","2008-2008","start earlier + end pulled in"
"Scott Sinclair","Bristol Rovers","2022-2024","2004-2004 + 2022-2024","start earlier + stint split"
"Scott Sinclair","Charlton","2008-2008","2007-2007","start earlier + end pulled in"
"Andrea Caracciolo","Brescia","2001-2004","2001-2001 + 2003-2004","stint split"
"Tyrone Mears","Burnley","2009-2009","2009-2010",""
"Tyrone Mears","West Ham","2006-2007","2006-2006","end pulled in"
"Tyrone Mears","Preston","2005-2005","2002-2005","start earlier"
"Tyrone Mears","Bolton","2011-2011","2011-2013",""
"Tyrone Mears","Derby","2006-2007","2006-2008",""
"Thomas Schaaf","Werder Bremen","1993-1993","1992-1994","start earlier"
"David Ferguson","Hartlepool","2020-2023","2020-2024",""
"Ken Monkou","Southampton","1995-1998","1992-1998","start earlier"
"João Moutinho","Sporting CP","2005-2009","2004-2009","start earlier"
"Danny Graham","Wolves","2014-2015","2014-2014","end pulled in"
"Danny Graham","Blackburn","2016-2019","2015-2019","start earlier"
"Danny Graham","Middlesbrough","2004-2006","2004-2006 + 2013-2013","stint split"
"Danny Graham","Sunderland","2012-2012 + 2015-2015","2012-2012 + 2014-2015 + 2020-2020","stint split"
"Uwe Rösler","Manchester City","1995-1995","1993-1995","start earlier"
"Milos Veljkovic","Charlton","2015-2015","2014-2014","start earlier + end pulled in"
"Yann Kermorgant","Charlton","2011-2012","2011-2013",""
"Míchel","Valencia","2008-2009","2008-2008","end pulled in"
"Míchel","Real Madrid","1995-1995","1992-1995","start earlier"
"Míchel","Rayo Vallecano","1995-2002","1993-1993 + 1995-2002","start earlier + stint split"
"Míchel","Sporting Gijon","2008-2009","2008-2008","end pulled in"
"Chris Long","Brentford","2015-2015","2014-2014","start earlier + end pulled in"
"Chris Long","Bolton","2017-2017","2016-2016","start earlier + end pulled in"
"Chris Long","Fleetwood Town","2016-2016","2016-2016 + 2018-2018","stint split"
"Marcelo Ojeda","Tenerife","1995-1997","1994-1997","start earlier"
"Kemy Agustien","Crystal Palace","2011-2011","2010-2010","start earlier + end pulled in"
"Carlo Sassarini","Bari","1997-1997","1994-1997","start earlier"
"Jérémie Aliadière","Arsenal","2001-2006","2001-2004 + 2006-2006","stint split"
"Jérémie Aliadière","Middlesbrough","2007-2008","2007-2009",""
"Robert Sánchez","Forest Green","2018-2019","2018-2018","end pulled in"
"Matthew Smith","Hull City","2021-2022","2021-2021","end pulled in"
"Matthew Smith","Newport County","2025-2025","2025-2026",""
"Gary Cahill","Bournemouth","2021-2022","2021-2021","end pulled in"
"Declan Rudd","Preston","2012-2022","2012-2013 + 2017-2021","end pulled in + stint split"
"Declan Rudd","Norwich","2009-2015","2009-2011 + 2015-2015","stint split"
"Mark McGuinness","Cardiff","2021-2023","2021-2021 + 2023-2024","stint split"
"Mark McGuinness","Sheffield Utd","2025-2025","2025-2026",""
"Mark McGuinness","Sheffield Wednesday","2022-2023","2022-2022","end pulled in"
"Bryan Robson","Manchester United","1993-1993","1992-1993","start earlier"
"Tom Edwards","Stoke City","2016-2017","2016-2019",""
"Patrick Ochs","VfL Wolfsburg","2011-2013","2011-2011 + 2013-2013","stint split"
"Pedro León","Getafe","2009-2015","2009-2009 + 2011-2015","stint split"
"Callum McManaman","Wigan","2008-2025","2008-2012 + 2023-2025","stint split"
"Callum McManaman","Tranmere","2021-2022","2021-2021","end pulled in"
"Tony Andreu","Coventry","2017-2017","2017-2018",""
"Gökhan Töre","West Ham","2016-2017","2016-2016","end pulled in"
"Gökhan Töre","Beşiktaş","2013-2015 + 2018-2021","2013-2015 + 2017-2021",""
"Gökhan Töre","Yeni Malatyaspor","2019-2020","2019-2019","end pulled in"
"David O'Leary","Arsenal","1991-1991","1991-1992",""
"Luke Amos","Stevenage","2018-2018","2017-2017","start earlier + end pulled in"
"Sam Morsy","Middlesbrough","2020-2020","2020-2021",""
"Sam Morsy","Chesterfield","2013-2014","2013-2015",""
"Ahmed Kashi","Oxford United","2019-2019","2018-2018","start earlier + end pulled in"
"Antonio Castro Fernández","Compostela","1995-1995","1994-1995","start earlier"
"Thomas Helveg","Udinese","1996-1997","1993-1997","start earlier"
"Ignacio Conte","Tenerife","1995-1996","1993-1996","start earlier"
"Josh Morris","Blackburn","2010-2011","2010-2013",""
"Josh Morris","Fleetwood Town","2013-2020","2013-2014 + 2019-2020","stint split"
"Josh Morris","Yeovil Town","2012-2012","2011-2011","start earlier + end pulled in"
"Ivan Paurevic","Huddersfield","2016-2017","2016-2016","end pulled in"
"Ivan Paurevic","Riga","2021-2022","2021-2021","end pulled in"
"Claudio Gomes","Manchester City","2018-2021","2018-2020","end pulled in"
"Claudio Gomes","Barnsley","2021-2022","2021-2021","end pulled in"
"Gaetano Grieco","Parma","2001-2003","2001-2001 + 2003-2003","stint split"
"Gary Gardner","Aston Villa","2011-2012","2011-2012 + 2016-2017","stint split"
"Gary Gardner","Barnsley","2017-2018","2017-2017","end pulled in"
"Alberto Monteagudo","Albacete","1995-1995","1994-1995","start earlier"
"Dion Pereira","Bradford","2022-2022","2021-2022","start earlier"
"Alessandro Pierini","Udinese","1996-1998 + 2003-2003","1992-1998 + 2003-2003","start earlier"
"David Hughes","Southampton","1995-1998","1993-1998","start earlier"
"Floyd Ayité","Fulham","2016-2018","2016-2019",""
"André Gomes","Everton","2018-2023","2018-2021 + 2023-2023","stint split"
"André Gomes","Lille","2022-2025","2022-2022 + 2024-2025","stint split"
"Rajiv van La Parra","Huddersfield","2015-2018","2015-2019",""
"Rajiv van La Parra","Wolves","2014-2014","2014-2015",""
"Rajiv van La Parra","Brighton","2015-2016","2015-2015","end pulled in"
"Rajiv van La Parra","Middlesbrough","2019-2019","2018-2018","start earlier + end pulled in"
"Zak Whitbread","Millwall","2008-2008","2005-2008","start earlier"
"Zak Whitbread","Shrewsbury","2015-2016","2015-2015","end pulled in"
"Mario Romero Cañego","Albacete","1995-1995","1994-1995","start earlier"
"Morgan Gibbs-White","Sheffield Utd","2021-2022","2021-2021","end pulled in"
"Morgan Gibbs-White","Swansea","2020-2021","2020-2020","end pulled in"
"Shane Lowry","Birmingham","2015-2016","2015-2015","end pulled in"
"Kamil Zayatte","Hull City","2008-2009","2008-2010",""
"Alexander Sørloth","RB Leipzig","2020-2022","2020-2020 + 2022-2022","stint split"
"Alexander Sørloth","Atletico Madrid","2022-2026","2022-2022 + 2024-2026","stint split"
"Matej Kovar","Burton Albion","2022-2022","2021-2021","start earlier + end pulled in"
"Matej Kovar","Swindon Town","2020-2021","2020-2020","end pulled in"
"Lee Buchanan","Birmingham","2023-2025","2023-2026",""
"Lee Buchanan","Derby","2020-2020","2019-2021","start earlier"
"Adam Le Fondre","Reading","2011-2012","2011-2013",""
"Adam Le Fondre","Bolton","2014-2017","2014-2014 + 2016-2018","stint split"
"Adam Le Fondre","Rotherham","2009-2010","2009-2011",""
"Adam Le Fondre","Rochdale","2008-2008","2006-2009","start earlier"
"Nuno Mendes","Sporting CP","2019-2020","2019-2021",""
"Fernando Moreno López","Rayo Vallecano","1995-1995","1993-1995","start earlier"
"Steven Skrzybski","FC Schalke 04","2018-2020","2018-2018 + 2020-2020","stint split"
"Jordan Bowery","Rotherham","2014-2014","2014-2015",""
"Jordan Bowery","Chesterfield","2008-2011","2008-2012",""
"Jordan Bowery","Doncaster","2014-2014","2013-2013","start earlier + end pulled in"
"Kyle Edwards","Oxford United","2023-2023","2023-2024",""
"Kyle Edwards","Stevenage","2025-2025","2024-2025","start earlier"
"Mike Newell","Blackburn","1995-1995","1992-1995","start earlier"
"Matt Ritchie","Swindon Town","2011-2011","2009-2012","start earlier"
"Matt Ritchie","Portsmouth","2009-2010","2009-2010 + 2024-2024","stint split"
"Toby King","West Brom","2020-2020","2020-2021",""
"Wojciech Kowalczyk","Real Betis","1995-1996","1994-1996","start earlier"
"Ryan Longman","Hull City","2021-2022","2021-2022 + 2024-2024","stint split"
"Ryan Longman","Wrexham","2024-2025","2024-2026",""
"Andrea Pinamonti","Sassuolo","2022-2025","2022-2023 + 2025-2025","stint split"
"Ricardo Rodríguez","PSV Eindhoven","2020-2020","2019-2019","start earlier + end pulled in"
"Shayne Lavery","Cambridge United","2024-2025","2024-2026",""
"Cole Kpekawa","QPR","2014-2014","2014-2016",""
"Cole Kpekawa","Portsmouth","2015-2015","2014-2014","start earlier + end pulled in"
"Cole Kpekawa","Colchester","2014-2017","2014-2014 + 2017-2017","stint split"
"Ousseynou Cissé","Gillingham","2019-2020","2019-2019","end pulled in"
"Ousseynou Cissé","Ebbsfleet United","2023-2024","2023-2023","end pulled in"
"Álvaro Santos","Sochaux","2006-2008","2006-2006 + 2008-2008","stint split"
"Enzo Maresca","Juventus","1999-2003","1999-1999 + 2001-2001 + 2003-2003","stint split"
"Dean Kiely","West Brom","2006-2008","2006-2009",""
"Marcus Bent","Charlton","2005-2006","2005-2007",""
"Jokin Uría","Real Sociedad","1995-1996","1992-1996","start earlier"
"Darren Pratley","Brentford","2005-2005","2004-2005","start earlier"
"Darren Pratley","Bolton","2011-2011","2011-2017",""
"Roberto Rambaudi","Lazio","1996-1997","1994-1997","start earlier"
"Russell Martin","Walsall","2018-2019","2018-2018","end pulled in"
"Russell Martin","Peterborough","2008-2008","2008-2009",""
"Alessandro Matri","Juventus","2010-2014","2010-2012 + 2014-2014","stint split"
"César Sánchez","Valladolid","1995-1999","1993-1999","start earlier"
"Karl-Heinz Riedle","Borussia Dortmund","1995-1996","1993-1996","start earlier"
"Gary Charles","Aston Villa","1995-1998","1994-1998","start earlier"
"Marius Adamonis","Atlantas","2015-2015","2015-2016",""
"Barry Douglas","Leeds","2018-2019","2018-2020",""
"Gian Paolo Manighetti","Bari","1997-1997","1994-1997","start earlier"
"Alexis Saelemaekers","AC Milan","2019-2025","2019-2022 + 2024-2025","stint split"
"Alfie Doughty","Stoke City","2020-2020","2020-2021",""
"Alfie Doughty","Charlton","2018-2019","2018-2020",""
"Alfie Doughty","Luton","2022-2023","2022-2024",""
"Désiré Doué","Paris Saint Germain","2022-2025","2022-2022 + 2024-2025","stint split"
"Taylor Perry","Cheltenham","2021-2021","2021-2022",""
"Takayuki Morimoto","Catania","2006-2012","2006-2010 + 2012-2012","stint split"
"Dennis Politic","Bolton","2019-2020","2019-2019","end pulled in"
"Tomás Olías","Real Betis","1995-1998","1994-1998","start earlier"
"Adam Campbell","Crawley Town","2023-2024","2023-2023","end pulled in"
"Adam Campbell","Hartlepool","2014-2014","2014-2014 + 2024-2024","stint split"
"Romano Schmid","Werder Bremen","2020-2025","2018-2018 + 2020-2025","start earlier + stint split"
"Andy Lonergan","Preston","2006-2010","2003-2004 + 2006-2010","start earlier + stint split"
"Andy Lonergan","Rochdale","2019-2019","2018-2018","start earlier + end pulled in"
"Andy Lonergan","Swindon Town","2007-2007","2006-2006","start earlier + end pulled in"
"Conor Coventry","West Ham","2019-2022","2018-2020 + 2022-2022","start earlier + stint split"
"Conor Coventry","Rotherham","2023-2023","2022-2022","start earlier + end pulled in"
"Conor Coventry","Charlton","2023-2025","2023-2026",""
"Conor Coventry","Milton Keynes Dons","2022-2022","2021-2021","start earlier + end pulled in"
"Conor Coventry","Peterborough","2021-2022","2021-2021","end pulled in"
"Conor Coventry","Lincoln","2020-2020","2019-2019","start earlier + end pulled in"
"Edenilson","Genoa","2014-2016","2014-2014 + 2016-2016","stint split"
"Fraser Kerr","Gateshead","2017-2017","2017-2018",""
"Robbie Mustoe","Middlesbrough","1995-2001","1992-2001","start earlier"
"Mark Connolly","Crawley Town","2012-2017","2012-2018",""
"Mark Connolly","Macclesfield","2012-2012","2011-2011","start earlier + end pulled in"
"Bernard Mensah","Watford","2013-2015","2013-2014","end pulled in"
"Bernard Mensah","Barnet","2014-2015","2014-2014","end pulled in"
"Bernard Mensah","Aldershot Town","2016-2016","2016-2017",""
"Emmanuel Dennis","Watford","2021-2024","2021-2023","end pulled in"
"Emmanuel Dennis","Nottingham Forest","2022-2023","2022-2022","end pulled in"
"Emmanuel Dennis","Blackburn","2025-2025","2024-2025","start earlier"
"Tom Huddlestone","Hull City","2013-2016","2013-2016 + 2021-2021","stint split"
"Tom Huddlestone","Derby","2017-2019","2003-2004 + 2017-2019","start earlier + stint split"
"Stefano Sensi","Inter","2019-2023","2019-2021 + 2023-2023","stint split"
"Stefano Sensi","Monza","2022-2024","2022-2022 + 2024-2024","stint split"
"Alex Gilliead","Shrewsbury","2018-2025","2018-2018 + 2024-2025","stint split"
"Alex Gilliead","Carlisle","2015-2015","2015-2025",""
"Stefan Schnoor","Hamburger SV","1995-1997","1992-1997","start earlier"
"Harry Toffolo","Scunthorpe","2016-2017","2016-2016","end pulled in"
"Harry Toffolo","Peterborough","2016-2016","2015-2016","start earlier"
"Harry Toffolo","Lincoln","2018-2018","2018-2019",""
"Alberto Bueno","Valladolid","2009-2012","2009-2009 + 2012-2012","stint split"
"Joel Valencia Castillo","Brentford","2019-2021","2019-2020","end pulled in"
"Sergio Sánchez","Espanyol","2002-2008","2002-2006 + 2008-2008","stint split"
"Patrick Valéry","Bastia","1996-2000","1996-1996 + 1998-2000","stint split"
"Marc Navarro","Watford","2018-2018","2018-2018 + 2020-2020","stint split"
"Fernando","Valladolid","2000-2001","1996-1996 + 2000-2001","start earlier + stint split"
"Ethan Wheatley","Walsall","2025-2025","2024-2025","start earlier"
"Ethan Wheatley","Bradford","2026-2026","2025-2026","start earlier"
"Lloyd Isgrove","Southampton","2012-2014","2012-2014 + 2016-2016","stint split"
"Lloyd Isgrove","Bolton","2020-2023","2020-2022","end pulled in"
"Lloyd Isgrove","Barnsley","2015-2018","2015-2015 + 2017-2018","stint split"
"Lloyd Isgrove","Peterborough","2014-2014","2013-2014","start earlier"
"Quentin Merlin","Rennes","2022-2025","2022-2022 + 2024-2025","stint split"
"Jens Hegeler","Bristol City","2016-2018","2016-2017","end pulled in"
"Nicolas Seiwald","FC Liefering","2018-2019","2018-2020",""
"Mohamed Salah","El Mokawloon","2010-2011","2009-2011","start earlier"
"Matthew Jarvis","Wolves","2009-2009","2007-2012","start earlier"
"Diego Poyet","Charlton","2013-2015","2013-2013 + 2015-2015","stint split"
"Stephen Dobbie","Brighton","2012-2013","2012-2012","end pulled in"
"Stephen Dobbie","Blackpool","2009-2011","2009-2009 + 2011-2011 + 2013-2013","stint split"
"Dara O'Shea","Burnley","2023-2023","2023-2024",""
"Stuart Armstrong","Southampton","2018-2022","2018-2023",""
"Stuart Armstrong","Sheffield Wednesday","2025-2025","2024-2025","start earlier"
"Paolo Negro","Lazio","1996-2004","1993-2004","start earlier"
"Gianfranco Zola","Parma","1996-1996","1993-1996","start earlier"
"Lolo","Sevilla","2005-2009","2005-2007 + 2009-2009","stint split"
"Didier Digard","Middlesbrough","2008-2008","2008-2009",""
"Thomas Myhre","Sunderland","2002-2002","2002-2004",""
"Jacek Goralski","Kairat Almaty","2020-2021","2020-2020","end pulled in"
"Marvin Emnes","Blackburn","2016-2017","2016-2016","end pulled in"
"Marvin Emnes","Middlesbrough","2008-2008","2008-2013",""
"Matthew Colin Foulds","Bradford","2020-2021","2020-2022",""
"Douglas Luiz","Aston Villa","2019-2025","2019-2023 + 2025-2025","stint split"
"Chris Brunt","West Brom","2007-2017","2007-2019",""
"Steve De Ridder","Bolton","2013-2013","2012-2012","start earlier + end pulled in"
"Jason Cundy","Tottenham","1995-1995","1992-1995","start earlier"
"Gareth Hall","Chelsea","1995-1995","1992-1995","start earlier"
"Billy Clifford","Havant & Wville","2020-2021","2020-2022",""
"Alberto Albístegui","Real Sociedad","1995-1996","1993-1996","start earlier"
"Domenico Morfeo","Atalanta","1996-1996 + 2000-2000","1993-1996 + 2000-2000","start earlier"
"Aly Cissokho","Aston Villa","2014-2015","2014-2016",""
"Yannik Keitel","VfB Stuttgart","2022-2025","2022-2022 + 2024-2025","stint split"
"José Campaña","1. FC Nürnberg","2013-2014","2013-2013","end pulled in"
"José Campaña","FC Porto","2014-2015","2014-2014","end pulled in"
"Tariqe Fosu","Rotherham","2022-2023","2022-2022","end pulled in"
"Tariqe Fosu","Stoke City","2022-2023","2022-2022","end pulled in"
"Tariqe Fosu","Fleetwood Town","2015-2016","2015-2015","end pulled in"
"Tariqe Fosu","Oxford United","2019-2020","2019-2019","end pulled in"
"Mihai Roman","FC Botosani","2016-2022","2016-2020","end pulled in"
"Anthony McNamee","Watford","2006-2006","2001-2006","start earlier"
"Anthony McNamee","Swindon Town","2008-2008","2007-2009","start earlier"
"Anthony McNamee","Wycombe","2011-2012","2011-2011","end pulled in"
"Mariano Díaz","Real Madrid","2015-2022","2015-2016 + 2018-2022","stint split"
"Jürgen Klinsmann","Tottenham","1997-1997","1994-1994 + 1997-1997","start earlier + stint split"
"Bruno Soares","Kairat Almaty","2015-2016","2015-2015","end pulled in"
"Conor Sammon","Derby","2012-2013","2012-2014",""
"Wesley Moraes","Stoke City","2023-2024","2023-2023","end pulled in"
"Alf-Inge Haaland","Manchester City","2000-2000","2000-2001",""
"Frank Onyeka","Coventry","2026-2026","2025-2026","start earlier"
"Ryan Seager","Havant & Wville","2019-2024","2019-2019","end pulled in"
"Ryan Seager","Dorking Wanderers","2022-2022","2022-2023",""
"John Hartson","Arsenal","1995-1996","1994-1996","start earlier"
"Emmanuel Agbadou","Beşiktaş","2026-2026","2025-2026","start earlier"
"Marek Rodák","Fulham","2014-2022","2014-2017 + 2019-2023","stint split"
"Ashley Phillips","Plymouth","2024-2024","2023-2023","start earlier + end pulled in"
"Matija Sarkic","Stoke City","2023-2023","2022-2022","start earlier + end pulled in"
"Dekel Keinan","Bristol City","2012-2012","2011-2011","start earlier + end pulled in"
"Francisco","Espanyol","1995-1996","1992-1996","start earlier"
"Darren Carter","West Brom","2005-2005","2005-2006",""
"Ronny Rosenthal","Tottenham","1995-1996","1993-1996","start earlier"
"Beto","Portimonense","2019-2020","2019-2021",""
"Gil Vermouth","Hapoel Haifa","2018-2019","2018-2018","end pulled in"
"Gil Vermouth","Hapoel Tel Aviv","2008-2014","2008-2010 + 2014-2014","stint split"
"Adrián López","FC Porto","2014-2018","2014-2014 + 2016-2016 + 2018-2018","stint split"
"Jonas Thern","AS Roma","1996-1996","1994-1996","start earlier"
"CJ Egan-Riley","Burnley","2022-2022","2022-2024",""
"Romaric Yapi","Brighton","2019-2020","2019-2019","end pulled in"
"Clinton Morrison","Crystal Palace","1997-1997","1997-2001 + 2005-2007","stint split"
"Ibrahim Amadou","Angers","2020-2022","2020-2020 + 2022-2022","stint split"
"Christian Manfredini","Lazio","2002-2008","2002-2002 + 2004-2008","stint split"
"Nicky Summerbee","Manchester City","1995-1995","1994-1995","start earlier"
"Jimmy Walker","West Ham","2005-2005","2004-2005","start earlier"
"Corey Jordan","Bournemouth","2015-2019","2015-2016","end pulled in"
"Corey Jordan","Weymouth","2020-2020","2020-2020 + 2024-2024","stint split"
"Alex Mighten","Port Vale","2024-2024","2023-2023","start earlier + end pulled in"
"Diego Seoane","Dacia","2016-2016","2016-2017",""
"Chris Eagles","Manchester United","2004-2007","2004-2004 + 2006-2007","stint split"
"Chris Eagles","Watford","2005-2005","2004-2005","start earlier"
"Chris Eagles","Burnley","2008-2009","2008-2010",""
"Chris Eagles","Bolton","2011-2011","2011-2013",""
"Chris Eagles","Port Vale","2017-2017","2016-2016","start earlier + end pulled in"
"Chris Eagles","Blackpool","2014-2015","2014-2014","end pulled in"
"Jack Price","Shrewsbury","2023-2024","2023-2023 + 2026-2026","stint split"
"Dirk Kuyt","Feyenoord","2003-2016","2003-2005 + 2015-2016","stint split"
"Jeffrey Schlupp","Brentford","2011-2011","2010-2011","start earlier"
"Martin Dúbravka","Manchester United","2022-2023","2022-2022","end pulled in"
"Martin Dúbravka","Newcastle","2017-2024","2017-2021 + 2023-2024","stint split"
"Matthias Sammer","Borussia Dortmund","1995-1997","1992-1997","start earlier"
"Jon Gorenc Stankovic","Huddersfield","2016-2018","2016-2019",""
"Andreas Cornelius","FC Copenhagen","2011-2016 + 2022-2025","2011-2012 + 2014-2016 + 2022-2025","stint split"
"Ryan Noble","Derby","2010-2010","2010-2011",""
"Julian Dicks","West Ham","1995-1998","1993-1998","start earlier"
"Owen Dodgson","Burnley","2021-2022","2021-2021","end pulled in"
"Owen Dodgson","Burton Albion","2025-2025","2024-2025","start earlier"
"Owen Dodgson","Rochdale","2023-2023","2022-2022","start earlier + end pulled in"
"Carney Chukwuemeka","Chelsea","2022-2023","2022-2024",""
"Miguel Fuentes","Real Sociedad","1995-2000","1992-2000","start earlier"
"Ademola Lookman","RB Leipzig","2017-2019","2017-2017 + 2019-2019","stint split"
"Luca Vigiani","Livorno","2004-2006","2004-2004 + 2006-2006","stint split"
"Carl Ikeme","Wolves","2003-2011","2003-2008 + 2011-2016","stint split"
"Wade Elliott","Burnley","2009-2009","2005-2011","start earlier"
"Nathanael Ogbeta","Bolton","2024-2024","2023-2023","start earlier + end pulled in"
"Nathanael Ogbeta","Swansea","2021-2021","2021-2022",""
"Nathanael Ogbeta","Peterborough","2023-2023","2022-2022","start earlier + end pulled in"
"Nathanael Ogbeta","Shrewsbury","2020-2020","2020-2021",""
"Xavier Aguado","Zaragoza","1995-2001","1992-2001","start earlier"
"Eduardo Salvio","Benfica","2010-2018","2010-2010 + 2012-2018","stint split"
"Eduardo Salvio","Atletico Madrid","2009-2011","2009-2009 + 2011-2011","stint split"
"Milos Lukovic","Preston","2026-2026","2025-2026","start earlier"
"Jaime Gavilán","Getafe","2005-2013","2005-2005 + 2007-2013","stint split"
"Ádám Nagy","Bristol City","2019-2020","2019-2021",""
"Craig Dawson","Watford","2019-2019","2019-2020",""
"Craig Dawson","West Brom","2011-2017","2011-2011 + 2013-2018","stint split"
"Craig Dawson","Bolton","2013-2013","2012-2012","start earlier + end pulled in"
"Sam Hutchinson","Reading","2022-2022","2022-2023",""
"Tim Breacker","West Ham","1995-1998","1993-1998","start earlier"
"Des Lyttle","West Brom","2002-2002","2001-2002","start earlier"
"Chris Plummer","QPR","1995-1995","1995-2002",""
"Gustavo Nunes","Swansea","2026-2026","2025-2026","start earlier"
"Lasse Schöne","De Graafschap","2006-2007","2006-2008",""
"Lasse Schöne","Heerenveen","2005-2005","2005-2020",""
"Lasse Schöne","NEC Nijmegen","2008-2024","2008-2011 + 2021-2024","stint split"
"Lasse Schöne","Genoa","2019-2020","2019-2019","end pulled in"
"Oumar Niasse","Everton","2015-2019","2015-2015 + 2017-2019","stint split"
"Carl Stewart","Watford","2016-2017","2016-2016","end pulled in"
"Ibrahim Sulemana","Cagliari","2023-2025","2023-2023 + 2025-2025","stint split"
"Ibrahim Sulemana","Atalanta","2022-2024","2022-2022 + 2024-2024","stint split"
"Gus Poyet","Zaragoza","1995-1996","1992-1996","start earlier"
"Bruce Grobbelaar","Southampton","1995-1995","1994-1995","start earlier"
"Alessandro Orlando","Udinese","1996-1997","1992-1992 + 1996-1997","start earlier + stint split"
"Domingo Cisma","Almeria","2005-2009","2005-2007 + 2009-2009","stint split"
"Tommy Smith","Middlesbrough","2022-2024","2022-2023","end pulled in"
"Ashley Fletcher","Wigan","2022-2023","2022-2022","end pulled in"
"Ashley Fletcher","Sunderland","2018-2018","2017-2017","start earlier + end pulled in"
"Jan Vertonghen","Benfica","2020-2021","2020-2022",""
"Matthew Lund","Scunthorpe","2018-2018","2018-2019",""
"Detlef Osong","Nottingham Forest","2025-2025","2022-2025","start earlier"
"Detlef Osong","Fleetwood Town","2026-2026","2025-2026","start earlier"
"Regan Booty","Maidstone Utd","2021-2021","2021-2022",""
"Ronnie Lee Edwards","QPR","2024-2025","2024-2026",""
"Graziano Battistini","Udinese","1996-1996","1993-1996","start earlier"
"Greg Olley","Gateshead","2018-2024","2018-2023","end pulled in"
"Greg Olley","York","2025-2025","2025-2026",""
"Yves Eigenrauch","FC Schalke 04","1995-2000","1992-2000","start earlier"
"Juan Familia-Castillo","Charlton","2022-2022","2021-2021","start earlier + end pulled in"
"Gianluca Vialli","Juventus","1995-1995","1992-1995","start earlier"
"Roberto Mussi","Parma","1996-1998","1994-1998","start earlier"
"Cameron Coxe","Colchester","2021-2021","2021-2022",""
"Giovani Lo Celso","Tottenham","2019-2023","2019-2021 + 2023-2023","stint split"
"Cyle Larin","Southampton","2026-2026","2025-2026","start earlier"
"Javier Torres Gómez","Valladolid","1995-2003","1993-2003","start earlier"
"Chris Wood","Ipswich","2015-2015","2014-2015","start earlier"
"Chris Wood","Leeds","2015-2016","2015-2017",""
"Shaka Hislop","Portsmouth","2003-2004","2002-2004","start earlier"
"Craig Leon Eastmond","Sutton Utd","2015-2024","2015-2023","end pulled in"
"Jermaine Jenas","Tottenham","2005-2012","2005-2010 + 2012-2012","stint split"
"Jermaine Jenas","QPR","2012-2014","2012-2013","end pulled in"
"Tamás Kádár","Newcastle","2008-2011","2008-2009","end pulled in"
"Tamás Kádár","Huddersfield","2011-2011","2010-2010","start earlier + end pulled in"
"David Generelo","Zaragoza","2003-2007","2003-2005 + 2007-2007","stint split"
"Trevor Sinclair","QPR","1995-1995","1993-1995","start earlier"
"Conrad Logan","Rotherham","2011-2012","2011-2011","end pulled in"
"Conrad Logan","Bristol Rovers","2011-2011","2010-2010","start earlier + end pulled in"
"Conrad Logan","Rochdale","2014-2014","2014-2016",""
"Conrad Logan","Mansfield Town","2017-2020","2017-2019","end pulled in"
"Conrad Logan","Forest Green","2020-2020","2019-2019","start earlier + end pulled in"
"Conrad Logan","Anstey Nomads","2022-2024","2022-2022","end pulled in"
"Jack Butland","Stoke City","2013-2017","2013-2019",""
"Juan Jiménez López","Real Betis","2019-2024","2019-2022 + 2024-2024","stint split"
"Simon Cox","Reading","2005-2015","2005-2005 + 2014-2015","stint split"
"Simon Cox","Northampton","2007-2007","2006-2006","start earlier + end pulled in"
"Francis Llacer","Paris Saint Germain","1994-1998 + 2001-2002","1994-1995 + 1997-1998 + 2001-2002","stint split"
"Thomas Barkhuizen","Derby","2022-2023","2022-2024",""
"Denis Cheryshev","Villarreal","2014-2017","2014-2014 + 2016-2017","stint split"
"José María Lumbreras","Real Sociedad","1995-1995","1992-1995","start earlier"
"Sven Schipplock","Hamburger SV","2015-2017","2015-2015 + 2017-2017","stint split"
"Jürgen Hartmann","Hamburger SV","1995-1996","1992-1996","start earlier"
"Malcolm Perewari Ebiowei","Hull City","2023-2023","2022-2022","start earlier + end pulled in"
"Kristoffer Klaesson","Leeds","2021-2021","2021-2023",""
"Conor McAleny","Everton","2010-2014","2010-2011 + 2014-2014","stint split"
"Conor McAleny","Scunthorpe","2012-2012","2011-2011","start earlier + end pulled in"
"Conor McAleny","Shrewsbury","2020-2020","2019-2019","start earlier + end pulled in"
"Anders Limpar","Arsenal","1991-1991","1991-1993",""
"Anders Limpar","Everton","1995-1996","1993-1996","start earlier"
"Maldini Kacurri","Arsenal","2025-2025","2024-2025","start earlier"
"Maldini Kacurri","Grimsby","2026-2026","2025-2026","start earlier"
"Maldini Kacurri","Bromley","2025-2025","2024-2025","start earlier"
"Valentin Cojocaru","Viitorul Constanta","2017-2020","2017-2018","end pulled in"
"Jonathan Panzo","Cardiff","2023-2024","2023-2023","end pulled in"
"Jonathan Panzo","Birmingham","2026-2026","2025-2026","start earlier"
"Jonathan Panzo","Nottingham Forest","2021-2023","2021-2021","end pulled in"
"Loren","Real Sociedad","1995-2001","1993-2001","start earlier"
"Rabby Nzingoula","Strasbourg","2023-2025","2023-2023 + 2025-2025","stint split"
"Idris El Mizouni","Ipswich","2018-2024","2018-2019 + 2021-2022","end pulled in + stint split"
"Idris El Mizouni","Cambridge United","2020-2020","2019-2020","start earlier"
"Idris El Mizouni","Leyton Orient","2022-2025","2022-2023 + 2025-2026","stint split"
"Míchel Salgado","Celta Vigo","1995-1998","1994-1998","start earlier"
"Cyrus Christie","Fulham","2017-2018","2017-2019 + 2021-2021","stint split"
"Cyrus Christie","Hull City","2022-2024","2022-2023","end pulled in"
"Cyrus Christie","Nottingham Forest","2020-2021","2020-2020","end pulled in"
"Cyrus Christie","Middlesbrough","2017-2018","2017-2017","end pulled in"
"Cyrus Christie","Swansea","2021-2021","2021-2021 + 2024-2024","stint split"
"Cesare Natali","Atalanta","2001-2004","2001-2002 + 2004-2004","stint split"
"Nathan Newman Trott","Cardiff","2025-2025","2025-2026",""
"Arijon Ibrahimovic","Bayern München","2021-2025","2021-2022 + 2024-2025","stint split"
"Kallum Cesay","Salford City","2024-2025","2024-2026",""
"Kallum Cesay","Wealdstone","2023-2023","2023-2024",""
"Hogan Ephraim","Bristol City","2012-2012","2011-2011","start earlier + end pulled in"
"Bradley Allen","QPR","1995-1995","1992-1995","start earlier"
"Kieran Agard","Rotherham","2012-2013","2012-2014",""
"Kieran Agard","Milton Keynes Dons","2016-2020","2016-2019","end pulled in"
"Kieran Agard","Doncaster","2021-2023","2021-2022","end pulled in"
"Kieran Agard","Plymouth","2021-2022","2021-2021","end pulled in"
"Reece Oxford","Reading","2017-2017","2016-2016","start earlier + end pulled in"
"Philip Ifil","Tottenham","2004-2006","2004-2004 + 2006-2006","stint split"
"Halil Dervişoğlu","Galatasaray","2020-2023","2020-2021 + 2023-2023","stint split"
"Glenn Whelan","Bristol Rovers","2021-2023","2021-2022","end pulled in"
"Thanos Petsos","Fulham","2017-2017","2016-2016","start earlier + end pulled in"
"Gianmatteo Mareggini","Fiorentina","1996-1998","1992-1998","start earlier"
"Adam Lallana","Southampton","2007-2013 + 2024-2024","2006-2013 + 2024-2024","start earlier"
"Gaël Kakuta","Amiens","2017-2019","2017-2017 + 2019-2019","stint split"
"David Castedo","Mallorca","1997-1999","1997-1997 + 1999-1999","stint split"
"Nathan Tella","Southampton","2019-2022","2019-2021 + 2023-2023","stint split"
"Nathan Tella","Burnley","2022-2023","2022-2022","end pulled in"
"Hermann Hreiðarsson","Portsmouth","2007-2009","2007-2011",""
"Sidy Sagna","Sfîntul Gheorghe","2019-2021","2019-2020","end pulled in"
"Shaun Derry","Crystal Palace","2004-2004","2002-2009","start earlier"
"Mikkel Andersen","Bristol Rovers","2009-2009","2009-2010",""
"Daniel Amartey","Beşiktaş","2023-2024","2023-2023","end pulled in"
"Gylfi Sigurdsson","Reading","2008-2009","2008-2010",""
"Jacob Lungi Sørensen","Norwich","2020-2021","2020-2024",""
"Stuart Findlay","Kilmarnock","2015-2024","2015-2019 + 2024-2024","stint split"
"Stuart Findlay","Oxford United","2022-2024","2022-2022","end pulled in"
"Malachi Boateng","Plymouth","2024-2025","2024-2026",""
"Lateef Elford-Alliyu","Bury","2011-2011","2011-2012",""
"Ioan Sabău","Brescia","1997-1997","1992-1994 + 1997-1997","start earlier + stint split"
"Ian Bishop","West Ham","1995-1997","1993-1997","start earlier"
"Andrea Bertolacci","AC Milan","2015-2018","2015-2016 + 2018-2018","stint split"
"Andrea Bertolacci","Fatih Karagümrük","2020-2022","2020-2023",""
"Leandro Bacuna","Cardiff","2018-2018","2018-2021",""
"Leandro Bacuna","Reading","2017-2017","2017-2018",""
"Leandro Bacuna","Aston Villa","2013-2015","2013-2017",""
"Nedum Onuoha","Manchester City","2004-2011","2004-2009 + 2011-2011","stint split"
"Nedum Onuoha","QPR","2011-2014","2011-2017",""
"Radja Nainggolan","Inter","2018-2020","2018-2018 + 2020-2020","stint split"
"Robert Snodgrass","West Ham","2016-2020","2016-2016 + 2018-2020","stint split"
"Robert Snodgrass","West Brom","2020-2020","2020-2021",""
"Robert Snodgrass","Aston Villa","2017-2018","2017-2017","end pulled in"
"Chris Gunter","Reading","2012-2012","2012-2019",""
"Chris Gunter","AFC Wimbledon","2022-2023","2022-2022","end pulled in"
"Bobby Thomas","Burnley","2019-2021","2019-2020","end pulled in"
"Bobby Thomas","Barrow","2021-2021","2020-2020","start earlier + end pulled in"
"Samuel Bastien","Burnley","2022-2023","2022-2022","end pulled in"
"Francesco Moriero","AS Roma","1996-1996","1994-1996","start earlier"
"Callum Morris","GAP Connah S Quay FC","2015-2024","2015-2021","end pulled in"
"Gianpietro Piovani","Piacenza","1996-1999","1993-1999","start earlier"
"Steven Whittaker","Hibernian","2005-2018","2005-2005 + 2018-2018","stint split"
"Steven Whittaker","Dunfermline","2020-2021","2020-2020","end pulled in"
"Sean Gregan","West Brom","2002-2002","2002-2003",""
"Aki Riihilahti","Crystal Palace","2004-2004","2001-2005","start earlier"
"Michael Donohue","United of Manchester","2018-2024","2018-2020","end pulled in"
"Scott Twine","Bristol City","2023-2025","2023-2026",""
"Scott Twine","Swindon Town","2015-2019","2015-2020",""
"Matt Oakley","Southampton","1995-2004","1994-2005","start earlier"
"Reece James","Huddersfield","2015-2015","2014-2015","start earlier"
"Reece James","Rotherham","2014-2025","2014-2014 + 2024-2025","stint split"
"Reece James","Sheffield Wednesday","2022-2022","2022-2023",""
"Luis Cembranos","Espanyol","1995-1997","1994-1997","start earlier"
"Kristoffer Nordfeldt","Swansea","2015-2016","2015-2016 + 2019-2019","stint split"
"Tim Krul","Norwich","2018-2021","2018-2022",""
"Tim Krul","Luton","2023-2024","2023-2023","end pulled in"
"Pier","Tenerife","1998-2001","1992-1993 + 1998-2001","start earlier + stint split"
"Terence Taylor","Northampton","2025-2025","2024-2025","start earlier"
"Konstantinos Mavropanos","West Ham","2023-2025","2023-2026",""
"Paul Rachubka","Huddersfield","2005-2005","2003-2005","start earlier"
"Dejan Stojanovic","Middlesbrough","2019-2021","2019-2020","end pulled in"
"Michael Schulz","Werder Bremen","1995-1996","1994-1996","start earlier"
"Joan Jordán","Sevilla","2019-2025","2019-2023 + 2025-2025","stint split"
"José Manuel Galdames","Athletic Club","1995-1995","1992-1993 + 1995-1995","start earlier + stint split"
"José Manuel Galdames","Compostela","1996-1996","1994-1994 + 1996-1996","start earlier + stint split"
"Dante","Standard Liege","2006-2007","2006-2008",""
"Daniele Carnasciali","Fiorentina","1996-1996","1992-1996","start earlier"
"Justin Hoyte","Arsenal","2002-2007","2002-2004 + 2006-2007","stint split"
"Justin Hoyte","Middlesbrough","2008-2008","2008-2013",""
"Davie Selke","Hertha BSC","2017-2022","2017-2019 + 2021-2022","stint split"
"Al Bangura","Watford","2006-2006","2004-2008","start earlier"
"Lloyd Humphries","Weston-super-Mare","2016-2024","2016-2023","end pulled in"
"Steven Thompson","Burnley","2009-2009","2008-2010","start earlier"
"Mounir El Hamdaoui","Derby","2006-2006","2005-2005","start earlier + end pulled in"
"Mounir El Hamdaoui","Fiorentina","2012-2014","2012-2012 + 2014-2014","stint split"
"Haydon Roberts","Brighton","2021-2022","2019-2021","start earlier + end pulled in"
"Haydon Roberts","Bristol City","2023-2024","2023-2025",""
"Haydon Roberts","Rochdale","2020-2021","2020-2020","end pulled in"
"Leo Østigård","Stoke City","2021-2022","2021-2021","end pulled in"
"Oumare Tounkara","Stevenage","2013-2014","2013-2013","end pulled in"
"Geoff Horsfield","West Brom","2004-2005","2003-2005","start earlier"
"Connor Mahoney","Huddersfield","2022-2022","2022-2023",""
"Connor Mahoney","Barnsley","2018-2018","2017-2017","start earlier + end pulled in"
"Lee Lucas","Burton Albion","2012-2012","2011-2011","start earlier + end pulled in"
"Lee Lucas","Cheltenham","2014-2014","2013-2013","start earlier + end pulled in"
"Kike Pérez","Valladolid","2019-2024","2019-2020 + 2022-2022 + 2024-2024","stint split"
"Matthew Jacob","Hull City","2020-2024","2020-2025",""
"İlkay Gündoğan","Manchester City","2016-2024","2016-2022 + 2024-2024","stint split"
"Federico Pisani","Atalanta","1996-1996","1992-1996","start earlier"
"Martyn Waghorn","Huddersfield","2022-2023","2022-2022","end pulled in"
"Martyn Waghorn","Derby","2018-2020","2018-2020 + 2023-2023","stint split"
"Martyn Waghorn","Coventry","2021-2021","2021-2022",""
"Connor Smith","Watford","2010-2015","2010-2013 + 2015-2015","stint split"
"Connor Smith","AFC Wimbledon","2016-2016","2015-2016","start earlier"
"Connor Smith","Gillingham","2014-2014","2013-2013","start earlier + end pulled in"
"Connor Smith","Boreham Wood","2018-2021","2018-2018 + 2021-2021","stint split"
"Artem Kravets","Dynamo Kyiv","2007-2017","2007-2015 + 2017-2017","stint split"
"Lewis Payne","Newport County","2023-2024","2023-2023","end pulled in"
"Myles Spencer Peart-Harris","Brentford","2021-2025","2021-2021 + 2023-2025","stint split"
"Myles Spencer Peart-Harris","Oxford United","2026-2026","2025-2026","start earlier"
"Myles Spencer Peart-Harris","Portsmouth","2024-2024","2023-2023","start earlier + end pulled in"
"Edmond-Paris Maghoma","Bolton","2023-2024","2023-2023","end pulled in"
"Edmond-Paris Maghoma","Norwich","2025-2025","2025-2026",""
"Edmond-Paris Maghoma","Milton Keynes Dons","2023-2023","2022-2022","start earlier + end pulled in"
"Juan Cabal","Juventus","2022-2025","2022-2022 + 2024-2025","stint split"
"Finley Back","Colchester","2026-2026","2025-2026","start earlier"
"Xavier Amaechi","Bolton","2021-2022","2021-2021","end pulled in"
"Xavier Amaechi","Plymouth","2025-2025","2025-2026",""
"Max Melbourne","Walsall","2021-2021","2020-2020","start earlier + end pulled in"
"Max Melbourne","Stevenage","2021-2022","2021-2021","end pulled in"
"Richard Cresswell","Stoke City","2008-2009","2007-2009","start earlier"
"Gordon Watson","Southampton","1995-1996","1994-1996","start earlier"
"Omar Rowe","Farnborough","2022-2023","2022-2022","end pulled in"
"Víctor Sánchez","Deportivo La Coruna","1999-2005","1999-2001","end pulled in"
"Craig Noone","Brighton","2009-2011","2009-2012",""
"Jack Robinson","Wolves","2013-2013","2012-2012","start earlier + end pulled in"
"Jack Robinson","Sheffield Utd","2019-2023","2019-2025",""
"Jack Robinson","Nottingham Forest","2018-2018","2018-2019",""
"Nikolas Ioannou","Nottingham Forest","2020-2021","2020-2020","end pulled in"
"Gideon Kodua","Wycombe","2023-2023","2023-2024",""
"Gideon Kodua","Luton","2025-2025","2025-2026",""
"Owen Garvan","Crystal Palace","2010-2013","2010-2014",""
"Owen Garvan","Millwall","2014-2014","2013-2013","start earlier + end pulled in"
"Scott Minto","Chelsea","1995-1996","1994-1996","start earlier"
"Harry Cardwell","Southend","2021-2024","2021-2023","end pulled in"
"Harry Cardwell","Grimsby","2017-2018","2017-2019",""
"Gavin Mahon","Watford","2006-2006","2001-2007","start earlier"
"Jota Peleteiro","Aston Villa","2019-2019","2019-2020",""
"Dietmar Hamann","Bayern München","1994-1997","1993-1997","start earlier"
"Danny Ward","Huddersfield","2010-2024","2010-2014 + 2016-2016 + 2020-2024","stint split"
"Danny Ward","Cardiff","2017-2018","2017-2019",""
"Danny Ward","Rotherham","2015-2016","2014-2016","start earlier"
"Tim Borowski","Werder Bremen","2001-2011","2001-2007 + 2009-2011","stint split"
"Shea Charles","Southampton","2023-2025","2023-2023 + 2025-2025","stint split"
"Wayne Bridge","Chelsea","2003-2008","2003-2004 + 2006-2008","stint split"
"Markus Suttner","Brighton","2017-2017","2017-2018",""
"Rayhaan Tulloch","West Brom","2019-2021","2018-2019 + 2021-2021","start earlier + stint split"
"Rayhaan Tulloch","Bradford","2023-2024","2023-2023","end pulled in"
"Rayhaan Tulloch","Shrewsbury","2024-2024","2023-2023","start earlier + end pulled in"
"Rayhaan Tulloch","Doncaster","2020-2021","2020-2020","end pulled in"
"Pierpaolo Bisoli","Cagliari","1996-1996","1992-1996","start earlier"
"Glen Rea","Brighton","2014-2014","2014-2015",""
"Glen Rea","Wigan","2022-2022","2021-2021","start earlier + end pulled in"
"Glen Rea","Luton","2015-2022","2015-2021","end pulled in"
"Glen Rea","Cheltenham","2023-2023","2022-2022","start earlier + end pulled in"
"Juan Antonio Chesa","Albacete","1995-1995","1992-1995","start earlier"
"Juan Antonio Pizzi","Tenerife","1995-1995","1992-1992 + 1994-1995","start earlier + stint split"
"Phil Neumann","Birmingham","2025-2025","2025-2026",""
"Jordan Holmes","Ebbsfleet United","2019-2020","2019-2019","end pulled in"
"Cheikh N'Doye","Birmingham","2017-2017","2017-2018",""
"Cheikh N'Doye","Angers","2015-2018","2015-2016 + 2018-2018","stint split"
"Sean Morrison","Huddersfield","2012-2012","2011-2011","start earlier + end pulled in"
"Sean Morrison","Cardiff","2014-2018","2014-2021",""
"Sean Morrison","Reading","2010-2012","2010-2014",""
"Sean Morrison","Swindon Town","2008-2009","2007-2010","start earlier"
"Charlie Cresswell","Leeds","2020-2023","2020-2021 + 2023-2023","stint split"
"Marlon King","Watford","2006-2006","2005-2007","start earlier"
"Marlon King","Wigan","2007-2009","2007-2007 + 2009-2009","stint split"
"Dexter Blackstock","Southampton","2004-2004","2004-2005",""
"Robert Street","Shrewsbury","2022-2023","2022-2022","end pulled in"
"Robert Street","Newport County","2022-2022","2021-2021","start earlier + end pulled in"
"Robert Street","Lincoln","2024-2025","2024-2026",""
"Antonio López","Oxford United","2017-2017","2016-2016","start earlier + end pulled in"
"Billy Dawson Koumetio","Liverpool","2020-2020","2020-2021",""
"Sebastian Langkamp","Karlsruher SC","2008-2010","2008-2008","end pulled in"
"Julien Cétout","Hapoel Beer Sheva","2018-2019","2018-2018","end pulled in"
"Manor Solomon","Tottenham","2023-2024","2023-2023","end pulled in"
"Lee Camp","Derby","2005-2005","2004-2006","start earlier"
"Lee Camp","QPR","2007-2007","2003-2003 + 2007-2008","start earlier + stint split"
"Peter Whittingham","Burnley","2005-2005","2004-2004","start earlier + end pulled in"
"Odysseas Vlachodimos","Newcastle","2023-2023","2023-2024",""
"Mami Quevedo","Valladolid","1995-1997","1994-1997","start earlier"
"Aldo Simoncini","Tre Fiori","2018-2021","2018-2020","end pulled in"
"Aldo Simoncini","Libertas","2011-2017","2011-2014","end pulled in"
"Oscar Fraulo","Derby","2025-2025","2025-2026",""
"Roberto Maltagliati","Torino","1999-1999","1994-1999","start earlier"
"Luigi Sartor","AS Roma","2002-2004","2002-2002 + 2004-2004","stint split"
"Amadou Mbengue","QPR","2025-2025","2025-2026",""
"Callum Marshall","West Ham","2023-2025","2023-2023 + 2025-2025","stint split"
"Callum Marshall","West Brom","2024-2024","2023-2023","start earlier + end pulled in"
"Marc Leonard","Brighton","2021-2023","2021-2021","end pulled in"
"Marc Leonard","Birmingham","2024-2024","2024-2025",""
"Marc Leonard","Northampton","2022-2022","2022-2023",""
"John Mensah","Chievo","2002-2004","2002-2002 + 2004-2004","stint split"
"Marco Stiepermann","Norwich","2017-2019","2017-2020",""
"Mamadou Bagayoko","Doncaster","2011-2012","2011-2011","end pulled in"
"Semi Ajayi","West Brom","2019-2020","2019-2024",""
"Ryan McGivern","Northampton","2017-2018","2017-2017","end pulled in"
"Hannes Wolf","Swansea","2022-2022","2021-2021","start earlier + end pulled in"
"Joseba Zaldua","Real Sociedad","2013-2021","2013-2016 + 2018-2021","stint split"
"Steven Berghuis","Twente","2010-2011","2010-2012",""
"Fabio Miretti","Juventus","2021-2025","2021-2023 + 2025-2025","stint split"
"Valerio Bertotto","Udinese","1996-2005","1993-2005","start earlier"
"Luís Oliveira","Cagliari","1999-1999","1992-1994 + 1999-1999","start earlier + stint split"
"Edimilson Fernandes","FSV Mainz 05","2019-2023","2019-2020 + 2022-2023","stint split"
"Lee Williamson","Watford","2006-2006","2006-2008",""
"Paul Walsh","Manchester City","1995-1995","1993-1995","start earlier"
"Neil Mellor","Liverpool","2002-2004","2002-2002 + 2004-2004","stint split"
"Michael Olakigbe","Peterborough","2024-2024","2023-2023","start earlier + end pulled in"
"Kazaiah Sterling","Tottenham","2017-2017","2017-2018",""
"Kazaiah Sterling","Sunderland","2019-2019","2018-2018","start earlier + end pulled in"
"Marten de Roon","Middlesbrough","2016-2016","2016-2017",""
"Marten de Roon","Sparta Rotterdam","2009-2011","2009-2009","end pulled in"
"Marten de Roon","Atalanta","2015-2025","2015-2015 + 2017-2025","stint split"
"Anass Zaroury","Burnley","2022-2023","2022-2024",""
"Anass Zaroury","Hull City","2024-2024","2023-2023","start earlier + end pulled in"
"Matteo Melara","Livorno","2004-2007","2004-2005 + 2007-2007","stint split"
"Dion Dublin","Manchester United","1993-1993","1992-1993","start earlier"
"Roberto Policano","Napoli","1996-1996","1992-1996","start earlier"
"Kortney Hause","Watford","2022-2023","2022-2022","end pulled in"
"Kortney Hause","Wolves","2014-2017","2014-2018",""
"Ben Hamer","Huddersfield","2018-2018","2018-2018 + 2020-2020","stint split"
"Ben Hamer","Leicester","2014-2017","2014-2014 + 2016-2017","stint split"
"Ben Hamer","Brentford","2007-2008","2007-2010",""
"Luigi Sala","Atalanta","2001-2004","2001-2002 + 2004-2004","stint split"
"Mauricio Pochettino","Espanyol","1995-2000 + 2003-2005","1994-2000 + 2003-2005","start earlier"
"Baily Cargill","Coventry","2016-2016","2015-2015","start earlier + end pulled in"
"Baily Cargill","Milton Keynes Dons","2018-2019","2018-2020",""
"Ben Wynter","Barnet","2022-2024","2022-2023","end pulled in"
"Ryan France","Hull City","2008-2008","2003-2008","start earlier"
"Ian Harte","Bournemouth","2013-2015","2013-2014","end pulled in"
"José María Buljubasich","Tenerife","1995-1995","1994-1995","start earlier"
"Maxi López","Catania","2009-2013","2009-2011 + 2013-2013","stint split"
"Glen Johnson","Chelsea","2003-2007","2003-2005 + 2007-2007","stint split"
"Taylor Moore","Bristol City","2016-2020","2016-2016 + 2019-2021","stint split"
"Taylor Moore","Bury","2017-2017","2016-2016","start earlier + end pulled in"
"Taylor Moore","Shrewsbury","2022-2023","2022-2022","end pulled in"
"Taylor Moore","Blackpool","2020-2020","2019-2019","start earlier + end pulled in"
"Conrad Harder","Sporting CP","2024-2024","2024-2025",""
"Yohan Hautcœur","Saint Etienne","2006-2009","2006-2006 + 2008-2009","stint split"
"Kieran O'Hara","Burton Albion","2019-2021","2019-2020","end pulled in"
"Kieran O'Hara","Fleetwood Town","2022-2022","2021-2021","start earlier + end pulled in"
"Matthias Fanimo","Ebbsfleet United","2023-2024","2023-2023","end pulled in"
"Lazar Markovic","Trabzonspor","2023-2023","2022-2023","start earlier"
"Isaac Mbenza","Huddersfield","2018-2018","2018-2020",""
"Mattia Marchesetti","Chievo","2004-2006","2004-2004 + 2006-2006","stint split"
"Adryan","Cagliari","2014-2014","2013-2014","start earlier"
"Anthony Gordon","Preston","2021-2021","2020-2020","start earlier + end pulled in"
"Stephen Elliott","Sunderland","2005-2005","2004-2006","start earlier"
"Nacer Chadli","Başakşehir","2020-2021","2020-2022",""
"Joe Ralls","Cardiff","2011-2018","2011-2024",""
"Daniel Ayala","Derby","2011-2011","2010-2010","start earlier + end pulled in"
"Daniel Ayala","Middlesbrough","2013-2016","2013-2019",""
"Nouha Dicko","Wolves","2012-2016","2012-2017",""
"Nouha Dicko","Blackpool","2012-2013","2011-2012","start earlier + end pulled in"
"Marius Wolf","FC Augsburg","2022-2025","2022-2022 + 2024-2025","stint split"
"Matty Willock","Salford City","2021-2022","2021-2021","end pulled in"
"José Zalazar","Albacete","1995-1995","1992-1995","start earlier"
"Óliver Torres","FC Porto","2014-2018","2014-2014 + 2016-2018","stint split"
"Óliver Torres","Atletico Madrid","2011-2015","2011-2013 + 2015-2015","stint split"
"Óliver Torres","Villarreal","2013-2014","2013-2013","end pulled in"
"Keshi Anderson","Birmingham","2023-2024","2023-2025",""
"Keshi Anderson","Northampton","2017-2017","2016-2016","start earlier + end pulled in"
"Joe Dudgeon","Hull City","2011-2014","2011-2012","end pulled in"
"Joe Dudgeon","Barnsley","2014-2015","2014-2014","end pulled in"
"Joe Hugill","Burton Albion","2024-2024","2023-2023","start earlier + end pulled in"
"Owen Bevan","Cheltenham","2023-2024","2023-2023","end pulled in"
"Owen Bevan","Yeovil Town","2022-2023","2022-2022","end pulled in"
"Tom Allan","Newcastle","2019-2021","2019-2019","end pulled in"
"Tom Allan","Gateshead","2023-2023","2023-2024",""
"Jean Seri","Fulham","2018-2021","2018-2018 + 2020-2021","stint split"
"Jason McAteer","Sunderland","2001-2002","2001-2003",""
"James Olayinka","Northampton","2020-2020","2019-2019","start earlier + end pulled in"
"Nicky Maynard","Bristol City","2008-2010","2008-2011",""
"Nicky Maynard","Mansfield Town","2019-2019","2019-2020",""
"Nicky Maynard","Tranmere","2021-2022","2021-2021","end pulled in"
"David Edwards","Wolves","2007-2011","2007-2017",""
"David Edwards","Shrewsbury","2005-2020","2002-2006 + 2018-2020","start earlier + stint split"
"Myles Anderson","Exeter City","2013-2013","2012-2012","start earlier + end pulled in"
"Myles Anderson","Hartlepool","2018-2019","2018-2018","end pulled in"
"Maximilian Wöber","Leeds","2022-2022","2022-2022 + 2024-2024","stint split"
"Daniel Kemp","Milton Keynes Dons","2021-2022","2021-2023",""
"Daniel Kemp","Swindon Town","2023-2024","2023-2023","end pulled in"
"Daniel Kemp","Blackpool","2020-2021","2020-2020","end pulled in"
"Daniel Kemp","Hartlepool","2023-2023","2022-2022","start earlier + end pulled in"
"Daniel Kemp","Stevenage","2019-2025","2019-2019 + 2024-2026","stint split"
"Daniel Kemp","Leyton Orient","2020-2020","2020-2021",""
"Rory Delap","Southampton","2001-2004","2001-2005",""
"Rory Delap","Stoke City","2008-2009","2007-2009","start earlier"
"Rory Delap","Sunderland","2005-2005","2005-2006",""
"Delano Burgzorg","Bristol City","2026-2026","2025-2026","start earlier"
"Tim Cahill","Millwall","2017-2017","2001-2003 + 2017-2017","start earlier + stint split"
"Ryan Mason","Doncaster","2010-2010","2010-2011",""
"Craig Gardner","Birmingham","2009-2010","2009-2010 + 2016-2019","stint split"
"Liam Rosenior","Reading","2007-2007","2007-2009",""
"Ramón","Valladolid","1995-1996","1993-1996","start earlier"
"Chris Martin","Fulham","2016-2017","2016-2016","end pulled in"
"Chris Martin","Reading","2018-2018","2017-2017","start earlier + end pulled in"
"Chris Martin","Bristol City","2020-2021","2020-2022",""
"Chris Martin","Derby","2012-2019","2012-2017 + 2019-2019","stint split"
"Adam Matthews","Bristol City","2016-2016","2015-2016","start earlier"
"Adam Matthews","Sunderland","2015-2015","2015-2015 + 2017-2018","stint split"
"Gianluca Cherubini","Reggiana","1996-1996","1993-1996","start earlier"
"Edouard Michut","Sunderland","2022-2023","2022-2022","end pulled in"
"Stephen Mfuni","Watford","2026-2026","2025-2026","start earlier"
"Hans Hateboer","Groningen","2013-2015","2013-2016",""
"Jobi McAnuff","Watford","2007-2008","2007-2009",""
"Jobi McAnuff","West Ham","2004-2004","2003-2004","start earlier"
"Jobi McAnuff","Reading","2009-2012","2009-2013",""
"Jobi McAnuff","Leyton Orient","2014-2020","2014-2015 + 2019-2020","stint split"
"Zavon Hines","Maidstone Utd","2017-2018","2017-2017","end pulled in"
"Asher Agbinone","Gillingham","2025-2025","2024-2025","start earlier"
"Andy Dawson","Hull City","2008-2009","2003-2012","start earlier"
"Hope Akpan","Reading","2012-2012","2012-2014",""
"Hope Akpan","Crawley Town","2011-2011","2011-2012",""
"Danny Webber","Portsmouth","2009-2009","2009-2010",""
"Cédric Kipré","West Brom","2020-2023","2020-2021 + 2023-2023","stint split"
"Óttar Karlsson","Vikingur Reykjavik","2013-2019","2013-2020",""
"Cedric Itten","FC Basel 1893","2015-2017","2015-2015 + 2017-2017","stint split"
"Jason Davidson","Huddersfield","2015-2017","2015-2015","end pulled in"
"Niclas Kindvall","Hamburger SV","1995-1995","1994-1995","start earlier"
"Renan Lodi","Marseille","2023-2024","2023-2023","end pulled in"
"Kaspars Gorkss","Wolves","2013-2013","2012-2012","start earlier + end pulled in"
"Kaspars Gorkss","Reading","2011-2012","2011-2013",""
"Matthias Breitkreutz","Hansa Rostock","1995-2000","1995-1996 + 1998-2000","stint split"
"Ellis Simms","Blackpool","2021-2021","2020-2020","start earlier + end pulled in"
"Tomas Kalas","Fulham","2016-2016","2016-2017",""
"Leo Chambers","Colchester","2016-2016","2015-2015","start earlier + end pulled in"
"Alejo Indias","Celta Vigo","1995-1996","1992-1996","start earlier"
"Ethan Ebanks-Landell","Rochdale","2018-2024","2018-2018 + 2022-2026","stint split"
"Raul Rusescu","FCSB","2011-2018","2011-2014 + 2018-2018","stint split"
"Raul Rusescu","Ankaraspor","2015-2017","2015-2016","end pulled in"
"Riccardo Saponara","Ankaragücü","2023-2024","2023-2023","end pulled in"
"Juan Vargas Risco","Fiorentina","2008-2014","2008-2011 + 2013-2014","stint split"
"Thomas Gaardsøe","West Brom","2004-2005","2003-2005","start earlier"
"Tomas Brolin","Parma","1996-1996","1992-1994 + 1996-1996","start earlier + stint split"
"Xisco","Deportivo La Coruna","2004-2007 + 2010-2010","2004-2005 + 2007-2007 + 2010-2010","stint split"
"José Fonte","Crystal Palace","2007-2008","2007-2009",""
"José Fonte","SC Braga","2023-2023","2023-2024",""
"James Wallace","Shrewsbury","2011-2016","2011-2015","end pulled in"
"Dujon Sterling","Chelsea","2019-2019","2017-2017","start earlier + end pulled in"
"Hans-Jürgen Gundelach","Werder Bremen","1993-1993","1992-1994","start earlier"
"Loïc Nego","Charlton","2013-2014","2013-2013","end pulled in"
"Onel Hernández Mayea","Birmingham","2022-2022","2021-2021","start earlier + end pulled in"
"Onel Hernández Mayea","Middlesbrough","2021-2022","2021-2021","end pulled in"
"Onel Hernández Mayea","Norwich","2017-2019","2017-2020 + 2022-2024","stint split"
"Onel Hernández Mayea","Port Vale","2025-2025","2025-2026",""
"Ianis Hagi","Fiorentina","2016-2018","2016-2016","end pulled in"
"Craig Maskell","Southampton","1995-1995","1993-1995","start earlier"
"Lukas Nmecha","Preston","2018-2019","2018-2018","end pulled in"
"Gary Pallister","Manchester United","1993-1997","1992-1997","start earlier"
"Lewis Page","Charlton","2016-2019","2016-2018","end pulled in"
"Lewis Page","Mansfield Town","2022-2023","2022-2022","end pulled in"
"Leon Best","Southampton","2004-2004","2004-2006",""
"Leon Best","Blackburn","2012-2012","2012-2013",""
"Leon Best","Coventry","2007-2008","2007-2009",""
"Nasser Djiga","Wolves","2024-2025","2024-2024 + 2026-2026","stint split"
"Travis Patterson","Milton Keynes Dons","2025-2025","2024-2025","start earlier"
"Aaron Mokoena","Portsmouth","2009-2009","2009-2011",""
"Herbie Kane","Huddersfield","2024-2024","2024-2025",""
"Herbie Kane","Liverpool","2019-2020","2019-2019","end pulled in"
"Herbie Kane","Oxford United","2021-2022","2021-2021","end pulled in"
"Kgaogelo Chauke","Southampton","2020-2021","2020-2020","end pulled in"
"Kgaogelo Chauke","Burton Albion","2023-2025","2023-2026",""
"Finley Stevens","Brentford","2020-2021","2020-2022",""
"Finley Stevens","Swansea","2022-2023","2022-2022","end pulled in"
"Bartosz Salamon","Spal","2017-2019","2017-2017 + 2019-2019","stint split"
"Adam Wharton","Blackburn","2021-2022","2021-2023",""
"Pau Torres","Villarreal","2016-2022","2016-2017 + 2019-2022","stint split"
"David Affengruber","FC Liefering","2019-2019","2019-2020",""
"Dean Whitehead","Sunderland","2005-2008","2004-2008","start earlier"
"Valentino Lazaro","Borussia Mönchengladbach","2020-2021","2020-2020","end pulled in"
"Valentino Lazaro","Inter","2019-2021","2019-2019","end pulled in"
"Lloyd Dyer","Watford","2014-2015","2014-2014","end pulled in"
"Lloyd Dyer","Burnley","2016-2016","2015-2015","start earlier + end pulled in"
"Lloyd Dyer","Birmingham","2015-2015","2014-2014","start earlier + end pulled in"
"Lloyd Dyer","West Brom","2004-2004","2003-2004","start earlier"
"Lloyd Dyer","Burton Albion","2016-2019","2016-2017 + 2019-2019","stint split"
"Jamie Murphy","Burton Albion","2020-2020","2019-2019","start earlier + end pulled in"
"Jaden Brown","Lincoln","2023-2024","2023-2023","end pulled in"
"Robbie Gotts","Leeds","2018-2019","2018-2020",""
"Robbie Gotts","Salford City","2021-2021","2020-2020","start earlier + end pulled in"
"Jerome Sinclair","Watford","2016-2017","2016-2017 + 2020-2020","stint split"
"Jerome Sinclair","Birmingham","2017-2017","2016-2016","start earlier + end pulled in"
"Romelle Donovan","Birmingham","2022-2023","2022-2024",""
"Shandon Baptiste","Oxford United","2017-2018","2017-2019",""
"Graham Fenton","Aston Villa","1995-1995","1993-1995","start earlier"
"Jordan Rhodes","Huddersfield","2009-2021","2009-2012 + 2021-2023","stint split"
"Jordan Rhodes","Blackburn","2013-2014","2012-2015","start earlier"
"Jordan Rhodes","Blackpool","2022-2023","2022-2024",""
"Luca Castellazzi","Brescia","2000-2004","2000-2001 + 2003-2004","stint split"
"Josh Passley","Portsmouth","2015-2015","2014-2015","start earlier"
"Thomas Doyle","Wolves","2023-2024","2023-2024 + 2026-2026","stint split"
"Thomas Doyle","Cardiff","2022-2022","2021-2021","start earlier + end pulled in"
"Sacha Boey","Galatasaray","2021-2025","2021-2023 + 2025-2025","stint split"
"Damola Ajayi","Bromley","2026-2026","2025-2026","start earlier"
"Mason Barrett","Watford","2019-2020","2019-2019","end pulled in"
"Jordan Mustoe","Barnet","2012-2012","2011-2012","start earlier"
"Massimiliano Caniato","Udinese","1996-1997","1993-1997","start earlier"
"Brooklyn Genesini","Swindon Town","2024-2024","2023-2023","start earlier + end pulled in"
"Graham Stuart","Everton","1995-1997","1993-1997","start earlier"
"Brennan Johnson","Nottingham Forest","2019-2023","2019-2019 + 2021-2023","stint split"
"Brennan Johnson","Lincoln","2020-2021","2020-2020","end pulled in"
"Andy Welsh","Sunderland","2005-2005","2004-2005","start earlier"
"Leigh Griffiths","Wolves","2011-2011","2011-2013",""
"Kenny Brown","West Ham","1995-1995","1993-1995","start earlier"
"Jonathan Leko","Birmingham","2020-2021","2020-2022",""
"Jonathan Leko","Bristol City","2017-2018","2017-2017","end pulled in"
"Jonathan Leko","West Brom","2015-2016","2015-2018",""
"Jonathan Leko","Burton Albion","2024-2024","2023-2023","start earlier + end pulled in"
"Jonathan Leko","Charlton","2019-2019","2019-2019 + 2021-2021","stint split"
"Lasse Sørensen","Huddersfield","2023-2025","2023-2026",""
"Lasse Sørensen","Stoke City","2017-2017","2017-2019",""
"Lasse Sørensen","Lincoln","2021-2022","2021-2023",""
"Daniel Fonseca","AS Roma","1996-1996","1994-1996","start earlier"
"Ivano Bonetti","Sampdoria","1991-1991","1991-1992",""
"Richard Hughes","Portsmouth","2003-2009","2002-2010","start earlier"
"Hallam Hope","Northampton","2014-2014","2013-2014","start earlier"
"Hallam Hope","Oldham","2021-2024","2021-2023","end pulled in"
"Hallam Hope","Carlisle","2015-2018","2015-2019",""
"Andy Townsend","Aston Villa","1995-1997","1993-1997","start earlier"
"Jack Collison","West Ham","2007-2009","2007-2011",""
"Nathan Asigboro Ofoborh","Bournemouth","2018-2018","2018-2020",""
"Nathan Asigboro Ofoborh","Swindon Town","2023-2023","2023-2024",""
"Nathan Asigboro Ofoborh","Barnet","2024-2025","2024-2026",""
"Luke Thomas","Leicester","2019-2025","2019-2022 + 2024-2026","stint split"
"Luke Thomas","Middlesbrough","2024-2024","2023-2023","start earlier + end pulled in"
"Marcus Bettinelli","Fulham","2011-2018","2011-2019",""
"Pedro Neto","SC Braga","2016-2016","2016-2017",""
"Cauley Woodrow","Fulham","2013-2013","2013-2017",""
"Cauley Woodrow","Blackburn","2025-2025","2024-2025","start earlier"
"Cauley Woodrow","Burton Albion","2017-2017","2016-2016","start earlier + end pulled in"
"Cauley Woodrow","Wycombe","2025-2025","2025-2026",""
"Cauley Woodrow","Luton","2010-2023","2010-2025",""
"Jonathan Henly","Tonbridge Angels","2019-2024","2019-2020","end pulled in"
"Daniel Bachmann","Watford","2017-2021","2017-2024",""
"Giancarlo Marocchi","Juventus","1995-1995","1992-1995","start earlier"
"Owen Beck","Liverpool","2021-2023","2021-2021 + 2023-2023","stint split"
"Adam John Blakeman","Chorley","2016-2024","2016-2019","end pulled in"
"Mario Vrancic","Norwich","2017-2019","2017-2020",""
"Jeff Whitley","Manchester City","2000-2000","2000-2001",""
"Gunnar Sauer","Werder Bremen","1995-1995","1993-1995","start earlier"
"Angelo Palombo","Sampdoria","2003-2016","2003-2010 + 2012-2016","stint split"
"Finley Barbrook","Colchester","2026-2026","2025-2026","start earlier"
"Ádám Bogdán","Bolton","2007-2011","2007-2014",""
"Lewis Richards","Harrogate Town","2022-2022","2021-2022","start earlier"
"Bryan Oviedo","Sunderland","2016-2016","2016-2018",""
"Ákos Onódi","Bromsgrove Sporting","2021-2022","2021-2021","end pulled in"
"Chuba Akpom","Arsenal","2012-2014","2012-2014 + 2016-2017","stint split"
"Chuba Akpom","Brighton","2017-2017","2016-2016","start earlier + end pulled in"
"Chuba Akpom","Brentford","2014-2014","2013-2014","start earlier"
"Chuba Akpom","Hull City","2015-2016","2015-2015","end pulled in"
"Paul McShane","Crystal Palace","2012-2012","2011-2011","start earlier + end pulled in"
"Paul McShane","Barnsley","2011-2011","2010-2010","start earlier + end pulled in"
"Matty Kennedy","Port Vale","2016-2016","2015-2016","start earlier"
"Isaac Price","West Brom","2024-2025","2024-2026",""
"Benjamin Sesko","FC Liefering","2019-2019","2019-2020",""
"Ignacio Pussetto","Watford","2019-2019","2019-2020",""
"Romelu Lukaku","Chelsea","2011-2013 + 2021-2021","2011-2011 + 2013-2013 + 2021-2021","stint split"
"Romelu Lukaku","Napoli","2022-2025","2022-2022 + 2024-2025","stint split"
"Romelu Lukaku","Inter","2019-2022","2019-2020 + 2022-2022","stint split"
"Tony Vairelles","Lyon","1999-2002","1999-2000 + 2002-2002","stint split"
"George Williams","Fulham","2013-2013","2013-2015",""
"George Williams","Boreham Wood","2022-2023","2022-2022","end pulled in"
"George Williams","Hemel Hempstead Town","2022-2024","2022-2023","end pulled in"
"John McAtee","Bolton","2023-2025","2023-2026",""
"John McAtee","Barnsley","2023-2024","2023-2023","end pulled in"
"Davor Šuker","Sevilla","1995-1995","1992-1995","start earlier"
"Shaun Newton","Wolves","2003-2003","2001-2003","start earlier"
"Shaun Newton","West Ham","2005-2006","2004-2006","start earlier"
"Dougie Freedman","Crystal Palace","1997-1997 + 2004-2004","1997-1997 + 2001-2007",""
"Danny Pugh","Preston","2006-2008","2006-2007 + 2010-2010","stint split"
"Danny Pugh","Stoke City","2008-2009","2007-2009","start earlier"
"Danny Pugh","Port Vale","2017-2019","2016-2018","start earlier + end pulled in"
"Settimio Lucci","Piacenza","1996-1996","1993-1996","start earlier"
"Matty Daly","Huddersfield","2018-2018","2018-2020",""
"Matty Daly","Hartlepool","2021-2022","2021-2021","end pulled in"
"Nikola Zigic","Birmingham","2010-2010","2010-2014",""
"Nikola Zigic","Valencia","2007-2009","2007-2007 + 2009-2009","stint split"
"Nikola Zigic","Racing Santander","2006-2008","2006-2006 + 2008-2008","stint split"
"Josh Murphy","Cardiff","2018-2018","2018-2021",""
"Josh Murphy","Preston","2021-2022","2021-2021","end pulled in"
"Josh Murphy","Portsmouth","2024-2025","2024-2026",""
"Neil Clement","West Brom","2002-2005","2001-2007","start earlier"
"Ladislav Krejčí","Wolves","2025-2025","2025-2026",""
"Attilio Lombardo","Sampdoria","1991-1991","1991-1994",""
"Jesús Solana","Zaragoza","1995-1999","1992-1999","start earlier"
"Luigi Giorgi","Atalanta","2012-2015","2012-2013 + 2015-2015","stint split"
"Chano","Tenerife","1995-1998","1992-1998","start earlier"
"Richard Soumah","Apollon Limassol","2018-2019","2018-2018","end pulled in"
"Tashan Oakley-Boothe","Stoke City","2019-2021","2019-2020","end pulled in"
"Tashan Oakley-Boothe","Blackpool","2023-2024","2023-2023","end pulled in"
"Manuele Blasi","Napoli","2007-2010","2007-2008 + 2010-2010","stint split"
"Jordi Lardín","Espanyol","1995-1996 + 2000-2000","1992-1996 + 2000-2000","start earlier"
"John Foster","Manchester City","1995-1995","1993-1995","start earlier"
"John Barnes","Liverpool","1995-1996","1992-1996","start earlier"
"Kevin-Prince Boateng","AC Milan","2010-2015","2010-2013 + 2015-2015","stint split"
"Bamba Dieng","Lorient","2022-2025","2022-2023 + 2025-2025","stint split"
"Mallam Yahaya","Borussia Dortmund","1995-1996","1994-1996","start earlier"
"Paul Glatzel","Swindon Town","2023-2025","2023-2026",""
"Paul Glatzel","Tranmere","2021-2021","2021-2022",""
"Roger","Barcelona","1995-1998","1994-1998","start earlier"
"Paul McGrath","Aston Villa","1995-1995","1992-1995","start earlier"
"Abdul Razak","Brighton","2012-2012","2011-2011","start earlier + end pulled in"
"Shelton Martis","West Brom","2008-2008","2007-2009","start earlier"
"Kean Bryan","West Brom","2021-2022","2021-2021","end pulled in"
"Kean Bryan","Bolton","2020-2020","2019-2019","start earlier + end pulled in"
"Fábio Coentrão","Rio Ave","2005-2020","2005-2005 + 2018-2020","stint split"
"David N'Gog","Bolton","2011-2011","2011-2013",""
"Amedeo Carboni","AS Roma","1996-1996","1992-1996","start earlier"
"Ethan Laird","Bournemouth","2022-2022","2021-2021","start earlier + end pulled in"
"Ethan Laird","Birmingham","2023-2025","2023-2026",""
"Ethan Laird","Swansea","2021-2022","2021-2021","end pulled in"
"Alexander Merkel","Watford","2014-2014","2013-2013","start earlier + end pulled in"
"David Kerslake","Tottenham","1995-1995","1993-1995","start earlier"
"Juan Manuel López","Atletico Madrid","1995-1999","1992-1999","start earlier"
"Andy King","Huddersfield","2020-2020","2019-2019","start earlier + end pulled in"
"Andy King","Derby","2019-2019","2018-2018","start earlier + end pulled in"
"Craig Cathcart","Watford","2009-2021","2009-2009 + 2014-2022","stint split"
"Craig Cathcart","Blackpool","2010-2010","2010-2013",""
"Silvestre Varela","FC Porto","2009-2016","2009-2013 + 2015-2016","stint split"
"Kasey Palmer","Hull City","2024-2024","2024-2025",""
"Kasey Palmer","Derby","2018-2018","2017-2017","start earlier + end pulled in"
"Kasey Palmer","Swansea","2020-2021","2020-2020","end pulled in"
"Kasey Palmer","Coventry","2022-2023","2022-2024",""
"Kasey Palmer","Luton","2025-2025","2025-2026",""
"Liam McCarron","Stoke City","2022-2024","2022-2023","end pulled in"
"Keith Rowland","West Ham","1995-1997","1993-1997","start earlier"
"Michael Laudrup","Real Madrid","1995-1995","1994-1995","start earlier"
"Alfie Jones","Middlesbrough","2025-2025","2025-2026",""
"George Abbott","Mansfield Town","2026-2026","2025-2026","start earlier"
"Édgar Álvarez","AS Roma","2005-2007","2005-2005 + 2007-2007","stint split"
"Darius Henderson","Watford","2006-2006","2005-2007","start earlier"
"Michael Sternkopf","Bayern München","1994-1994","1992-1994","start earlier"
"Rhian Brewster","Sheffield Utd","2020-2024","2020-2025",""
"Rhian Brewster","Derby","2025-2025","2025-2026",""
"Rhian Brewster","Swansea","2020-2020","2019-2019","start earlier + end pulled in"
"Rhys Llewelyn Norrington-Davies","Sheffield Utd","2017-2023","2017-2026",""
"Rhys Llewelyn Norrington-Davies","Stoke City","2021-2021","2020-2020","start earlier + end pulled in"
"Rhys Llewelyn Norrington-Davies","Rochdale","2019-2020","2019-2019","end pulled in"
"Héctor Bellerín","Real Betis","2021-2025","2021-2021 + 2023-2025","stint split"
"Joe White","Crewe","2023-2024","2023-2023 + 2026-2026","stint split"
"Joe White","Hartlepool","2022-2022","2021-2021","start earlier + end pulled in"
"Chris Sutton","Blackburn","1995-1998","1994-1998","start earlier"
"Pedro Mendes","Sporting CP","2012-2013","2012-2012","end pulled in"
"Pedro Mendes","Real Madrid","2011-2012","2011-2011","end pulled in"
"Jack Dunn","Burton Albion","2015-2015","2014-2014","start earlier + end pulled in"
"Jack Dunn","Cheltenham","2015-2015","2014-2014","start earlier + end pulled in"
"Antonio Floro Flores","Genoa","2010-2013","2010-2010 + 2012-2013","stint split"
"El Diouf","West Ham","2025-2025","2025-2026",""
"James Hurst","Northampton","2014-2014","2013-2013","start earlier + end pulled in"
"James Hurst","Chesterfield","2012-2012","2011-2011","start earlier + end pulled in"
"James Hurst","Crawley Town","2013-2014","2013-2013","end pulled in"
"James Pearson","Barnet","2015-2016","2015-2015","end pulled in"
"James Pearson","Macclesfield","2018-2019","2018-2018","end pulled in"
"James Pearson","Wrexham","2014-2015","2014-2014","end pulled in"
"Jonathan Forte","Southampton","2010-2010","2010-2011",""
"Jonathan Forte","Rotherham","2006-2006","2005-2005","start earlier + end pulled in"
"Jonathan Forte","Scunthorpe","2007-2009","2007-2010",""
"Jonathan Forte","Exeter City","2018-2019","2018-2018","end pulled in"
"Jonathan Forte","Notts County","2008-2017","2008-2008 + 2011-2011 + 2016-2017","stint split"
"Steve Clarke","Chelsea","1995-1997","1992-1997","start earlier"
"Clément Chantôme","Paris Saint Germain","2006-2014","2006-2012 + 2014-2014","stint split"
"Regan Poole","Milton Keynes Dons","2019-2019","2019-2020",""
"Regan Poole","Portsmouth","2023-2025","2023-2026",""
"Regan Poole","Newport County","2014-2015","2014-2015 + 2018-2018","stint split"
"Robert Hulse","West Brom","2004-2004","2003-2004","start earlier"
"Kevin Scott","Tottenham","1995-1995","1993-1995","start earlier"
"Josh Benson","Barnsley","2021-2023","2021-2024",""
"Josh Benson","Grimsby","2020-2020","2019-2019","start earlier + end pulled in"
"Adam Armstrong","Wolves","2025-2025","2025-2026",""
"Adam Armstrong","Southampton","2021-2024","2021-2025",""
"Adam Armstrong","West Brom","2025-2025","2024-2025","start earlier"
"Aaron Doran","Leyton Orient","2010-2010","2009-2009","start earlier + end pulled in"
"Rafa Mir","Wolves","2017-2018","2017-2017","end pulled in"
"Rafa Mir","Sevilla","2021-2025","2021-2023 + 2025-2025","stint split"
"Stéphane Chapuisat","Borussia Dortmund","1995-1998","1992-1998","start earlier"
"Santiago Aragón","Zaragoza","1995-2001","1992-2001","start earlier"
"Joshua Oluwayemi","Portsmouth","2022-2023","2022-2022","end pulled in"
"Joshua Oluwayemi","Chelmsford City","2023-2024","2023-2023","end pulled in"
"Aldair","AS Roma","1996-2002","1992-2002","start earlier"
"Karl Darlow","Newcastle","2015-2021","2015-2022",""
"Karl Darlow","Hull City","2023-2023","2022-2022","start earlier + end pulled in"
"Jack Thompson","Barrow","2026-2026","2025-2026","start earlier"
"Carlos Pérez Álvarez","Celta Vigo","1995-1995","1992-1995","start earlier"
"Francis David Fielding","Salford City","2022-2022","2021-2021","start earlier + end pulled in"
"Joe Allen","Swansea","2006-2024","2006-2011 + 2022-2024","stint split"
"Michael Thomas","Liverpool","1995-1997","1992-1997","start earlier"
"Bobby Clark","Derby","2025-2025","2025-2026",""
"Viktor Gyökeres","Brighton","2018-2018","2018-2020",""
"Sam Ricketts","Hull City","2008-2008","2006-2008","start earlier"
"Sam Ricketts","Bolton","2009-2009","2009-2012",""
"Arteaga","Espanyol","1995-2002","1994-2000 + 2002-2002","start earlier + stint split"
"Nampalys Mendy","Leicester","2016-2022","2016-2016 + 2018-2022","stint split"
"Nampalys Mendy","Nice","2013-2017","2013-2015 + 2017-2017","stint split"
"George Marsh","Tottenham","2020-2020","2018-2018","start earlier + end pulled in"
"George Marsh","Leyton Orient","2019-2020","2019-2019","end pulled in"
"Serhou Guirassy","Borussia Dortmund","2022-2025","2022-2022 + 2024-2025","stint split"
"Jean Beausejour","Birmingham","2010-2010","2010-2011",""
"Billy Clarke","Charlton","2017-2017","2017-2018",""
"Billy Clarke","Blackpool","2009-2010","2009-2011",""
"Billy Clarke","Grimsby","2020-2020","2019-2019","start earlier + end pulled in"
"Petr Jiracek","Zlin","2017-2020","2017-2017","end pulled in"
"Jermaine Beckford","Bolton","2013-2013","2013-2014",""
"Ryan Giles","Wolves","2018-2021","2018-2018","end pulled in"
"Ryan Giles","Cardiff","2021-2022","2021-2021","end pulled in"
"Ryan Giles","Blackburn","2022-2022","2021-2021","start earlier + end pulled in"
"Ryan Giles","Middlesbrough","2022-2022","2022-2022 + 2024-2024","stint split"
"Ryan Giles","Rotherham","2021-2021","2020-2020","start earlier + end pulled in"
"Ryan Giles","Coventry","2020-2020","2019-2020","start earlier"
"Ryan Giles","Shrewsbury","2019-2020","2019-2019","end pulled in"
"André Silva","RB Leipzig","2021-2024","2021-2022 + 2024-2024","stint split"
"André Silva","AC Milan","2017-2019","2017-2017 + 2019-2019","stint split"
"Michel Vorm","Tottenham","2014-2018","2014-2019",""
"Enda Stevens","Sheffield Utd","2017-2020","2017-2022",""
"Daniele Adani","Brescia","1997-1997 + 2004-2004","1994-1997 + 2004-2004","start earlier"
"Christian Maggio","Fiorentina","2004-2005","2004-2004","end pulled in"
"Christian Maggio","Treviso","2006-2006","2005-2005","start earlier + end pulled in"
"Lewis Gibson","Preston","2024-2025","2024-2026",""
"Lewis Gibson","Fleetwood Town","2020-2020","2019-2019","start earlier + end pulled in"
"Lewis Gibson","Plymouth","2023-2023","2023-2024",""
"Nigel Clough","Liverpool","1995-1995","1993-1995","start earlier"
"Tyrese Campbell","Sheffield Utd","2024-2025","2024-2026",""
"Tyrese Campbell","Stoke City","2017-2017","2017-2023",""
"Tyrese Campbell","Shrewsbury","2019-2019","2018-2018","start earlier + end pulled in"
"Luciano De Paola","Brescia","1997-1997","1992-1992 + 1997-1997","start earlier + stint split"
"Keelan O'Connell","Weymouth","2022-2024","2022-2022","end pulled in"
"Jordan Henderson","Coventry","2009-2009","2008-2009","start earlier"
"Jordan Henderson","Al-Ettifaq","2023-2024","2023-2023","end pulled in"
"Mario Balotelli","AC Milan","2012-2015","2012-2013 + 2015-2015","stint split"
"Andreas Neuendorf","Hertha BSC","1997-2006","1997-1999 + 2001-2006","stint split"
"Alvin Martin","West Ham","1995-1995","1993-1995","start earlier"
"Ethan Williams","Cheltenham","2025-2025","2024-2025","start earlier"
"Massimo Orlando","Fiorentina","1996-1996","1992-1992 + 1996-1996","start earlier + stint split"
"Mauro Formica","Blackburn","2011-2011","2011-2012",""
"Lynden Gooch","Huddersfield","2025-2025","2025-2026",""
"Lynden Gooch","Sunderland","2015-2016","2015-2023",""
"Lynden Gooch","Doncaster","2016-2016","2015-2015","start earlier + end pulled in"
"Torsten Wohlert","MSV Duisburg","1996-1999","1993-1999","start earlier"
"Scott Wootton","Wigan","2021-2021","2020-2020","start earlier + end pulled in"
"Scott Wootton","Peterborough","2011-2011","2011-2012",""
"Scott Wootton","Morecambe","2021-2022","2021-2021","end pulled in"
"Tony Roberts","QPR","1995-1995","1992-1995","start earlier"
"Lewis Kinsella","Colchester","2016-2016","2016-2017",""
"Lewis Kinsella","Maidenhead","2023-2024","2023-2023","end pulled in"
"Luis Tevenet","Sevilla","1995-1996","1993-1996","start earlier"
"Andrew Moran","Preston","2025-2025","2025-2026",""
"Andrew Moran","Blackburn","2023-2024","2023-2023","end pulled in"
"Doneil Henry","Blackburn","2015-2015","2014-2015","start earlier"
"Gonçalo Paciência","Eintracht Frankfurt","2018-2021","2018-2019 + 2021-2021","stint split"
"John Ebbrell","Everton","1995-1996","1992-1996","start earlier"
"Neven Subotic","Borussia Dortmund","2008-2017","2008-2015 + 2017-2017","stint split"
"Peter Clarke","Everton","2000-2003","2000-2001 + 2003-2003","stint split"
"Bertrand Traoré","Istanbul Basaksehir","2022-2023","2022-2022","end pulled in"
"João Pedro","Fenerbahçe","2022-2024","2022-2022","end pulled in"
"Gary Madine","Cardiff","2017-2018","2017-2019",""
"Gary Madine","Bolton","2015-2016","2015-2017",""
"Gary Madine","Rochdale","2009-2009","2008-2009","start earlier"
"Gary Madine","Chesterfield","2010-2010","2009-2010","start earlier"
"Gary Madine","Coventry","2009-2009","2009-2014",""
"Gary Madine","Blackpool","2014-2022","2014-2014 + 2019-2022","stint split"
"Nigel Spackman","Chelsea","1995-1995","1992-1995","start earlier"
"Sean Goss","QPR","2016-2017","2016-2018",""
"Michael Hector","Fulham","2019-2020","2019-2021",""
"Nicola Berti","Inter","1996-1997 + 2002-2002","1992-1997 + 2002-2002","start earlier"
"Jeff Henderson","Morpeth Town","2021-2024","2021-2021","end pulled in"
"Steffen Freund","Borussia Dortmund","1995-1998","1993-1998","start earlier"
"Stephen Jordan","Burnley","2009-2009","2007-2009","start earlier"
"Alberto de la Bella","Real Sociedad","2009-2017","2009-2015 + 2017-2017","stint split"
"Craig Burley","Chelsea","1995-1996","1992-1996","start earlier"
"Okay Yokuşlu","West Brom","2020-2020","2020-2020 + 2022-2023","stint split"
"Rafael Collado García","Albacete","1995-1995","1992-1995","start earlier"
"Casper Ankergren","Brighton","2010-2017","2010-2016","end pulled in"
"Hernán Crespo","Chelsea","2003-2005","2003-2003 + 2005-2005","stint split"
"Josh Knight","Peterborough","2018-2021","2018-2019 + 2021-2023","stint split"
"Conor Grant","Port Vale","2023-2023","2023-2024",""
"Conor Grant","Doncaster","2015-2015","2015-2016",""
"Abdoulaye Raslan Kanté","Middlesbrough","2025-2025","2025-2026",""
"Neil McCann","Southampton","2003-2004","2003-2005",""
"Alexandru Dobre","Wigan","2020-2020","2019-2019","start earlier + end pulled in"
"Lukas Jutkiewicz","Bolton","2014-2014","2013-2013","start earlier + end pulled in"
"Lukas Jutkiewicz","Coventry","2010-2010","2010-2011",""
"Arjan de Zeeuw","Portsmouth","2003-2004","2002-2004","start earlier"
"Adam Henley","Blackburn","2011-2011","2011-2016",""
"Adam Henley","Chorley","2020-2024","2020-2020","end pulled in"
"Aleksandr Hleb","VfL Wolfsburg","2011-2012","2011-2011","end pulled in"
"Fraser Fyvie","Shrewsbury","2014-2014","2013-2014","start earlier"
"Tuncay Şanlı","Middlesbrough","2007-2008","2007-2009",""
"Noor Husin","Southend","2021-2024","2021-2022","end pulled in"
"Noor Husin","Stevenage","2019-2020","2019-2019","end pulled in"
"Noor Husin","Dartford","2019-2020","2019-2021",""
"Paddy McNair","Sunderland","2016-2016","2016-2017",""
"Filip Mladenovic","Bate Borisov","2013-2014","2013-2015",""
"Vlada Stošić","Real Betis","1995-1995","1994-1995","start earlier"
"Lewis Bate","Leeds","2021-2021","2021-2021 + 2023-2023","stint split"
"Lewis Bate","Milton Keynes Dons","2024-2024","2023-2023","start earlier + end pulled in"
"Lewis Bate","Stockport County","2024-2025","2024-2026",""
"Zdenek Grygera","Czechia","2001-2008","2001-2002 + 2006-2006","end pulled in + stint split"
"Stephen Kingsley","Hull City","2017-2018","2017-2019",""
"Stephen Kingsley","Yeovil Town","2015-2015","2014-2015","start earlier"
"Tyler Bindon","Nottingham Forest","2025-2025","2024-2025","start earlier"
"Ben Middlemas","Swindon Town","2026-2026","2025-2026","start earlier"
"Franck Songo'o","Portsmouth","2005-2007","2005-2005 + 2007-2007","stint split"
"Liam Bridcutt","Brighton","2010-2012","2010-2013",""
"Myron Boadu","Twente","2023-2024","2023-2023","end pulled in"
"John Stones","Barnsley","2010-2011","2010-2012",""
"Liam Morrison","Wigan","2023-2024","2023-2023","end pulled in"
"Sorba Thomas","Blackburn","2023-2023","2022-2022","start earlier + end pulled in"
"Sorba Thomas","Stoke City","2025-2025","2025-2026",""
"Sorba Thomas","Boreham Wood","2016-2019","2016-2020",""
"Tom Lawrence","Yeovil Town","2014-2014","2013-2014","start earlier"
"Andy Johnson","West Brom","2002-2005","2001-2005","start earlier"
"Javi Varas","Sevilla","2005-2013","2005-2011 + 2013-2013","stint split"
"Erland Johnsen","Chelsea","1995-1996","1992-1996","start earlier"
"Richard Nartey","Salford City","2022-2023","2022-2022","end pulled in"
"Robert Glatzel","Cardiff","2019-2019","2019-2020",""
"Danny Granville","Manchester City","2000-2000","2000-2001",""
"Danny Granville","Crystal Palace","2004-2004","2001-2006","start earlier"
"Mikael Mandron","Sunderland","2012-2014","2012-2012 + 2014-2014","stint split"
"Mikael Mandron","Gillingham","2019-2019","2019-2019 + 2022-2022","stint split"
"Mikael Mandron","Shrewsbury","2015-2015","2014-2014","start earlier + end pulled in"
"Mikael Mandron","Eastleigh","2016-2017","2016-2016","end pulled in"
"Ritchie De Laet","Aston Villa","2016-2016","2016-2018",""
"Ritchie De Laet","Middlesbrough","2016-2016","2015-2015","start earlier + end pulled in"
"Ritchie De Laet","Portsmouth","2011-2011","2010-2010","start earlier + end pulled in"
"Simone Verdi","Torino","2011-2012 + 2019-2023","2011-2012 + 2019-2021 + 2023-2023","stint split"
"Ismaël Koné","Watford","2022-2024","2022-2023","end pulled in"
"Fausto Salsano","Sampdoria","1996-1997","1993-1997","start earlier"
"Roberto Piccoli","Atalanta","2018-2021","2018-2019 + 2021-2021","stint split"
"Callum Driver","Burton Albion","2012-2012","2011-2011","start earlier + end pulled in"
"Callum Driver","Maidstone Utd","2015-2016","2015-2015","end pulled in"
"Luigi Apolloni","Parma","1996-1998","1992-1998","start earlier"
"Daniel Crowley","Hull City","2021-2021","2020-2021","start earlier"
"Daniel Crowley","Cheltenham","2021-2022","2021-2021","end pulled in"
"Daniel Crowley","Notts County","2023-2023","2023-2024",""
"Jack Simpson","Bournemouth","2015-2019","2015-2020",""
"Jack Simpson","Cardiff","2022-2022","2022-2023",""
"Tino Kadewere","Lyon","2020-2023","2020-2021 + 2023-2023","stint split"
"Serge Aurier","Galatasaray","2023-2024","2023-2023","end pulled in"
"Artem Dzyuba","Spartak Moscow","2006-2006","2006-2012",""
"Raheem Hanley","Northampton","2016-2016","2016-2017",""
"Jaden Philogene","Aston Villa","2020-2024","2020-2021 + 2023-2024","stint split"
"Jaden Philogene","Stoke City","2022-2022","2021-2022","start earlier"
"Wouter Burger","Feyenoord","2018-2020","2018-2021",""
"Richard Lee","Watford","2006-2006","2002-2008","start earlier"
"Korey Smith","Barnsley","2012-2012","2011-2012","start earlier"
"Bayli Spencer-Adams","Watford","2019-2020","2019-2019","end pulled in"
"Bayli Spencer-Adams","Dover","2020-2021","2020-2020","end pulled in"
"Lucas Pires Silva","Burnley","2024-2025","2024-2026",""
"Thomas Hill","Liverpool","2019-2023","2019-2019","end pulled in"
"André Ramalho","Bayer Leverkusen","2015-2017","2015-2015 + 2017-2017","stint split"
"Ian Ashbee","Hull City","2008-2008","2002-2010","start earlier"
"Gary Ablett","Everton","1995-1995","1992-1995","start earlier"
"Ibrahim Cissoko","Sheffield Wednesday","2025-2025","2024-2025","start earlier"
"Niclas Eliasson","Bristol City","2017-2019","2017-2020",""
"Garath McCleary","Reading","2012-2012","2012-2019",""
"Ibrahim Ba","AC Milan","1997-2002","1997-1998 + 2000-2002","stint split"
"Chris O'Grady","Bolton","2019-2020","2019-2019","end pulled in"
"Chris O'Grady","Rochdale","2010-2010","2009-2011","start earlier"
"Marvelous Nakamba","Sheffield Wednesday","2026-2026","2025-2026","start earlier"
"Simone Pepe","Udinese","2005-2009","2005-2005 + 2007-2009","stint split"
"Hannes Delcroix","Swansea","2025-2025","2024-2025","start earlier"
"Jérôme Leroy","Paris Saint Germain","1996-2003","1996-1999 + 2001-2003","stint split"
"Courtney Duffus","Bury","2014-2015","2014-2014","end pulled in"
"Courtney Duffus","Barrow","2023-2024","2023-2023","end pulled in"
"Ritsu Doan","Eintracht Frankfurt","2022-2025","2022-2022 + 2024-2025","stint split"
"Ritsu Doan","Groningen","2017-2018","2017-2019",""
"Matt Piper","Sunderland","2002-2002","2002-2004",""
"Junior Stanislas","West Ham","2008-2010","2008-2011",""
"Joy Mukena","St Albans City","2020-2022","2020-2021","end pulled in"
"Kasper Schmeichel","Coventry","2008-2008","2007-2007","start earlier + end pulled in"
"Kasper Schmeichel","Darlington","2006-2006","2005-2005","start earlier + end pulled in"
"Giuseppe Sculli","Genoa","2006-2013","2006-2011 + 2013-2013","stint split"
"Anthony Gardner","Hull City","2008-2009","2008-2010",""
"José Rodríguez","Nottingham Forest","2019-2020","2019-2019","end pulled in"
"Conor Gallagher","Swansea","2020-2020","2019-2019","start earlier + end pulled in"
"Mohamed Belloumi","Hull City","2024-2024","2024-2025",""
"Joshua Doherty","Crawley Town","2017-2019","2017-2020",""
"Harry Wilson","Cardiff","2020-2021","2020-2020","end pulled in"
"Harry Wilson","Hull City","2018-2018","2017-2018","start earlier"
"Harry Wilson","Derby","2018-2019","2018-2018","end pulled in"
"Steffen Baumgart","Hansa Rostock","1995-2001","1995-1997 + 1999-2001","stint split"
"Fisayo Dele-Bashiru","Sheffield Wednesday","2020-2021","2020-2022",""
"Joelinton","1899 Hoffenheim","2015-2015 + 2018-2018","2015-2016 + 2017-2018",""
"Joelinton","Rapid Vienna","2016-2017","2016-2016","end pulled in"
"Michael Zorc","Borussia Dortmund","1995-1997","1992-1997","start earlier"
"Alfonso Pedraza","Leeds","2017-2017","2016-2016","start earlier + end pulled in"
"Alfonso Pedraza","Villarreal","2014-2015 + 2018-2025","2014-2015 + 2018-2018 + 2020-2025","stint split"
"Matt Gilks","Bolton","2020-2022","2020-2021","end pulled in"
"Matt Gilks","Rochdale","2005-2006","2002-2006","start earlier"
"Matt Gilks","Blackpool","2008-2010","2008-2013",""
"Iñigo Larrainzar","Athletic Club","1995-2002","1993-2002","start earlier"
"Julien De Sart","Derby","2017-2017","2016-2016","start earlier + end pulled in"
"Scott Allan","Portsmouth","2011-2011","2011-2012",""
"Liam Lawrence","Sunderland","2005-2005","2004-2005","start earlier"
"Liam Lawrence","Shrewsbury","2014-2014","2014-2015",""
"Liam Lawrence","Portsmouth","2010-2010","2010-2011",""
"Aurelian Chițu","Viitorul Constanta","2010-2020","2010-2017","end pulled in"
"Joseph Akpala","Werder Bremen","2012-2014","2012-2012","end pulled in"
"Krystian Bielik","Arsenal","2014-2015","2014-2016",""
"Krystian Bielik","Birmingham","2016-2024","2016-2016 + 2022-2024","stint split"
"Krystian Bielik","West Brom","2025-2025","2025-2026",""
"Darren Williams","Sunderland","1996-2002","1996-2003",""
"Toti Gomes","Wolves","2021-2025","2021-2026",""
"Stuart Nicholson","West Brom","2005-2005","2005-2006",""
"Vincenzo Grifo","SC Freiburg","2015-2025","2015-2016 + 2018-2025","stint split"
"Chris Powell","Charlton","1998-2005","1998-2003 + 2005-2005 + 2007-2007","stint split"
"Matteo Villa","Cagliari","1996-1999","1992-1999","start earlier"
"Daniele Dessena","Cagliari","2009-2018","2009-2009 + 2011-2018","stint split"
"Daniele Dessena","Sampdoria","2008-2010","2008-2008 + 2010-2010","stint split"
"Andy Hinchcliffe","Everton","1995-1997","1992-1997","start earlier"
"Xavier Simons","Hull City","2022-2023","2022-2024",""
"Xavier Simons","Bolton","2025-2025","2025-2026",""
"Xavier Simons","Fleetwood Town","2023-2024","2023-2023","end pulled in"
"Sunday Oliseh","Borussia Dortmund","2000-2004","2000-2002 + 2004-2004","stint split"
"Jack Hendry","Shrewsbury","2016-2016","2015-2016","start earlier"
"Joey Guðjónsson","Burnley","2009-2009","2006-2009","start earlier"
"Jack Wilshere","Bournemouth","2016-2020","2016-2016 + 2020-2020","stint split"
"Jack Wilshere","West Ham","2018-2019","2018-2020",""
"Darko Gyabi","Leeds","2022-2022","2022-2023",""
"Darko Gyabi","Plymouth","2024-2024","2023-2024","start earlier"
"Paul Butler","Wolves","2003-2003","2001-2003","start earlier"
"Oliver Kreuzer","Bayern München","1994-1996","1992-1996","start earlier"
"Rodrigo Muniz","Fulham","2021-2025","2021-2021 + 2023-2025","stint split"
"Rodrigo Muniz","Middlesbrough","2022-2023","2022-2022","end pulled in"
"Andrea Raggi","Bologna","2009-2011","2009-2009 + 2011-2011","stint split"
"Marnick Vermijl","Manchester United","2011-2012","2011-2014",""
"Marnick Vermijl","Scunthorpe","2018-2018","2017-2017","start earlier + end pulled in"
"Vlad Dragomir","Pafos","2021-2024","2021-2025",""
"Ray Wilkins","QPR","1995-1995","1992-1995","start earlier"
"Luca Compagnon","Udinese","1996-1996","1992-1996","start earlier"
"Jakub Stolarczyk","Leicester","2020-2025","2020-2026",""
"Jakub Stolarczyk","Hartlepool","2023-2023","2022-2022","start earlier + end pulled in"
"Andrew Omobamidele","Nottingham Forest","2023-2023","2023-2024",""
"Andrew Omobamidele","Norwich","2020-2021","2020-2023",""
"Gary Penrice","QPR","1995-1995","1992-1995","start earlier"
"Zechariah Medley","Fleetwood Town","2024-2024","2024-2025",""
"Alexandre Mendy","Guingamp","2016-2018","2016-2016 + 2018-2018","stint split"
"Ivica Mornar","Portsmouth","2003-2005","2003-2003 + 2005-2005","stint split"
"Harvey Davies","Crewe","2023-2024","2023-2023","end pulled in"
"Johan Walem","Udinese","1997-2000","1997-1998 + 2000-2000","stint split"
"Thomas Wolter","Werder Bremen","1993-1997","1992-1997","start earlier"
"Martin Keown","Arsenal","1995-2003","1992-2003","start earlier"
"Paul Gallagher","Blackburn","2002-2009","2002-2006 + 2009-2009","stint split"
"Cameron Archer","Southampton","2024-2025","2024-2026",""
"Cameron Archer","Preston","2022-2022","2021-2021","start earlier + end pulled in"
"Cameron Archer","Aston Villa","2019-2023","2019-2019 + 2021-2023","stint split"
"Cameron Archer","Middlesbrough","2023-2023","2022-2022","start earlier + end pulled in"
"Arjen Robben","Groningen","2020-2021","2020-2020","end pulled in"
"Antonio Conte","Juventus","1995-2003","1992-2003","start earlier"
"Jonathan Varane","QPR","2024-2025","2024-2026",""
"George Johnston","Wigan","2021-2021","2020-2020","start earlier + end pulled in"
"Razak Boukari","Wolves","2012-2014","2012-2012","end pulled in"
"Fábio Carvalho","Liverpool","2022-2023","2022-2022","end pulled in"
"Fábio Carvalho","Hull City","2024-2024","2023-2023","start earlier + end pulled in"
"Michael Richardson","Blyth Spartans","2022-2022","2014-2014","start earlier + end pulled in"
"Perr Schuurs","Ajax","2018-2021","2018-2022",""
"Jaydon Banel","Burnley","2025-2026","2024-2026","start earlier"
"Jaydon Banel","Derby","2026-2026","2025-2026","start earlier"
"Adam Idah","Norwich","2019-2021","2019-2024",""
"Adam Idah","Swansea","2025-2025","2025-2026",""
"Sylvester Jasper","Fulham","2021-2021","2019-2019","start earlier + end pulled in"
"Sylvester Jasper","Colchester","2021-2022","2021-2021","end pulled in"
"Marcus Olsson","Blackburn","2011-2011","2011-2015",""
"Stephen Sama","Accrington ST","2020-2022","2020-2020","end pulled in"
"Toni Lato","Valencia","2015-2022","2015-2018 + 2020-2022","stint split"
"Julio Llorente","Tenerife","1995-1998","1992-1998","start earlier"
"Santiago Cañizares","Real Madrid","1995-1997","1994-1997","start earlier"
"Killian Phillips","Crystal Palace","2022-2023","2022-2022","end pulled in"
"Killian Phillips","Shrewsbury","2023-2023","2022-2022","start earlier + end pulled in"
"Killian Phillips","Wycombe","2023-2024","2023-2023","end pulled in"
"Jason Lowe","Blackburn","2010-2011","2010-2016",""
"Jason Lowe","Bolton","2018-2018","2018-2019",""
"José Luis Caminero","Atletico Madrid","1995-1997","1993-1997","start earlier"
"Vincenzo Montella","AS Roma","1999-2008","1999-2006 + 2008-2008","stint split"
"Jake Cain","Liverpool","2019-2021","2019-2019","end pulled in"
"Mark Atkins","Blackburn","1995-1995","1992-1995","start earlier"
"Moses Odubajo","Brentford","2014-2018","2014-2014 + 2018-2018","stint split"
"Moses Odubajo","Hull City","2016-2017","2015-2015","start earlier + end pulled in"
"Gerrard Bantu Buabo","Ipswich","2022-2022","2022-2023",""
"William Troost-Ekong","Watford","2020-2021","2020-2022",""
"Mark van Bommel","PSV Eindhoven","1999-2012","1999-2004 + 2012-2012","stint split"
"Steve Jones","West Ham","1996-1996","1993-1996","start earlier"
"Michael Bochtler","VfB Stuttgart","1995-1997","1995-1995 + 1997-1997","stint split"
"Charles Sagoe Jr","Swansea","2024-2024","2023-2023","start earlier + end pulled in"
"Takashi Inui","Eibar","2015-2020","2015-2017 + 2019-2020","stint split"
"Marc Guéhi","Chelsea","2018-2018","2018-2019",""
"Yaya Banana","Panionios","2017-2018","2017-2017","end pulled in"
"Iván Sánchez","Birmingham","2020-2020","2020-2021",""
"Francisco Llorente Gento","Compostela","1995-1997","1994-1997","start earlier"
"Fernando Navarro","Barcelona","2001-2004","2001-2002 + 2004-2004","stint split"
"Rob Elliot","Charlton","2006-2010","2006-2011",""
"Seung-Ho Paik","Birmingham","2023-2025","2023-2026",""
"Elliot Lee","Charlton","2021-2022","2021-2021","end pulled in"
"Elliot Lee","Oxford United","2021-2021","2020-2020","start earlier + end pulled in"
"Elliot Lee","Wrexham","2022-2024","2022-2025",""
"Pepe Gálvez","Valencia","1995-1996","1993-1996","start earlier"
"Sydie Peck","Sheffield Utd","2023-2025","2023-2026",""
"Alberto","Real Sociedad","1995-2005","1992-2005","start earlier"
"Lee Tomlin","Cardiff","2017-2021","2017-2020","end pulled in"
"Lee Tomlin","Middlesbrough","2014-2014","2013-2014","start earlier"
"Lee Tomlin","Walsall","2022-2022","2021-2021","start earlier + end pulled in"
"Lee Tomlin","Peterborough","2010-2018","2010-2013 + 2018-2018","stint split"
"Francisco Conceição","Ajax","2022-2023","2022-2022","end pulled in"
"Francisco Conceição","FC Porto","2020-2023","2020-2021 + 2023-2023","stint split"
"Aaron Rowe","Huddersfield","2018-2018","2018-2022",""
"Aaron Rowe","Stockport County","2023-2023","2022-2022","start earlier + end pulled in"
"Mark Cullen","Hull City","2009-2009","2009-2011",""
"Theo Robinson","Watford","2006-2006","2006-2006 + 2008-2008","stint split"
"Gary Taylor-Fletcher","Blackpool","2007-2010","2007-2012",""
"Terry Ablade","Fulham","2025-2025","2022-2025","start earlier"
"Terry Ablade","Carlisle","2023-2024","2023-2023","end pulled in"
"Ibrahim Tanko","Borussia Dortmund","1995-2000","1994-2000","start earlier"
"Grzegorz Krychowiak","Abha","2023-2024","2023-2023","end pulled in"
"David Prutton","Southampton","2002-2004","2002-2006",""
"Pablo Maqueda","Oviedo","1996-1996","1993-1996","start earlier"
"Yu Hirakawa","Bristol City","2024-2025","2024-2026",""
"Yu Hirakawa","Hull City","2026-2026","2025-2026","start earlier"
"Kofi Balmer","AFC Wimbledon","2024-2024","2023-2024","start earlier"
"Kofi Balmer","Bristol Rovers","2025-2025","2025-2026",""
"Lucas Ocampos","Marseille","2014-2018","2014-2015 + 2017-2018","stint split"
"Crysencio Summerville","ADO Den Haag","2019-2020","2019-2019","end pulled in"
"Mart Poom","Sunderland","2002-2002","2002-2004",""
"Stern John","Sunderland","2007-2007","2006-2007","start earlier"
"Will Hoskins","Watford","2006-2006","2006-2009",""
"Thomas Butler","Sunderland","1999-2002","1999-2003",""
"Danilo Cataldi","Lazio","2012-2025","2012-2016 + 2018-2023 + 2025-2025","stint split"
"Gabi","Atletico Madrid","2003-2006","2003-2003 + 2005-2006","stint split"
"Luke Freeman","Bristol City","2014-2015","2014-2016",""
"Luke Freeman","Sheffield Utd","2019-2019","2019-2019 + 2021-2021","stint split"
"Sam Curtis","Sheffield Utd","2023-2025","2023-2023 + 2025-2025","stint split"
"Sam Curtis","Chesterfield","2026-2026","2025-2026","start earlier"
"Marians Pahars","Southampton","1998-2003","1998-2005",""
"Patxi Salinas","Celta Vigo","1995-1997","1992-1997","start earlier"
"Pavel Pogrebnyak","Reading","2012-2012","2012-2014",""
"Moreno Torricelli","Juventus","1995-1997","1992-1997","start earlier"
"Aleksandar Dragovic","Austria Vienna","2008-2025","2008-2010 + 2024-2025","stint split"
"Fede Cartabia","Deportivo La Coruna","2015-2017","2015-2015 + 2017-2017","stint split"
"Mike Phelan","Manchester United","1993-1993","1992-1993","start earlier"
"Mohamed Bayo","Lille","2022-2024","2022-2022 + 2024-2024","stint split"
"Allan McGregor","Hull City","2013-2014","2013-2017",""
"Thierry Nevers","Bradford","2023-2023","2022-2022","start earlier + end pulled in"
"Roberto Soldado","Real Madrid","2003-2007","2003-2005 + 2007-2007","stint split"
"Juan Carlos Balaguer","Albacete","1995-1995","1992-1995","start earlier"
"Luke Young","QPR","2011-2011","2011-2013",""
"Nikola Jakimovski","Jagodina","2013-2013","2013-2014",""
"Olufela Olomola","Scunthorpe","2020-2020","2018-2018 + 2020-2020","start earlier + stint split"
"Cristian Brocchi","AC Milan","2001-2007","2001-2004 + 2006-2007","stint split"
"Afonso Moreira","GIL Vicente","2024-2024","2023-2024","start earlier"
"Rod Fanni","Marseille","2010-2016","2010-2014 + 2016-2016","stint split"
"Kåre Ingebrigtsen","Rosenborg","1991-1993","1991-1991 + 1993-1993","stint split"
"Martín Cáceres","Juventus","2009-2015 + 2018-2018","2009-2009 + 2011-2015 + 2018-2018","stint split"
"Brandon Thomas-Asante","Salford City","2019-2021","2019-2022",""
"Lasse Vigen","Burton Albion","2017-2017","2016-2016","start earlier + end pulled in"
"Valmir Nafiu","Shkendija","2010-2021","2010-2011 + 2018-2021","stint split"
"Marcel Lewis","Accrington ST","2022-2022","2021-2021","start earlier + end pulled in"
"Craig Beattie","Watford","2011-2012","2011-2011","end pulled in"
"Craig Beattie","Preston","2008-2008","2007-2008","start earlier"
"Craig Beattie","West Brom","2007-2008","2007-2009",""
"Craig Beattie","Barnet","2013-2013","2012-2012","start earlier + end pulled in"
"Diego Fuser","Lazio","1996-1997","1992-1997","start earlier"
"Noa Lang","Ajax","2017-2019","2017-2020",""
"Shayon Harrison","Tottenham","2017-2018","2016-2018","start earlier"
"Shayon Harrison","Yeovil Town","2017-2017","2016-2017","start earlier"
"Albert Celades","Real Madrid","2000-2004","2000-2002 + 2004-2004","stint split"
"Wilfred Agbonavbare","Rayo Vallecano","1995-1995","1992-1995","start earlier"
"Izzy Brown","Luton","2019-2020","2019-2019","end pulled in"
"Andi Zeqiri","Brighton","2020-2020","2020-2021",""
"Armel Bella-Kotchap","Southampton","2022-2025","2022-2022 + 2024-2025","stint split"
"Martin Allen","West Ham","1995-1995","1993-1995","start earlier"
"Daniel Ward","Wrexham","2011-2025","2011-2026",""
"Chu-young Park","Watford","2014-2014","2013-2014","start earlier"
"Calum Chambers","Arsenal","2014-2021","2014-2017 + 2019-2021","stint split"
"Pelly Mpanzu","Rotherham","2025-2025","2024-2025","start earlier"
"Pelly Mpanzu","Luton","2013-2023","2013-2024",""
"Pelly Mpanzu","Cambridge United","2024-2025","2024-2026",""
"Kevin Stewart","Burton Albion","2015-2015","2014-2014","start earlier + end pulled in"
"Kevin Stewart","Swindon Town","2015-2016","2015-2015","end pulled in"
"Kevin Stewart","Blackpool","2020-2022","2020-2021","end pulled in"
"Kevin Stewart","Cheltenham","2015-2015","2014-2014","start earlier + end pulled in"
"Erik Jendrisek","Spartak Trnava","2014-2015","2014-2014","end pulled in"
"Raúl Valbuena","Zaragoza","2003-2005","2003-2003 + 2005-2005","stint split"
"Kevin Harper","Portsmouth","2003-2003","2001-2003","start earlier"
"Ante Rebić","Beşiktaş","2023-2024","2023-2023","end pulled in"
"Michael Brown","Portsmouth","2009-2009","2009-2010",""
"Duncan Ferguson","Everton","1995-2005","1994-1998 + 2000-2005","start earlier + stint split"
"André da Costa Neto","Wolves","2024-2025","2024-2026",""
"Scott Dann","Blackburn","2011-2011","2011-2013",""
"Scott Dann","Middlesbrough","2004-2009","2004-2008","end pulled in"
"Scott Dann","Walsall","2006-2006","2004-2004 + 2006-2007","start earlier + stint split"
"Conor McGrandles","Charlton","2022-2022","2022-2023",""
"Conor McGrandles","Cambridge United","2023-2023","2022-2022","start earlier + end pulled in"
"Conor McGrandles","Lincoln","2020-2025","2020-2021 + 2023-2026","stint split"
"José Amavisca","Real Madrid","1995-1997","1994-1997","start earlier"
"Mark Stein","Chelsea","1995-1995","1993-1995","start earlier"
"Bali Mumba","Huddersfield","2025-2025","2025-2026",""
"Bali Mumba","Sunderland","2017-2019","2017-2018","end pulled in"
"Bali Mumba","Peterborough","2022-2022","2021-2021","start earlier + end pulled in"
"Bali Mumba","Plymouth","2022-2024","2022-2025",""
"Bolo","Athletic Club","1995-1998","1993-1998","start earlier"
"Reiss Nelson","Arsenal","2017-2024","2017-2017 + 2019-2024","stint split"
"Reiss Nelson","Feyenoord","2021-2022","2021-2021","end pulled in"
"Kristoffer Peterson","Swansea","2019-2019","2019-2020",""
"Ian Rush","Liverpool","1995-1995","1992-1995","start earlier"
"Andros Townsend","Luton","2023-2023","2023-2024",""
"Angus Gunn","Norwich","2017-2021","2017-2024",""
"Ángel Merino","Celta Vigo","1995-1996","1994-1996","start earlier"
"Masoud Shojaei","Panionios","2016-2016","2016-2017",""
"Anastasios Douvikas","Utrecht","2021-2022","2021-2023",""
"Dong-won Ji","Sunderland","2011-2013","2011-2011 + 2013-2013","stint split"
"Andy Marshall","Millwall","2005-2013","2003-2005","start earlier + end pulled in"
"Henri Camara","Wigan","2005-2008","2005-2006 + 2008-2008","stint split"
"Giuseppe Favalli","Lazio","1996-2003","1992-2003","start earlier"
"Ethan Brierley","Brentford","2023-2024","2023-2023","end pulled in"
"Anthony Forde","Wolves","2011-2011","2011-2013",""
"Anthony Forde","Scunthorpe","2013-2013","2012-2012","start earlier + end pulled in"
"Riccardo Maspero","Lecce","1997-1999","1997-1997 + 1999-1999","stint split"
"Ahmed Musa","CSKA Moscow","2011-2017","2011-2015 + 2017-2017","stint split"
"Marcus Barnes","Southampton","2018-2019","2018-2018","end pulled in"
"Marcus Barnes","Yeovil Town","2018-2018","2017-2017","start earlier + end pulled in"
"Marcus Barnes","Eastleigh","2019-2021","2019-2019","end pulled in"
"Thibaud Verlinden","Bolton","2019-2020","2019-2019","end pulled in"
"Thibaud Verlinden","Stoke City","2016-2019","2016-2020",""
"Rasmus Nicolaisen","FC Midtjylland","2016-2021","2016-2019 + 2021-2021","stint split"
"Rasmus Nicolaisen","Portsmouth","2020-2021","2020-2020","end pulled in"
"Erik Thommy","VfB Stuttgart","2017-2021","2017-2018 + 2020-2021","stint split"
"William Alves","Cardiff","2025-2025","2024-2025","start earlier"
"William Alves","Leicester","2021-2024","2021-2026",""
"Faouzi Ghoulam","Hatayspor","2023-2024","2023-2023","end pulled in"
"Steve Yates","QPR","1995-1995","1993-1995","start earlier"
"Alberto Dossena","Cagliari","2022-2025","2022-2023 + 2025-2025","stint split"
"Eduard Oriol Gràcia","Blackpool","2014-2015","2014-2014","end pulled in"
"Dale Taylor","Nottingham Forest","2021-2024","2021-2022","end pulled in"
"Dale Taylor","Burton Albion","2023-2023","2022-2022","start earlier + end pulled in"
"Oliver Irow","Mansfield Town","2026-2026","2025-2026","start earlier"
"Lee Jones","Liverpool","1996-1996","1994-1996","start earlier"
"Ángel Cuéllar","Real Betis","1997-1999","1994-1994 + 1997-1999","start earlier + stint split"
"Teddy Sheringham","Tottenham","1995-1996 + 2001-2002","1992-1996 + 2001-2002","start earlier"
"Alfred Nijhuis","MSV Duisburg","1996-1996","1993-1996","start earlier"
"Kalifa Cissé","Reading","2007-2007","2007-2009",""
"Sandro Cois","Fiorentina","1996-2001","1994-2001","start earlier"
"Víctor Torres Mestre","Espanyol","1995-1997","1994-1997","start earlier"
"Adam Smith","Stevenage","2013-2013","2013-2021",""
"Luis Miguel Ramis","Tenerife","1995-1995","1994-1995","start earlier"
"Kwadwo Kyeremeh Baah","Watford","2021-2025","2021-2026",""
"Kwadwo Kyeremeh Baah","Burton Albion","2023-2024","2023-2023","end pulled in"
"Thomas Kahlenberg","VfL Wolfsburg","2009-2012","2009-2010 + 2012-2012","stint split"
"Gabriel Gudmundsson","Groningen","2019-2020","2019-2021",""
"Thomas Watson","Millwall","2026-2026","2025-2026","start earlier"
"Andreas Voglsammer","Millwall","2022-2022","2022-2023",""
"Aidan Borland","Aston Villa","2026-2026","2024-2026","start earlier"
"Aidan Borland","Swindon Town","2026-2026","2025-2026","start earlier"
"Eyal Berkovic","Manchester City","2002-2003","2001-2003","start earlier"
"Jake Gray","Cheltenham","2015-2015","2014-2014","start earlier + end pulled in"
"Jake Gray","Hampton & Richmond","2019-2024","2019-2022","end pulled in"
"Antonio Nocerino","AC Milan","2011-2015","2011-2013 + 2015-2015","stint split"
"Julien Escudé","Beşiktaş","2012-2014","2012-2013","end pulled in"
"Nico Lawrence","Colchester","2023-2024","2023-2023","end pulled in"
"Samuel Kalu","Watford","2021-2021","2021-2022",""
"Ui-jo Hwang","Norwich","2023-2024","2023-2023","end pulled in"
"Ryan Allsop","Bournemouth","2012-2016","2012-2013 + 2015-2016","stint split"
"Ryan Allsop","Cardiff","2022-2023","2022-2022","end pulled in"
"Ryan Allsop","Birmingham","2022-2025","2022-2022 + 2024-2025","stint split"
"Ryan Allsop","Hull City","2023-2024","2023-2023","end pulled in"
"Ryan Allsop","Coventry","2014-2015","2014-2014","end pulled in"
"Ryan Allsop","Wycombe","2015-2020","2015-2015 + 2018-2020","stint split"
"Ryan Allsop","Leyton Orient","2012-2013","2012-2012","end pulled in"
"Ernest Poku","AZ Alkmaar","2021-2024","2021-2025",""
"Antony","Ajax","2020-2021","2020-2022",""
"David James","Liverpool","1995-1998","1992-1998","start earlier"
"David James","West Ham","2001-2002","2001-2003",""
"Andrés García","UE Santa Coloma","2023-2023","2023-2024",""
"Mohamed Elneny","Arsenal","2015-2023","2015-2018 + 2020-2023","stint split"
"Mauro Zárate","Lazio","2008-2012","2008-2010 + 2012-2012","stint split"
"Mike Williamson","Newcastle","2010-2015","2009-2015","start earlier"
"Mike Williamson","Watford","2009-2009","2008-2009","start earlier"
"Mike Williamson","Wolves","2016-2016","2015-2016","start earlier"
"Mike Williamson","Wycombe","2008-2008","2004-2008","start earlier"
"Mike Williamson","Gateshead","2018-2020","2018-2019","end pulled in"
"Takefusa Kubo","Mallorca","2019-2021","2019-2019 + 2021-2021","stint split"
"Andrea Pirlo","Inter","1998-2000","1998-1998 + 2000-2000","stint split"
"Christian Kalvenes","Burnley","2009-2009","2008-2009","start earlier"
"Ethan Ampadu","Spezia","2022-2023","2022-2022","end pulled in"
"James Vaughan","Huddersfield","2012-2014","2012-2015",""
"James Vaughan","Birmingham","2015-2015","2015-2016",""
"James Vaughan","Bradford","2019-2020","2019-2019","end pulled in"
"James Vaughan","Portsmouth","2019-2019","2018-2018","start earlier + end pulled in"
"Júlio Baptista","Real Madrid","2005-2007","2005-2005 + 2007-2007","stint split"
"Matt Parsons","Crystal Palace","2010-2012","2010-2011","end pulled in"
"Matt Parsons","Barnet","2011-2011","2010-2010","start earlier + end pulled in"
"Mark Bosnich","Aston Villa","1995-1998","1992-1998","start earlier"
"Fabio Rossitto","Udinese","1996-1996 + 2002-2003","1992-1996 + 2002-2003","start earlier"
"Freddie Ladapo","Charlton","2024-2024","2023-2023","start earlier + end pulled in"
"Freddie Ladapo","Shrewsbury","2017-2017","2016-2017","start earlier"
"Freddie Ladapo","Colchester","2012-2012","2012-2013",""
"Iván Marcano","FC Porto","2014-2022","2014-2017 + 2019-2022","stint split"
"Gifton Noel-Williams","Watford","1999-1999","1999-2002",""
"Georginio Wijnaldum","Feyenoord","2006-2010","2006-2011",""
"Georginio Wijnaldum","AS Roma","2022-2023","2022-2022","end pulled in"
"Luis Milla","Real Madrid","1995-1996","1992-1996","start earlier"
"Bruno Martins Indi","Stoke City","2016-2017","2016-2020",""
"Gerrit Holtmann","VfL Bochum","2020-2025","2020-2022 + 2024-2025","stint split"
"Michael Zetterer","Eintracht Frankfurt","2022-2025","2022-2022 + 2024-2025","stint split"
"Frank Neubarth","Werder Bremen","1993-1995","1992-1995","start earlier"
"Matthew Etherington","West Ham","2005-2008","2003-2008","start earlier"
"Ashley Barnes","Burnley","2013-2025","2013-2022 + 2024-2025","stint split"
"Ashley Barnes","Brighton","2009-2012","2009-2013",""
"Ashley Barnes","Norwich","2023-2023","2023-2024",""
"Tamás Priskin","Watford","2006-2006","2006-2008",""
"Stefan Reuter","Borussia Dortmund","1995-2003","1992-2003","start earlier"
"Rekeem Harper","Birmingham","2021-2021","2020-2020","start earlier + end pulled in"
"Rekeem Harper","Blackburn","2017-2018","2017-2017","end pulled in"
"Rekeem Harper","Burton Albion","2023-2024","2023-2023","end pulled in"
"Rekeem Harper","Crewe","2022-2022","2021-2021","start earlier + end pulled in"
"Rekeem Harper","Exeter City","2022-2023","2022-2022","end pulled in"
"Tahith Chong","Sheffield Utd","2025-2025","2024-2026","start earlier"
"Robert Green","West Ham","2006-2009","2006-2011",""
"Elliott Moore","Northampton","2025-2025","2025-2026",""
"Elliott Moore","Oxford United","2019-2024","2019-2025",""
"Daniel Didavi","VfB Stuttgart","2009-2015 + 2018-2021","2009-2010 + 2012-2015 + 2018-2021","stint split"
"Eric Bailly","Marseille","2022-2023","2022-2022","end pulled in"
"Eric Bailly","Besiktas","2023-2024","2023-2023","end pulled in"
"Haris Vuckic","Newcastle","2009-2014","2009-2011 + 2014-2014","stint split"
"Onésimo Sánchez","Rayo Vallecano","1995-1995","1993-1995","start earlier"
"Jensen Weir","Brighton","2020-2023","2020-2024",""
"Jensen Weir","Wigan","2017-2025","2017-2019 + 2024-2026","stint split"
"Jensen Weir","Port Vale","2024-2024","2023-2023","start earlier + end pulled in"
"Jensen Weir","Blackpool","2023-2024","2023-2023","end pulled in"
"Josh Pask","Coventry","2019-2020","2019-2021",""
"Jack Rose","Crawley Town","2016-2016","2015-2015","start earlier + end pulled in"
"Roshaun Williams","Doncaster","2021-2023","2021-2022","end pulled in"
"Jason Koumas","West Brom","2002-2004","2002-2006",""
"David Murphy","Birmingham","2007-2010","2007-2013",""
"Ian Lawlor","Scunthorpe","2020-2020","2019-2019","start earlier + end pulled in"
"Ian Lawlor","Doncaster","2016-2024","2016-2019 + 2023-2025","stint split"
"Matt Phillips","West Brom","2016-2020","2016-2023",""
"Matt Phillips","QPR","2013-2014","2013-2015",""
"Matt Phillips","Oxford United","2024-2024","2024-2025",""
"Matt Phillips","Blackpool","2010-2010","2010-2012",""
"Matt Phillips","Wycombe","2008-2009","2007-2010","start earlier"
"Fernando López González","Wolves","2025-2025","2025-2026",""
"Raúl García","Atletico Madrid","2007-2015","2007-2010 + 2012-2015","stint split"
"Raúl García","Real Betis","2019-2021","2019-2019 + 2021-2021","stint split"
"Quique Flores","Real Madrid","1995-1995","1994-1995","start earlier"
"Nicholas Bignall","Reading","2009-2012","2009-2009","end pulled in"
"Jadel Katongo","Peterborough","2024-2025","2023-2025","start earlier"
"Dave Beasant","Southampton","1995-1996","1993-1996","start earlier"
"Lucas Pérez","PSV Eindhoven","2025-2026","2024-2026","start earlier"
"Lucas Pérez","PAOK","2013-2015","2013-2013 + 2015-2015","stint split"
"Luke Plange","Derby","2022-2022","2021-2021","start earlier + end pulled in"
"Luke Plange","Carlisle","2023-2024","2023-2023","end pulled in"
"Antti Niemi","Southampton","2002-2004","2002-2005",""
"Matthew Hoppe","Middlesbrough","2022-2023","2022-2022","end pulled in"
"Thomas Dickson-Peters","Gillingham","2022-2022","2021-2021","start earlier + end pulled in"
"Thomas Dickson-Peters","Grimsby","2023-2023","2022-2022","start earlier + end pulled in"
"Jesús Angoy","Barcelona","1995-1995","1994-1995","start earlier"
"James Garner","Manchester United","2018-2021","2018-2019","end pulled in"
"James Garner","Nottingham Forest","2021-2021","2020-2021","start earlier"
"Jordan Stevens","Leeds","2018-2020","2018-2019","end pulled in"
"Jordan Stevens","Bradford","2021-2021","2020-2020","start earlier + end pulled in"
"Jordan Stevens","Yeovil Town","2022-2024","2022-2023","end pulled in"
"Jordan Stevens","Barrow","2021-2021","2021-2022",""
"Joachim Andersen","Twente","2014-2016","2014-2017",""
"Luca de la Torre","Fulham","2016-2017","2016-2019",""
"Sam Clucas","Hull City","2015-2016","2015-2017",""
"Sam Clucas","Mansfield Town","2013-2013","2013-2014",""
"Sam Clucas","Lincoln","2025-2025","2024-2025","start earlier"
"Sam Clucas","Hereford United","2011-2012","2011-2011","end pulled in"
"Marcel Witeczek","Bayern München","1994-1996","1993-1996","start earlier"
"João Félix","Chelsea","2022-2024","2022-2022 + 2024-2024","stint split"
"Ali Koiki","Swindon Town","2019-2019","2018-2018","start earlier + end pulled in"
"József Varga","Debreceni VSC","2008-2016","2008-2012 + 2014-2016","stint split"
"Rufus Brevett","West Ham","2002-2002","2002-2004",""
"Rufus Brevett","QPR","1995-1995","1992-1995","start earlier"
"Nan Ribera","Espanyol","1998-2000","1998-1998 + 2000-2000","stint split"
"Alfie Devine","Tottenham","2020-2024","2020-2022","end pulled in"
"Alfie Devine","Preston","2025-2025","2025-2026",""
"Alfie Devine","Plymouth","2024-2024","2023-2023","start earlier + end pulled in"
"Lewis Fiorini","Stockport County","2024-2025","2024-2026",""
"Isaac Mabaya","Liverpool","2026-2026","2024-2026","start earlier"
"Leon Barnett","West Brom","2007-2008","2007-2009",""
"Jonathan Kodjia","Bristol City","2015-2015","2015-2016",""
"Lionel Scaloni","Lazio","2007-2009","2007-2007 + 2009-2009","stint split"
"Jordan Amissah","Sheffield Utd","2023-2023","2022-2022","start earlier + end pulled in"
"Brad Jones","Derby","2011-2011","2010-2010","start earlier + end pulled in"
"Brad Jones","Middlesbrough","2002-2008 + 2003-2008","2002-2009 + 2003-2008",""
"Karl Hein","Arsenal","2020-2024","2020-2022","end pulled in"
"Karl Hein","Reading","2022-2022","2021-2021","start earlier + end pulled in"
"Malik Maine Mothersille","Peterborough","2023-2023","2023-2024",""
"Tymoteusz Puchacz","Plymouth","2025-2025","2024-2025","start earlier"
"Sergio Córdova","FC Augsburg","2017-2021","2017-2019 + 2021-2021","stint split"
"Nathan Doyle","Hull City","2008-2008","2006-2008","start earlier"
"George Dobson","Sunderland","2019-2019","2019-2020",""
"George Dobson","AFC Wimbledon","2021-2021","2020-2020","start earlier + end pulled in"
"George Dobson","Charlton","2020-2022","2020-2023",""
"George Dobson","Wrexham","2024-2025","2024-2026",""
"Matías Vecino","Fiorentina","2013-2016","2013-2013 + 2015-2016","stint split"
"Nathan Broadhead","Everton","2017-2020","2017-2017 + 2020-2020","stint split"
"Nathan Broadhead","Ipswich","2022-2024","2022-2025",""
"Nathan Broadhead","Wigan","2022-2023","2022-2022","end pulled in"
"Nathan Broadhead","Wrexham","2025-2025","2025-2026",""
"Sonny Tufail Perkins","Oxford United","2023-2024","2023-2023","end pulled in"
"Juan Larios","Southampton","2022-2022","2022-2024",""
"Éric Loussouarn","Nantes","1995-1998","1995-1996 + 1998-1998","stint split"
"Bodo Schmidt","Borussia Dortmund","1995-1995","1992-1995","start earlier"
"Jack Colback","Newcastle","2014-2015","2014-2016",""
"Clint Hill","QPR","2010-2014","2010-2015",""
"Clint Hill","Stoke City","2005-2006","2003-2007","start earlier"
"Yannick Bolasie","Everton","2016-2020","2016-2017","end pulled in"
"Yannick Bolasie","Middlesbrough","2021-2021","2020-2020","start earlier + end pulled in"
"Yannick Bolasie","Rizespor","2021-2022","2021-2021","end pulled in"
"Jørgen Strand Larsen","Groningen","2020-2021","2020-2022",""
"José Gil Gordillo","Celta Vigo","1995-1995","1992-1995","start earlier"
"Demetri Mitchell","Blackpool","2020-2020","2020-2021",""
"Demetri Mitchell","Exeter City","2022-2022","2022-2024",""
"Demetri Mitchell","Leyton Orient","2023-2025","2023-2026",""
"Brek Shea","Barnsley","2014-2014","2013-2013","start earlier + end pulled in"
"Óscar Vales","Athletic Club","1995-1996 + 1999-2003","1993-1996 + 1999-2003","start earlier"
"Eddie McGoldrick","Arsenal","1995-1995","1993-1995","start earlier"
"Curro Torres","Valencia","2001-2008","2001-2006 + 2008-2008","stint split"
"Lee Bowyer","Birmingham","2009-2010","2008-2009","start earlier + end pulled in"
"Gonzalo de los Santos","Valencia","2001-2004","2001-2002 + 2004-2004","stint split"
"Kami Doyle","Southampton","2022-2022","2022-2023",""
"Kami Doyle","Crawley Town","2025-2025","2024-2025","start earlier"
"Mikhail Sivakov","Bate Borisov","2007-2012","2007-2013",""
"Joaquín Correa","Inter","2021-2024","2021-2022 + 2024-2024","stint split"
"Francisco José Camarasa","Valencia","1995-1998","1992-1998","start earlier"
"Kevin Gallacher","Blackburn","1995-1998","1992-1998","start earlier"
"Lárus Sigurðsson","West Brom","2002-2002","2001-2003","start earlier"
"Joe Murphy","West Brom","2002-2002","2002-2003",""
"Gabriel Batistuta","Fiorentina","1996-1999","1992-1999","start earlier"
"Fletcher Holman","Swindon Town","2026-2026","2025-2026","start earlier"
"Keith Southern","Fleetwood Town","2014-2015","2014-2014","end pulled in"
"Keith Southern","Blackpool","2005-2010","2002-2011","start earlier"
"Nathan Eccleston","Huddersfield","2010-2010","2009-2009","start earlier + end pulled in"
"Nathan Eccleston","Charlton","2011-2011","2010-2010","start earlier + end pulled in"
"Nathan Eccleston","Blackpool","2012-2012","2012-2013",""
"Caleb Chukwuemeka","Aston Villa","2022-2022","2021-2021","start earlier + end pulled in"
"Samuel Braybrooke","Leicester","2021-2021","2021-2022 + 2026-2026","stint split"
"Tiago Gabriel","Estrela","2023-2023","2023-2024",""
"Richard Chaplow","Southampton","2005-2012","2005-2005 + 2010-2012","stint split"
"Richard Chaplow","West Brom","2004-2005","2004-2007",""
"Aaron McLean","Hull City","2011-2013","2010-2013","start earlier"
"Aaron McLean","Peterborough","2006-2010","2006-2010 + 2014-2014","stint split"
"Patrick Bamford","Sheffield Utd","2025-2025","2025-2026",""
"Elkan Baggott","Ipswich","2020-2025","2020-2021 + 2023-2023 + 2025-2025","stint split"
"Elkan Baggott","Bristol Rovers","2024-2024","2023-2023","start earlier + end pulled in"
"Elkan Baggott","Cheltenham","2023-2023","2022-2022","start earlier + end pulled in"
"Federico Dimarco","Inter","2014-2014 + 2019-2025","2014-2014 + 2019-2019 + 2021-2025","stint split"
"Gustavo Hamer","Coventry","2020-2022","2020-2023",""
"Andrea Silenzi","Torino","1999-1999","1992-1994 + 1999-1999","start earlier + stint split"
"Robert Koren","West Brom","2006-2008","2006-2009",""
"Fernando Orsi","Lazio","1996-1996","1992-1996","start earlier"
"Roberto Baronio","Lazio","1996-2000 + 2006-2009","1996-1998 + 2000-2000 + 2006-2009","stint split"
"Cristiano Biraghi","Fiorentina","2017-2024","2017-2018 + 2020-2024","stint split"
"Haris Seferovic","Fiorentina","2010-2012","2010-2010 + 2012-2012","stint split"
"Fabrizio Ravanelli","Juventus","1995-1995","1992-1995","start earlier"
"Liam Miller","Sunderland","2007-2008","2006-2008","start earlier"
"Manuel Salvador Serra","Albacete","1995-1995","1992-1995","start earlier"
"Oliver Lüttkenhaus","Hamburger SV","1995-1995","1994-1995","start earlier"
"Wahbi Khazri","Sunderland","2015-2016","2015-2017",""
"Darren Powell","Crystal Palace","2004-2004","2002-2004","start earlier"
"Matthew Bates","Middlesbrough","2004-2008","2004-2011",""
"Gedson Fernandes","Benfica","2018-2021","2018-2019 + 2021-2021","stint split"
"Gedson Fernandes","Rizespor","2022-2022","2021-2021","start earlier + end pulled in"
"Daiki Hashioka","Luton","2023-2023","2023-2024",""
"Filippo Inzaghi","Parma","1995-1996","1995-1995","end pulled in"
"Brynjar Gunnarsson","Reading","2006-2007","2005-2011","start earlier"
"Steve Sidwell","Brighton","2015-2017","2015-2016","end pulled in"
"Steve Sidwell","Reading","2005-2006","2002-2006","start earlier"
"Gabriel","Lille","2016-2019","2016-2016 + 2018-2019","stint split"
"Jaime Molina","Espanyol","1996-1996","1994-1996","start earlier"
"Chris McCann","Burnley","2009-2009","2005-2012","start earlier"
"Graham Alexander","Burnley","2009-2009","2007-2010","start earlier"
"Juan Antonio Ureña","Real Betis","1995-1998","1994-1998","start earlier"
"Luke McCormick","Bristol Rovers","2020-2023","2020-2020 + 2022-2024","stint split"
"Luke McCormick","Shrewsbury","2019-2020","2019-2019","end pulled in"
"Sebastian Polter","QPR","2015-2015","2015-2016",""
"Deon Burton","Portsmouth","2003-2003","2002-2003","start earlier"
"Paul Tisdale","Southampton","1995-1995","1994-1995","start earlier"
"Alexander Löbe","MSV Duisburg","1996-1996","1994-1996","start earlier"
"Abel Balbo","AS Roma","1996-1997 + 2000-2001","1993-1997 + 2000-2001","start earlier"
"Javier Balboa","Real Madrid","2005-2007","2005-2005 + 2007-2007","stint split"
"John Beresford","Newcastle","1995-1997","1993-1997","start earlier"
"Ovie Ejaria","Reading","2018-2023","2018-2022","end pulled in"
"Ovie Ejaria","Sunderland","2018-2018","2017-2017","start earlier + end pulled in"
"Ulrich Borowka","Werder Bremen","1993-1995","1992-1995","start earlier"
"Massimo Taibi","Piacenza","1996-1996","1993-1996","start earlier"
"Adam Chambers","West Brom","2002-2002","2001-2003","start earlier"
"Dragan Skočić","Compostela","1995-1995","1994-1995","start earlier"
"Quique Estebaranz","Sevilla","1995-1995","1994-1995","start earlier"
"Eduardo Estíbariz","Athletic Club","1995-1996","1992-1996","start earlier"
"Mark Helm","Fleetwood Town","2022-2025","2022-2026",""
"Michael Harriman","Northampton","2019-2022","2019-2021","end pulled in"
"Michael Harriman","Wycombe","2012-2018","2012-2012 + 2015-2018","stint split"
"Alex Pritchard","Huddersfield","2017-2018","2017-2020",""
"Alex Pritchard","Tottenham","2011-2015","2011-2013 + 2015-2015","stint split"
"Alex Pritchard","Birmingham","2024-2024","2023-2023","start earlier + end pulled in"
"Alex Pritchard","Sunderland","2021-2022","2021-2023",""
"Alex Pritchard","Peterborough","2013-2013","2012-2012","start earlier + end pulled in"
"Alex Pritchard","Swindon Town","2013-2014","2013-2013","end pulled in"
"Rickie Lambert","Bristol Rovers","2008-2008","2006-2009","start earlier"
"Valentin Rongier","Rennes","2022-2025","2022-2022 + 2024-2025","stint split"
"Jacob Maddox","Forest Green","2023-2024","2023-2023","end pulled in"
"Selim Amallah","Valladolid","2022-2024","2022-2022 + 2024-2024","stint split"
"Christophe Sanchez","Bordeaux","1999-2002","1999-1999 + 2001-2002","stint split"
"Derick Osei","Walsall","2021-2021","2020-2020","start earlier + end pulled in"
"Tim Flowers","Blackburn","1995-1998","1993-1998","start earlier"
"Jay Bothroyd","Wolves","2006-2006","2006-2007",""
"Matthew Vigor","Cray Valley PM","2023-2024","2023-2023","end pulled in"
"Patrick Kelly","Barnsley","2023-2025","2023-2026",""
"José Ángel Carmona","Sevilla","2021-2025","2021-2022 + 2024-2025","stint split"
"Danilo Pereira","FC Porto","2015-2019","2015-2020",""
"Tony McMahon","Middlesbrough","2004-2008","2004-2011",""
"Tendayi Darikwa","Lincoln","2024-2025","2024-2026",""
"Bernt Haas","West Brom","2004-2004","2003-2004","start earlier"
"Louis Thompson","Shrewsbury","2019-2020","2019-2019","end pulled in"
"Louis Thompson","Swindon Town","2011-2014","2011-2015",""
"Louis Thompson","Stevenage","2023-2025","2023-2026",""
"Boaz Myhill","Birmingham","2011-2012","2011-2011","end pulled in"
"Boaz Myhill","West Brom","2010-2017","2010-2010 + 2012-2018","stint split"
"Boaz Myhill","Hull City","2005-2009","2003-2007","start earlier + end pulled in"
"Carl Jenkinson","Arsenal","2011-2013 + 2016-2018","2011-2013 + 2016-2016 + 2018-2018","stint split"
"Carl Jenkinson","Birmingham","2017-2018","2017-2017","end pulled in"
"Perry Groves","Arsenal","1991-1991","1991-1992",""
"Morato","Benfica","2019-2023","2019-2024",""
"Yuya Kubo","Gent","2016-2019","2016-2017 + 2019-2019","stint split"
"Lamine Koné","Sunderland","2015-2016","2015-2017",""
"John Jensen","Arsenal","1995-1995","1992-1995","start earlier"
"Mateo Joseph","Leeds","2022-2022","2022-2024",""
"Yoel Rodríguez","Eibar","2016-2020","2016-2017 + 2019-2020","stint split"
"Evandro","Hull City","2016-2016","2016-2018",""
"Sacha Bastien","Stevenage","2019-2022","2019-2021","end pulled in"
"Lee Sharpe","Manchester United","1993-1995","1992-1995","start earlier"
"Gabriel Moya","Sevilla","1995-1995 + 1999-1999","1993-1995 + 1999-1999","start earlier"
"Massimo Carrera","Juventus","1995-1995","1992-1995","start earlier"
"Lassana Coulibaly","Lecce","2022-2025","2022-2022 + 2024-2025","stint split"
"Richie Towell","Brighton","2015-2016","2015-2017",""
"Dimitri Cavaré","Barnsley","2017-2018","2017-2019",""
"Arie van Lent","Werder Bremen","1995-1997","1992-1997","start earlier"
"Sam Winnall","Barnsley","2014-2015","2014-2016",""
"Sam Winnall","Burton Albion","2010-2023","2010-2010 + 2022-2022","end pulled in + stint split"
"Conor Bradley","Liverpool","2021-2025","2021-2021 + 2023-2025","stint split"
"Conor Bradley","Bolton","2022-2023","2022-2022","end pulled in"
"Jake Bidwell","Swansea","2019-2020","2019-2021",""
"Abu Kamara","Norwich","2021-2023","2021-2022 + 2024-2024","stint split"
"Abu Kamara","Portsmouth","2023-2024","2023-2023 + 2026-2026","stint split"
"Samson Baidoo","FC Liefering","2021-2021","2021-2022",""
"Clinton Mola","Reading","2023-2024","2023-2023","end pulled in"
"Clinton Mola","Bristol Rovers","2024-2025","2024-2026",""
"Tom Trybull","Blackpool","2022-2022","2022-2023",""
"Jordy Hiwula","Walsall","2014-2014","2014-2015",""
"Jordy Hiwula","Coventry","2018-2018","2018-2019",""
"Billy Knott","AFC Wimbledon","2012-2012","2011-2011","start earlier + end pulled in"
"André Bikey","Burnley","2009-2009","2009-2011",""
"André Bikey","Reading","2006-2007","2006-2008",""
"Marco D'Alessandro","Atalanta","2014-2018","2014-2016 + 2018-2018","stint split"
"Luigi Vitale","Napoli","2006-2010","2006-2008 + 2010-2010","stint split"
"Nikica Jelavic","Hull City","2013-2014","2013-2015",""
"Ruel Fox","Newcastle","1995-1995","1993-1995","start earlier"
"Dominic Corness","Gillingham","2025-2025","2024-2025","start earlier"
"Dwight Gayle","Newcastle","2016-2021","2016-2017 + 2019-2021","stint split"
"Dwight Gayle","Stoke City","2022-2022","2022-2023",""
"Samuel Gallagher","Stoke City","2024-2025","2024-2026",""
"Nahki Wells","QPR","2018-2018","2018-2019",""
"Nahki Wells","Luton","2025-2025","2025-2026",""
"Aythami Artiles","Deportivo La Coruna","2007-2012","2007-2007 + 2010-2012","stint split"
"Mickaël Debève","Lens","1995-2001","1995-1998 + 2000-2001","stint split"
"Calvin Ramsay","Liverpool","2022-2025","2022-2022 + 2025-2025","stint split"
"Calvin Ramsay","Bolton","2024-2024","2023-2023","start earlier + end pulled in"
"Dave Kitson","Reading","2005-2007","2003-2008","start earlier"
"Pascal Zuberbühler","West Brom","2006-2007","2006-2006","end pulled in"
"Jason Euell","Charlton","2001-2005","2001-2005 + 2011-2011","stint split"
"Jason Euell","Blackpool","2009-2010","2009-2009","end pulled in"
"John Halls","Reading","2007-2007","2005-2007","start earlier"
"Pietro Terracciano","AC Milan","2022-2025","2022-2022 + 2024-2025","stint split"
"Ben Thornley","Manchester United","1995-1997","1993-1997","start earlier"
"Scott Malone","Millwall","2012-2022","2012-2014 + 2020-2022","stint split"
"Scott Malone","Cambridge United","2025-2025","2024-2025","start earlier"
"Fer Niño","Villarreal","2019-2022","2019-2020 + 2022-2022","stint split"
"Mikel Arruabarrena","AEL","2016-2016","2016-2017",""
"Keith Gillespie","Newcastle","1995-1998","1994-1998","start earlier"
"Diego","Sevilla","1995-1995","1992-1995","start earlier"
"Emanuele Tresoldi","Atalanta","1996-1996","1992-1996","start earlier"
"Moritz Bauer","Stoke City","2017-2017","2017-2018",""
"Anthony Lopes","Nantes","2022-2025","2022-2022 + 2024-2025","stint split"
"Kevin Long","Burnley","2012-2021","2012-2014 + 2016-2021","stint split"
"Kevin Long","Barnsley","2015-2016","2015-2015","end pulled in"
"Jay McEveley","Blackburn","2002-2006","2002-2002 + 2004-2006","stint split"
"Hannibal Mejbri","Manchester United","2020-2023","2020-2021 + 2023-2023","stint split"
"Hannibal Mejbri","Burnley","2023-2025","2023-2026",""
"Hannibal Mejbri","Birmingham","2022-2023","2022-2022","end pulled in"
"Hannibal Mejbri","Sevilla","2023-2024","2023-2023","end pulled in"
"Ørjan Nyland","Bournemouth","2021-2022","2021-2021","end pulled in"
"Ørjan Nyland","Aston Villa","2018-2019","2018-2020",""
"Manuel Ugarte","Famalicao","2020-2020","2020-2021",""
"Jonathan Bamba","Saint Etienne","2014-2017","2014-2015 + 2017-2017","stint split"
"Harvey Barnes","West Brom","2018-2019","2018-2018","end pulled in"
"Tommie Hoban","Watford","2010-2015","2010-2016",""
"Djibril Diaw","FK Zalgiris Vilnius","2021-2022","2021-2021","end pulled in"
"Shaun Hobson","Oldham","2023-2024","2023-2023","end pulled in"
"Joshua Bowler","Cardiff","2023-2024","2023-2023","end pulled in"
"Joshua Bowler","Blackpool","2021-2025","2021-2022 + 2025-2026","stint split"
"Youssef Sofiane","Lille","2003-2008","2003-2003 + 2008-2008","stint split"
"Fabio Borini","Liverpool","2012-2014","2012-2012 + 2014-2014","stint split"
"Fabio Borini","Sunderland","2013-2016","2013-2013 + 2015-2016","stint split"
"Jayden Bennetts","Watford","2019-2020","2019-2019","end pulled in"
"Mamady Sidibé","Gillingham","2002-2005","2002-2004","end pulled in"
"Patrick Müller","Lyon","2000-2007","2000-2003 + 2005-2007","stint split"
"Jordan Cook","Walsall","2010-2015","2010-2010 + 2014-2015","stint split"
"Jordan Cook","Hartlepool","2021-2022","2021-2021","end pulled in"
"Jordan Cook","Yeovil Town","2013-2013","2012-2012","start earlier + end pulled in"
"Juan Gómez Sánchez","Celta Vigo","2005-2005","1996-1998 + 2005-2005","start earlier + stint split"
"Alessandro Mazzola","Reggiana","1996-1996","1994-1996","start earlier"
"Justin Edinburgh","Tottenham","1995-1999","1992-1999","start earlier"
"Andriy Voronin","Liverpool","2007-2009","2007-2007 + 2009-2009","stint split"
"Marco Bode","Werder Bremen","1993-2001","1992-2001","start earlier"
"Jordon Ibe","Birmingham","2014-2014","2013-2013","start earlier + end pulled in"
"Jordon Ibe","Derby","2014-2020","2014-2014 + 2020-2020","stint split"
"Jordon Ibe","Ebbsfleet United","2023-2024","2023-2023","end pulled in"
"Markus Münch","Bayern München","1996-1996","1992-1993 + 1996-1996","start earlier + stint split"
"Cesare Casadei","Leicester","2023-2024","2023-2023","end pulled in"
"Cesare Casadei","Chelsea","2022-2023","2022-2024",""
"Cesare Casadei","Reading","2023-2023","2022-2022","start earlier + end pulled in"
"Lucas Olaza","Valladolid","2020-2022","2020-2020 + 2022-2022","stint split"
"Geoffrey Mujangi Bia","Watford","2012-2013","2012-2012","end pulled in"
"Laste Dombaxe","Haringey Borough","2020-2024","2020-2020","end pulled in"
"Chris Basham","Blackpool","2010-2010","2010-2013",""
"Karsten Bäron","Hamburger SV","1995-1999","1992-1999","start earlier"
"Jak Alnwick","Scunthorpe","2018-2019","2018-2018","end pulled in"
"Jak Alnwick","Port Vale","2015-2015","2015-2016",""
"Danny Welbeck","Manchester United","2007-2014","2007-2009 + 2011-2014","stint split"
"Danny Welbeck","Preston","2010-2010","2009-2010","start earlier"
"Keinan Davis","Watford","2022-2023","2022-2022","end pulled in"
"Keinan Davis","Nottingham Forest","2022-2022","2021-2021","start earlier + end pulled in"
"Ralf Fährmann","FC Schalke 04","2005-2008 + 2011-2022","2005-2008 + 2011-2018 + 2020-2022","stint split"
"Bambo Diaby","Sheffield Wednesday","2023-2023","2023-2024",""
"Bambo Diaby","Barnsley","2019-2020","2019-2019","end pulled in"
"Thorsten Legat","Werder Bremen","1993-1993","1992-1993","start earlier"
"Dominic Ballard","Reading","2023-2024","2023-2023","end pulled in"
"Dominic Ballard","Cambridge United","2025-2025","2024-2025","start earlier"
"Harry Charsley","Bolton","2018-2018","2017-2017","start earlier + end pulled in"
"Harry Charsley","Port Vale","2021-2021","2021-2022",""
"Harry Charsley","Mansfield Town","2019-2020","2019-2021",""
"Nico Schlotterbeck","SC Freiburg","2018-2021","2018-2019 + 2021-2021","stint split"
"Michael Liddle","Blyth Spartans","2017-2024","2017-2022","end pulled in"
"Mehdi Bourabia","Cherno More Varna","2015-2016","2015-2015","end pulled in"
"Dusan Veskovac","Toulouse","2013-2016","2013-2014 + 2016-2016","stint split"
"Nya Kirby","Crystal Palace","2017-2019","2017-2020",""
"Nya Kirby","Blackpool","2019-2019","2018-2018","start earlier + end pulled in"
"Nya Kirby","Oxford City","2023-2024","2023-2023","end pulled in"
"Paolo Mozzini","Reggiana","1996-1996","1994-1996","start earlier"
"Lewis O'Brien","Middlesbrough","2023-2024","2023-2023","end pulled in"
"Lewis O'Brien","Swansea","2025-2025","2024-2025","start earlier"
"Lewis O'Brien","Wrexham","2025-2025","2025-2026",""
"Liam Gibson","Grimsby","2019-2020","2019-2019","end pulled in"
"Stanislav Varga","Sunderland","2000-2001","2000-2001 + 2006-2006","stint split"
"Alberto Belsué","Zaragoza","1995-1998","1992-1998","start earlier"
"Andoni Imaz","Real Sociedad","1995-1997","1992-1997","start earlier"
"Erik Pieters","Stoke City","2013-2017","2013-2018",""
"Jason Wilcox","Blackburn","1995-1998","1992-1998","start earlier"
"Nick Blackman","Reading","2012-2012","2012-2015",""
"Gary O'Neil","Middlesbrough","2007-2008","2007-2010",""
"Gary O'Neil","Portsmouth","2003-2007","2001-2007","start earlier"
"Kyel Reid","West Ham","2005-2007","2005-2005 + 2007-2007","stint split"
"Ryan Fulton","Portsmouth","2016-2016","2015-2015","start earlier + end pulled in"
"Juan Quintero","Pescara","2012-2013","2012-2012","end pulled in"
"Jan van Hecke","Heerenveen","2020-2021","2020-2020","end pulled in"
"Pirri","Atletico Madrid","1995-1995","1993-1995","start earlier"
"Nicolò Zaniolo","Galatasaray","2022-2023","2022-2023 + 2025-2025","stint split"
"Samuel Dalby","Bolton","2025-2025","2025-2026",""
"Samuel Dalby","Wrexham","2022-2023","2022-2024",""
"Kyle Taylor","Bournemouth","2017-2020","2017-2018 + 2021-2021","stint split"
"Kyle Taylor","Forest Green","2019-2020","2019-2019","end pulled in"
"Alex Denny","Morecambe","2021-2021","2020-2020","start earlier + end pulled in"
"Dani Benítez","AEL","2017-2018","2017-2017","end pulled in"
"Jem Karacan","Reading","2008-2012","2008-2014",""
"Jem Karacan","Millwall","2007-2007","2007-2007 + 2018-2018","stint split"
"Aaron Donnelly","Nottingham Forest","2023-2023","2022-2022","start earlier + end pulled in"
"Aaron Donnelly","Port Vale","2023-2023","2022-2022","start earlier + end pulled in"
"Barry Horne","Everton","1995-1995","1992-1995","start earlier"
"Frank Anguissa","Fulham","2018-2020","2018-2018 + 2020-2021","stint split"
"George Francomb","Crawley Town","2018-2021","2018-2022",""
"George Francomb","Dorking Wanderers","2022-2024","2022-2023","end pulled in"
"Danny Whitehead","Cheltenham","2016-2017","2016-2016","end pulled in"
"Danny Whitehead","Macclesfield","2024-2025","2015-2015 + 2017-2019 + 2025-2025","start earlier + stint split"
"Danny Whitehead","Altrincham","2021-2022","2021-2021","end pulled in"
"Hal Robson-Kanu","Reading","2009-2012","2009-2015",""
"Juan Sabas","Real Betis","1995-1996","1994-1996","start earlier"
"Sean Thornton","Sunderland","2002-2002","2002-2004",""
"Luke O'Neill","Leyton Orient","2015-2015","2014-2015","start earlier"
"Luke O'Neill","Ebbsfleet United","2022-2024","2022-2023","end pulled in"
"Luke O'Neill","Kettering Town","2010-2010","2010-2021",""
"Gary Mabbutt","Tottenham","1995-1997","1992-1997","start earlier"
"Aurélio Buta","Eintracht Frankfurt","2022-2025","2022-2023 + 2025-2025","stint split"
"Shay Given","Aston Villa","2011-2014","2011-2012 + 2014-2014","stint split"
"Shay Given","Middlesbrough","2013-2014","2013-2013","end pulled in"
"Josh Cullen","West Ham","2014-2017","2014-2017 + 2020-2020","stint split"
"Matt Macey","Portsmouth","2022-2023","2022-2022","end pulled in"
"Matt Macey","Luton","2016-2016","2016-2022",""
"Sol Campbell","Tottenham","1995-2000","1992-2000","start earlier"
"Joel Castro Pereira","Manchester United","2015-2016","2015-2017",""
"Joel Castro Pereira","Reading","2023-2025","2023-2026",""
"Joel Castro Pereira","Rochdale","2015-2016","2015-2015","end pulled in"
"Corrado Colombo","Sampdoria","2003-2005","2003-2003 + 2005-2005","stint split"
"Guillaume Gillet","Anderlecht","2007-2015","2007-2013 + 2015-2015","stint split"
