outcome,player,league,season,apps,goals,club,name_source,transfermarkt_name
resolved,"Aaron Ramsey","Championship",2024,1,0,"Burnley",player_stats,""
resolved,"Aaron Ramsey","Championship",2025,9,2,"Leicester",player_stats,""
resolved,"Abdoulaye Doucouré","Saudi Pro League",2025,13,0,"NEOM",teams,"NEOM SC"
resolved,"Abdul Baba","Championship",2021,29,0,"Reading",player_stats,""
resolved,"Abdul Baba","Championship",2022,18,0,"Reading",player_stats,""
resolved,"Abdul Fatawu","Primeira Liga",2022,6,0,"Sporting CP",alias,"Sporting"
resolved,"Abdul Fatawu","Championship",2023,40,6,"Leicester",player_stats,""
resolved,"Abdul Fatawu","Championship",2025,44,9,"Leicester",player_stats,""
resolved,"Adam Armstrong","Championship",2018,44,5,"Blackburn",player_stats,""
resolved,"Adam Armstrong","Championship",2019,46,16,"Blackburn",player_stats,""
resolved,"Adam Armstrong","Championship",2020,40,28,"Blackburn",player_stats,""
resolved,"Adam Armstrong","Championship",2023,46,21,"Southampton",player_stats,""
resolved,"Adam Armstrong","Championship",2024,16,3,"West Brom",player_stats,""
resolved,"Adam Armstrong","Championship",2025,29,11,"Southampton",player_stats,""
resolved,"Adama Traoré","Championship",2016,1,0,"Aston Villa",player_stats,""
resolved,"Adama Traoré","Championship",2017,34,5,"Middlesbrough",player_stats,""
resolved,"Adam Lallana","Championship",2006,1,0,"Southampton",player_stats,""
resolved,"Adam Lallana","Championship",2008,40,1,"Southampton",player_stats,""
resolved,"Adam Lallana","Championship",2011,41,11,"Southampton",player_stats,""
resolved,"Adam Webster","Championship",2011,3,0,"Portsmouth",player_stats,""
resolved,"Adam Webster","Championship",2017,28,0,"Ipswich",player_stats,""
resolved,"Adem Ljajic","UEFA Europa League",2008,2,0,"Partizan",player_stats,""
resolved,"Adem Ljajic","Süper Lig",2018,27,9,"Beşiktaş",player_stats,"Besiktas"
resolved,"Adem Ljajic","Süper Lig",2019,24,5,"Beşiktaş",player_stats,"Besiktas"
resolved,"Adem Ljajic","Süper Lig",2020,22,2,"Beşiktaş",player_stats,"Besiktas"
resolved,"Adem Ljajic","Süper Lig",2023,2,0,"Fatih Karagümrük",teams~,"Karagümrük"
resolved,"Ademola Lookman","Championship",2015,24,5,"Charlton",player_stats,""
resolved,"Adnan Januzaj","Süper Lig",2022,11,2,"Başakşehir",player_stats,"Basaksehir"
resolved,"Adrien Silva","UEFA Europa League",2007,2,0,"Sporting CP",player_stats,""
resolved,"Adrien Silva","Primeira Liga",2007,7,0,"Sporting CP",player_stats,""
resolved,"Adrien Silva","Primeira Liga",2008,13,0,"Sporting CP",player_stats,""
resolved,"Adrien Silva","Primeira Liga",2009,13,0,"Sporting CP",player_stats,""
resolved,"Adrien Silva","Primeira Liga",2012,19,3,"Sporting CP",player_stats,""
resolved,"Adrien Silva","Primeira Liga",2013,28,8,"Sporting CP",player_stats,""
resolved,"Adrien Silva","Primeira Liga",2014,30,8,"Sporting CP",player_stats,""
resolved,"Adrien Silva","Primeira Liga",2015,29,8,"Sporting CP",player_stats,""
resolved,"Adrien Silva","Primeira Liga",2016,27,4,"Sporting CP",player_stats,""
resolved,"Adrien Silva","Primeira Liga",2017,3,1,"Sporting CP",player_stats,""
resolved,"Afonso Moreira","Primeira Liga",2023,4,0,"GIL Vicente",teams,"Gil Vicente"
resolved,"Ahmed Musa","Saudi Pro League",2018,24,7,"Al-Nassr",teams,""
resolved,"Ahmed Musa","Saudi Pro League",2019,24,2,"Al-Nassr",teams,""
resolved,"Ahmed Musa","Süper Lig",2023,2,0,"Sivasspor",player_stats,""
resolved,"Ainsley Maitland-Niles","Championship",2015,30,1,"Ipswich",player_stats,""
resolved,"Ajdin Hrustic","Eredivisie",2017,18,1,"Groningen",player_stats,"FC Groningen"
resolved,"Ajdin Hrustic","Eredivisie",2018,18,0,"Groningen",player_stats,"FC Groningen"
resolved,"Ajdin Hrustic","Eredivisie",2019,25,3,"Groningen",player_stats,"FC Groningen"
resolved,"Ajdin Hrustic","Eredivisie",2020,1,0,"Groningen",player_stats,"FC Groningen"
resolved,"Ajdin Hrustic","Eredivisie",2023,14,1,"Heracles",player_stats~,"Heracles Almelo"
resolved,"Ajdin Hrustic","Eredivisie",2025,27,1,"Heracles",player_stats~,"Heracles Almelo"
resolved,"Alan Dzagoev","UEFA Europa League",2008,10,3,"CSKA Moscow",player_stats,""
resolved,"Alan Dzagoev","UEFA Champions League",2011,8,1,"CSKA Moscow",player_stats,""
resolved,"Alan Dzagoev","UEFA Champions League",2013,1,0,"CSKA Moscow",player_stats,""
resolved,"Alan Dzagoev","UEFA Champions League",2014,3,0,"CSKA Moscow",player_stats,""
resolved,"Alan Dzagoev","UEFA Champions League",2015,6,0,"CSKA Moscow",player_stats,""
resolved,"Alan Dzagoev","UEFA Champions League",2016,3,2,"CSKA Moscow",player_stats,""
resolved,"Alan Dzagoev","UEFA Champions League",2017,5,1,"CSKA Moscow",player_stats,""
resolved,"Alan Dzagoev","UEFA Champions League",2018,3,0,"CSKA Moscow",player_stats,""
resolved,"Alassane Pléa","Eredivisie",2025,2,0,"PSV Eindhoven",player_stats~,"PSV"
resolved,"Albert Gudmundsson","Eredivisie",2017,9,0,"PSV Eindhoven",player_stats~,"PSV"
resolved,"Albert Gudmundsson","Eredivisie",2019,4,0,"AZ Alkmaar",player_stats,""
resolved,"Albert Gudmundsson","Eredivisie",2020,26,7,"AZ Alkmaar",player_stats,""
resolved,"Albert Gudmundsson","Eredivisie",2021,19,4,"AZ Alkmaar",player_stats,""
resolved,"Alberto Costa","Primeira Liga",2024,10,0,"Guimaraes",player_stats~,"Vit. Guimarães"
resolved,"Alberto Costa","Primeira Liga",2025,29,1,"Porto",player_stats,""
resolved,"Alejandro Grimaldo","Primeira Liga",2015,2,0,"Benfica",player_stats,""
resolved,"Alejandro Grimaldo","Primeira Liga",2016,14,2,"Benfica",player_stats,""
resolved,"Alejandro Grimaldo","Primeira Liga",2017,28,1,"Benfica",player_stats,""
resolved,"Alejandro Grimaldo","Primeira Liga",2018,34,4,"Benfica",player_stats,""
resolved,"Alejandro Grimaldo","Primeira Liga",2019,26,0,"Benfica",player_stats,""
resolved,"Alejandro Grimaldo","Primeira Liga",2020,31,2,"Benfica",player_stats,""
resolved,"Alejandro Grimaldo","Primeira Liga",2021,29,5,"Benfica",player_stats,""
resolved,"Alejandro Grimaldo","Primeira Liga",2022,33,5,"Benfica",player_stats,""
resolved,"Aleksandar Mitrović","Championship",2016,25,4,"Newcastle",player_stats,""
resolved,"Aleksandar Mitrović","Championship",2017,17,12,"Fulham",player_stats,""
resolved,"Aleksandar Mitrović","Championship",2019,40,26,"Fulham",player_stats,""
resolved,"Aleksandar Mitrović","Championship",2021,44,43,"Fulham",player_stats,""
resolved,"Aleksandar Mitrović","Saudi Pro League",2023,28,28,"Al-Hilal Saudi FC",teams~,"Al-Hilal"
resolved,"Aleksandar Mitrović","Saudi Pro League",2024,23,19,"Al-Hilal Saudi FC",teams~,"Al-Hilal"
resolved,"Alexander Sørloth","Eredivisie",2015,13,2,"Groningen",player_stats,"FC Groningen"
resolved,"Alexander Sørloth","Eredivisie",2016,25,3,"Groningen",player_stats,"FC Groningen"
resolved,"Alexander Sørloth","Süper Lig",2019,34,24,"Trabzonspor",player_stats,""
resolved,"Alexandre Lacazette","Saudi Pro League",2025,32,11,"NEOM",teams,"NEOM SC"
resolved,"Alexis Sánchez","UEFA Europa League",2008,9,0,"Udinese",player_stats,""
resolved,"Alex Oxlade-Chamberlain","Süper Lig",2023,20,4,"Beşiktaş",player_stats,"Besiktas"
resolved,"Alex Oxlade-Chamberlain","Süper Lig",2024,18,1,"Beşiktaş",player_stats,"Besiktas"
resolved,"Alex Scott","Championship",2021,38,4,"Bristol City",teams,""
resolved,"Alex Scott","Championship",2022,42,1,"Bristol City",teams,""
resolved,"Alex Telles","Süper Lig",2013,15,1,"Galatasaray",player_stats,""
resolved,"Alex Telles","Süper Lig",2014,22,1,"Galatasaray",player_stats,""
resolved,"Alex Telles","Süper Lig",2015,2,0,"Galatasaray",player_stats,""
resolved,"Alex Telles","Primeira Liga",2016,32,1,"Porto",player_stats,""
resolved,"Alex Telles","Primeira Liga",2017,30,3,"Porto",player_stats,""
resolved,"Alex Telles","Primeira Liga",2018,33,4,"Porto",player_stats,""
resolved,"Alex Telles","Primeira Liga",2019,31,11,"Porto",player_stats,""
resolved,"Alex Telles","Primeira Liga",2020,3,2,"Porto",player_stats,""
resolved,"Alex Telles","Saudi Pro League",2023,27,2,"Al-Nassr",teams,""
resolved,"Alex Telles","Saudi Pro League",2024,2,0,"Al-Nassr",teams,""
resolved,"Alfred Finnbogason","Eredivisie",2013,31,29,"Heerenveen",player_stats,""
resolved,"Alireza Jahanbakhsh","Eredivisie",2016,29,10,"AZ Alkmaar",player_stats,""
resolved,"Alireza Jahanbakhsh","Eredivisie",2017,33,21,"AZ Alkmaar",player_stats,""
resolved,"Alireza Jahanbakhsh","Eredivisie",2021,27,4,"Feyenoord",player_stats,""
resolved,"Alireza Jahanbakhsh","Eredivisie",2022,28,5,"Feyenoord",player_stats,""
resolved,"Alireza Jahanbakhsh","Eredivisie",2023,16,0,"Feyenoord",player_stats,""
resolved,"Alisson Santos","Primeira Liga",2025,18,0,"Sporting CP",alias,"Sporting"
resolved,"Allan Saint-Maximin","Saudi Pro League",2023,30,4,"Al-Ahli Jeddah",teams~,"Al-Ahli"
resolved,"Allan Saint-Maximin","Süper Lig",2024,20,4,"Fenerbahçe",player_stats,""
resolved,"Álvaro Djaló","Primeira Liga",2022,24,2,"SC Braga",player_stats,"Braga"
resolved,"Álvaro Djaló","Primeira Liga",2023,30,8,"SC Braga",player_stats,"Braga"
resolved,"Álvaro Morata","Süper Lig",2024,12,6,"Galatasaray",player_stats,""
resolved,"Álvaro Negredo","Süper Lig",2017,31,7,"Beşiktaş",player_stats,"Besiktas"
resolved,"Amad Diallo","Championship",2022,37,13,"Sunderland",player_stats,""
resolved,"Amadou Haidara","Bundesliga",2016,5,1,"FC Liefering",teams,""
resolved,"Amar Dedić","Primeira Liga",2025,24,1,"Benfica",player_stats,""
resolved,"Ameen Al-Dakhil","Championship",2022,8,0,"Burnley",player_stats,""
resolved,"Amine Harit","Süper Lig",2025,24,2,"Başakşehir",player_stats,"Basaksehir"
resolved,"Anastasios Douvikas","Eredivisie",2021,34,9,"Utrecht",player_stats,""
resolved,"Anastasios Douvikas","Eredivisie",2022,32,19,"Utrecht",player_stats,""
resolved,"Anastasios Douvikas","Eredivisie",2023,2,0,"Utrecht",player_stats,""
resolved,"Andrea Belotti","Primeira Liga",2024,14,3,"Benfica",player_stats,""
resolved,"Andrea Bertolacci","Süper Lig",2020,22,2,"Fatih Karagümrük",teams~,"Karagümrük"
resolved,"Andrea Bertolacci","Süper Lig",2023,15,0,"Fatih Karagümrük",teams~,"Karagümrük"
resolved,"André Almeida","Primeira Liga",2019,8,1,"Guimaraes",player_stats~,"Vit. Guimarães"
resolved,"André Almeida","Primeira Liga",2020,30,2,"Guimaraes",player_stats~,"Vit. Guimarães"
resolved,"André Almeida","Primeira Liga",2021,31,0,"Guimaraes",player_stats~,"Vit. Guimarães"
resolved,"André Almeida","Primeira Liga",2022,3,0,"Guimaraes",player_stats~,"Vit. Guimarães"
resolved,"André Ayew","UEFA Europa League",2007,1,0,"Marseille",player_stats,""
resolved,"André Ayew","Süper Lig",2018,29,5,"Fenerbahçe",player_stats,""
resolved,"André Ayew","Championship",2019,44,15,"Swansea",player_stats,""
resolved,"André Ayew","Championship",2020,43,16,"Swansea",player_stats,""
resolved,"André Ayew","Eredivisie",2025,17,1,"NAC Breda",player_stats,""
resolved,"André Gomes","Primeira Liga",2012,7,1,"Benfica",player_stats,""
resolved,"André Gomes","Primeira Liga",2013,7,1,"Benfica",player_stats,""
resolved,"Andre Gray","Championship",2020,30,5,"Watford",player_stats,""
resolved,"Andre Gray","Championship",2021,28,10,"QPR",player_stats,""
resolved,"André-Pierre Gignac","UEFA Europa League",2007,5,1,"Toulouse",player_stats,""
resolved,"André Silva","Primeira Liga",2016,32,16,"Porto",player_stats,""
resolved,"Andrew Robertson","Championship",2015,42,2,"Hull City",player_stats,""
resolved,"Andros Townsend","Championship",2024,1,0,"Luton",player_stats,""
resolved,"Andros Townsend","Süper Lig",2024,18,0,"Antalyaspor",teams,""
resolved,"Anel Ahmedhodzic","Championship",2022,34,6,"Sheffield Utd",alias,"Sheff Utd"
resolved,"Anel Ahmedhodzic","Championship",2024,38,3,"Sheffield Utd",alias,"Sheff Utd"
resolved,"Anel Ahmedhodzic","Eredivisie",2025,26,0,"Feyenoord",player_stats,""
resolved,"Angel Gomes","Primeira Liga",2020,30,6,"Boavista",player_stats,""
resolved,"Angeliño","Eredivisie",2017,34,3,"NAC Breda",player_stats,""
resolved,"Angeliño","Eredivisie",2018,34,1,"PSV Eindhoven",player_stats~,"PSV"
resolved,"Angeliño","Süper Lig",2023,8,0,"Galatasaray",player_stats,""
resolved,"Ângelo","Saudi Pro League",2024,25,1,"Al-Nassr",teams,""
resolved,"Ângelo","Saudi Pro League",2025,25,4,"Al-Nassr",teams,""
resolved,"Anthony Gordon","Championship",2020,11,0,"Preston",teams,""
resolved,"Antoine Semenyo","Championship",2017,1,0,"Bath City",teams,""
resolved,"Antoine Semenyo","Championship",2020,44,2,"Bristol City",teams,""
resolved,"Antoine Semenyo","Championship",2021,31,8,"Bristol City",teams,""
resolved,"Antoine Semenyo","Championship",2022,23,6,"Bristol City",teams,""
resolved,"Antonee Robinson","Championship",2017,30,0,"Bolton",player_stats,""
resolved,"Antonee Robinson","Championship",2018,26,0,"Wigan",player_stats,""
resolved,"Antonee Robinson","Championship",2019,38,1,"Wigan",player_stats,""
resolved,"Antonee Robinson","Championship",2021,36,2,"Fulham",player_stats,""
resolved,"Antoni Milambo","Eredivisie",2022,3,0,"Feyenoord",player_stats,""
resolved,"Antoni Milambo","Eredivisie",2023,8,1,"Feyenoord",player_stats,""
resolved,"Antoni Milambo","Eredivisie",2024,29,3,"Feyenoord",player_stats,""
resolved,"Antony","Eredivisie",2020,32,9,"Ajax",player_stats,""
resolved,"Antony","Eredivisie",2021,23,8,"Ajax",player_stats,""
resolved,"Antony","Eredivisie",2022,2,1,"Ajax",player_stats,""
resolved,"Archie Gray","Championship",2023,44,0,"Leeds",player_stats,""
resolved,"Arda Güler","Süper Lig",2021,12,3,"Fenerbahçe",player_stats,""
resolved,"Arda Güler","Süper Lig",2022,20,4,"Fenerbahçe",player_stats,""
resolved,"Arkadiusz Milik","Eredivisie",2014,21,11,"Ajax",player_stats,""
resolved,"Arkadiusz Milik","Eredivisie",2015,31,21,"Ajax",player_stats,""
resolved,"Armando Broja","Eredivisie",2020,30,10,"Vitesse",player_stats,""
resolved,"Armel Bella-Kotchap","Eredivisie",2023,4,0,"PSV Eindhoven",player_stats~,"PSV"
resolved,"Artem Dzyuba","UEFA Europa League",2006,1,0,"Spartak Moscow",player_stats,""
resolved,"Artem Dzyuba","UEFA Europa League",2007,6,2,"Spartak Moscow",player_stats,""
resolved,"Artem Dzyuba","UEFA Europa League",2008,2,2,"Spartak Moscow",player_stats,""
resolved,"Artem Dzyuba","UEFA Champions League",2012,4,0,"Spartak Moscow",player_stats,""
resolved,"Artem Dzyuba","UEFA Champions League",2019,6,2,"Zenit",player_stats~,"Zenit S-Pb"
resolved,"Artem Dzyuba","UEFA Champions League",2020,5,1,"Zenit",player_stats~,"Zenit S-Pb"
resolved,"Artem Dzyuba","UEFA Champions League",2021,6,0,"Zenit",player_stats~,"Zenit S-Pb"
resolved,"Artem Dzyuba","Süper Lig",2022,4,1,"Adana Demirspor",teams,""
resolved,"Arthur Cabral","Primeira Liga",2023,28,6,"Benfica",player_stats,""
resolved,"Arthur Cabral","Primeira Liga",2024,21,2,"Benfica",player_stats,""
resolved,"Arturo Vidal","UEFA Europa League",2007,9,0,"Bayer Leverkusen",player_stats,"Leverkusen"
resolved,"Ashley Young","Championship",2004,34,0,"Watford",player_stats,""
resolved,"Ashley Young","Championship",2005,39,13,"Watford",player_stats,""
resolved,"Ashley Young","UEFA Europa League",2008,5,0,"Aston Villa",player_stats,""
resolved,"Ashley Young","Championship",2025,13,0,"Ipswich",player_stats,""
resolved,"Attila Szalai","Süper Lig",2021,31,1,"Fenerbahçe",player_stats,""
resolved,"Attila Szalai","Süper Lig",2022,32,2,"Fenerbahçe",player_stats,""
resolved,"Attila Szalai","Süper Lig",2025,15,0,"Kasimpasa",teams,""
resolved,"Axel Tuanzebe","Championship",2017,5,0,"Aston Villa",player_stats,""
resolved,"Axel Tuanzebe","Championship",2018,25,0,"Aston Villa",player_stats,""
resolved,"Axel Tuanzebe","Championship",2022,4,0,"Stoke City",player_stats,""
resolved,"Axel Tuanzebe","Championship",2023,18,0,"Ipswich",player_stats,""
resolved,"Axel Witsel","UEFA Europa League",2006,1,0,"Standard Liege",player_stats,"Standard Liège"
resolved,"Axel Witsel","UEFA Europa League",2007,2,0,"Standard Liege",player_stats,"Standard Liège"
resolved,"Axel Witsel","UEFA Europa League",2008,8,1,"Standard Liege",player_stats,"Standard Liège"
resolved,"Axel Witsel","Primeira Liga",2011,29,1,"Benfica",player_stats,""
resolved,"Axel Witsel","Primeira Liga",2012,3,0,"Benfica",player_stats,""
resolved,"Aymeric Laporte","Saudi Pro League",2023,27,4,"Al-Nassr",teams,""
resolved,"Aymeric Laporte","Saudi Pro League",2024,20,4,"Al-Nassr",teams,""
resolved,"Ayoze Pérez","Championship",2016,36,9,"Newcastle",player_stats,""
resolved,"Bas Dost","Eredivisie",2009,34,14,"Heracles",player_stats~,"Heracles Almelo"
resolved,"Bas Dost","Eredivisie",2011,34,32,"Heerenveen",player_stats,""
resolved,"Bas Dost","Primeira Liga",2016,31,34,"Sporting CP",player_stats,""
resolved,"Bas Dost","Primeira Liga",2017,30,27,"Sporting CP",player_stats,""
resolved,"Bas Dost","Primeira Liga",2018,22,15,"Sporting CP",player_stats,""
resolved,"Bas Dost","Primeira Liga",2019,1,0,"Sporting CP",player_stats,""
resolved,"Bas Dost","Eredivisie",2022,22,9,"Utrecht",player_stats,"FC Utrecht"
resolved,"Bashir Humphreys","Championship",2023,24,1,"Swansea",player_stats,""
resolved,"Bashir Humphreys","Championship",2024,25,1,"Burnley",player_stats,""
resolved,"Ben Brereton Díaz","Championship",2016,18,3,"Nottingham Forest",alias,"Nott'm Forest"
resolved,"Ben Brereton Díaz","Championship",2017,35,5,"Nottingham Forest",alias,"Nott'm Forest"
resolved,"Ben Brereton Díaz","Championship",2019,15,1,"Blackburn",player_stats,""
resolved,"Ben Brereton Díaz","Championship",2020,40,7,"Blackburn",player_stats,""
resolved,"Ben Brereton Díaz","Championship",2021,37,22,"Blackburn",player_stats,""
resolved,"Ben Brereton Díaz","Championship",2022,43,14,"Blackburn",player_stats,""
resolved,"Ben Brereton Díaz","Championship",2024,17,4,"Sheffield Utd",alias,"Sheff Utd"
resolved,"Ben Chilwell","Championship",2015,8,0,"Huddersfield",player_stats,""
resolved,"Ben Gannon-Doak","Championship",2024,24,3,"Middlesbrough",player_stats,""
resolved,"Ben Godfrey","Championship",2016,2,0,"Norwich",player_stats,""
resolved,"Ben Godfrey","Championship",2018,31,4,"Norwich",player_stats,""
resolved,"Ben Godfrey","Championship",2020,3,0,"Norwich",player_stats,""
resolved,"Ben Godfrey","Championship",2025,4,0,"Sheffield Utd",alias,"Sheff Utd"
resolved,"Benjamin Sesko","Bundesliga",2020,1,0,"FC Liefering",teams,""
resolved,"Bertrand Traoré","Eredivisie",2013,13,3,"Vitesse",player_stats,""
resolved,"Bertrand Traoré","Eredivisie",2014,29,13,"Vitesse",player_stats,""
resolved,"Bertrand Traoré","Eredivisie",2016,24,9,"Ajax",player_stats,""
resolved,"Bertrand Traoré","Süper Lig",2022,12,2,"Başakşehir",player_stats,"Basaksehir"
resolved,"Bertrand Traoré","Eredivisie",2024,32,6,"Ajax",player_stats,""
resolved,"Bertrand Traoré","Eredivisie",2025,1,0,"Ajax",player_stats,""
resolved,"Beto","Primeira Liga",2020,30,11,"Portimonense",teams,""
resolved,"Beto","Primeira Liga",2021,3,2,"Portimonense",teams,""
resolved,"Bilal El Khannouss","Championship",2025,2,0,"Leicester",player_stats,""
resolved,"Borna Barisic","Süper Lig",2024,9,0,"Trabzonspor",player_stats,""
resolved,"Borna Sosa","Eredivisie",2023,16,0,"Ajax",player_stats,""
resolved,"Boubakary Soumaré","Championship",2025,16,0,"Leicester",player_stats,""
resolved,"Brenden Aaronson","Championship",2024,46,9,"Leeds",player_stats,""
resolved,"Brennan Johnson","Championship",2019,4,0,"Nottingham Forest",alias,"Nott'm Forest"
resolved,"Brennan Johnson","Championship",2021,46,16,"Nottingham Forest",alias,"Nott'm Forest"
resolved,"Brian Brobbey","Eredivisie",2021,11,7,"Ajax",player_stats,""
resolved,"Brian Brobbey","Eredivisie",2022,32,13,"Ajax",player_stats,""
resolved,"Brian Brobbey","Eredivisie",2023,30,18,"Ajax",player_stats,""
resolved,"Brian Brobbey","Eredivisie",2024,30,4,"Ajax",player_stats,""
resolved,"Brooke Norton-Cuffy","Championship",2023,40,2,"Millwall",teams,""
resolved,"Bruno Fernandes","Primeira Liga",2017,33,11,"Sporting CP",alias,"Sporting"
resolved,"Bruno Fernandes","Primeira Liga",2018,33,20,"Sporting CP",alias,"Sporting"
resolved,"Bruno Fernandes","Primeira Liga",2019,17,8,"Sporting CP",alias,"Sporting"
resolved,"Bryan Cristante","Primeira Liga",2014,5,0,"Benfica",player_stats,""
resolved,"Bryan Cristante","Primeira Liga",2015,2,0,"Benfica",player_stats,""
resolved,"Bryan Mbeumo","Championship",2019,42,15,"Brentford",player_stats,""
resolved,"Bryan Mbeumo","Championship",2020,44,8,"Brentford",player_stats,""
resolved,"Çağlar Söyüncü","Süper Lig",2023,12,2,"Fenerbahçe",player_stats,""
resolved,"Çağlar Söyüncü","Süper Lig",2024,25,1,"Fenerbahçe",player_stats,""
resolved,"Çağlar Söyüncü","Süper Lig",2025,11,0,"Fenerbahçe",player_stats,""
resolved,"Calum Chambers","Championship",2024,41,2,"Cardiff",player_stats,""
resolved,"Calvin Bassey","Eredivisie",2022,25,1,"Ajax",player_stats,""
resolved,"Calvin Stengs","Eredivisie",2017,1,0,"AZ Alkmaar",player_stats,""
resolved,"Calvin Stengs","Eredivisie",2018,21,3,"AZ Alkmaar",player_stats,""
resolved,"Calvin Stengs","Eredivisie",2019,25,5,"AZ Alkmaar",player_stats,""
resolved,"Calvin Stengs","Eredivisie",2020,30,7,"AZ Alkmaar",player_stats,""
resolved,"Calvin Stengs","Eredivisie",2023,29,6,"Feyenoord",player_stats,""
resolved,"Calvin Stengs","Eredivisie",2024,12,1,"Feyenoord",player_stats,""
resolved,"Cameron Archer","Championship",2021,20,7,"Preston",teams,""
resolved,"Cameron Archer","Championship",2022,20,11,"Middlesbrough",player_stats,""
resolved,"Cameron Archer","Championship",2025,30,4,"Southampton",player_stats,""
resolved,"Carlos Alcaraz","Championship",2023,23,3,"Southampton",player_stats,""
resolved,"Carlos Forbs","Eredivisie",2023,21,2,"Ajax",player_stats,""
resolved,"Carlos Forbs","Eredivisie",2024,1,0,"Ajax",player_stats,""
resolved,"Carlos Vinícius","Primeira Liga",2019,32,18,"Benfica",player_stats,""
resolved,"Carlos Vinícius","Primeira Liga",2020,1,0,"Benfica",player_stats,""
resolved,"Carlos Vinícius","Primeira Liga",2021,1,0,"Benfica",player_stats,""
resolved,"Carlos Vinícius","Eredivisie",2021,23,6,"PSV Eindhoven",player_stats~,"PSV"
resolved,"Carlos Vinícius","Eredivisie",2022,1,0,"PSV Eindhoven",player_stats~,"PSV"
resolved,"Carlos Vinícius","Süper Lig",2023,10,1,"Galatasaray",player_stats,""
resolved,"Casemiro","Primeira Liga",2014,28,3,"Porto",player_stats,""
resolved,"Cédric Bakambu","Süper Lig",2014,27,13,"Bursaspor",player_stats,""
resolved,"Cédric Soares","Primeira Liga",2010,2,0,"Sporting CP",alias,"Sporting"
resolved,"Cédric Soares","Primeira Liga",2012,13,1,"Sporting CP",alias,"Sporting"
resolved,"Cédric Soares","Primeira Liga",2013,28,1,"Sporting CP",alias,"Sporting"
resolved,"Cédric Soares","Primeira Liga",2014,24,0,"Sporting CP",alias,"Sporting"
resolved,"Cengiz Ünder","Süper Lig",2023,24,9,"Fenerbahçe",player_stats,""
resolved,"Cengiz Ünder","Süper Lig",2024,3,0,"Fenerbahçe",player_stats,""
resolved,"Cenk Tosun","Süper Lig",2015,29,8,"Beşiktaş",player_stats,"Besiktas"
resolved,"Cenk Tosun","Süper Lig",2016,33,20,"Beşiktaş",player_stats,"Besiktas"
resolved,"Cenk Tosun","Süper Lig",2017,16,8,"Beşiktaş",player_stats,"Besiktas"
resolved,"Cenk Tosun","Süper Lig",2020,3,3,"Beşiktaş",player_stats,"Besiktas"
resolved,"Cenk Tosun","Süper Lig",2022,32,15,"Beşiktaş",player_stats,"Besiktas"
resolved,"Cenk Tosun","Süper Lig",2023,34,6,"Beşiktaş",player_stats,"Besiktas"
resolved,"Cesare Casadei","Championship",2022,15,1,"Reading",player_stats,""
resolved,"Cesare Casadei","Championship",2023,22,2,"Leicester",player_stats,""
resolved,"Chancel Mbemba","Championship",2016,12,1,"Newcastle",player_stats,""
resolved,"Chancel Mbemba","Primeira Liga",2018,3,0,"Porto",player_stats,""
resolved,"Chancel Mbemba","Primeira Liga",2019,26,2,"Porto",player_stats,""
resolved,"Chancel Mbemba","Primeira Liga",2020,27,1,"Porto",player_stats,""
resolved,"Chancel Mbemba","Primeira Liga",2021,31,2,"Porto",player_stats,""
resolved,"Charlie Cresswell","Championship",2022,28,5,"Millwall",teams,""
resolved,"Charlie Cresswell","Championship",2023,5,0,"Leeds",player_stats,""
resolved,"Ché Adams","Championship",2017,30,5,"Birmingham",player_stats,""
resolved,"Ché Adams","Championship",2018,46,22,"Birmingham",player_stats,""
resolved,"Ché Adams","Championship",2023,40,15,"Southampton",player_stats,""
resolved,"Cher Ndour","Primeira Liga",2023,9,1,"SC Braga",player_stats,"Braga"
resolved,"Cher Ndour","Süper Lig",2024,12,1,"Beşiktaş",player_stats,"Besiktas"
resolved,"Chris Rigg","Championship",2023,21,2,"Sunderland",player_stats,""
resolved,"Chris Rigg","Championship",2024,42,4,"Sunderland",player_stats,""
resolved,"Chris Smalling","Saudi Pro League",2024,30,1,"Al-Fayha",teams,""
resolved,"Chris Smalling","Saudi Pro League",2025,34,3,"Al-Fayha",teams,""
resolved,"Christian Eriksen","Eredivisie",2009,15,0,"Ajax",player_stats,""
resolved,"Christian Eriksen","Eredivisie",2010,28,6,"Ajax",player_stats,""
resolved,"Christian Eriksen","Eredivisie",2011,33,7,"Ajax",player_stats,""
resolved,"Christian Eriksen","Eredivisie",2012,33,10,"Ajax",player_stats,""
resolved,"Christian Eriksen","Eredivisie",2013,4,2,"Ajax",player_stats,""
resolved,"Christian Nørgaard","Championship",2019,42,0,"Brentford",player_stats,""
resolved,"Christian Nørgaard","Championship",2020,17,0,"Brentford",player_stats,""
resolved,"Christos Tzolis","Eredivisie",2022,10,1,"Twente",player_stats,"FC Twente"
resolved,"Christos Tzolis","Championship",2022,13,1,"Norwich",player_stats,""
resolved,"Chris Wood","Championship",2009,18,1,"West Brom",player_stats,""
resolved,"Chris Wood","Championship",2013,26,4,"Leicester",player_stats,""
resolved,"Chris Wood","Championship",2014,8,0,"Ipswich",player_stats,""
resolved,"Chris Wood","Championship",2016,44,27,"Leeds",player_stats,""
resolved,"Chris Wood","Championship",2017,3,1,"Leeds",player_stats,""
resolved,"Ciro Immobile","Süper Lig",2024,30,15,"Beşiktaş",player_stats,"Besiktas"
resolved,"CJ Egan-Riley","Championship",2022,3,0,"Burnley",player_stats,""
resolved,"CJ Egan-Riley","Championship",2024,41,1,"Burnley",player_stats,""
resolved,"Cody Gakpo","Eredivisie",2018,16,1,"PSV Eindhoven",player_stats~,"PSV"
resolved,"Cody Gakpo","Eredivisie",2019,25,7,"PSV Eindhoven",player_stats~,"PSV"
resolved,"Cody Gakpo","Eredivisie",2020,23,7,"PSV Eindhoven",player_stats~,"PSV"
resolved,"Cody Gakpo","Eredivisie",2021,27,12,"PSV Eindhoven",player_stats~,"PSV"
resolved,"Cody Gakpo","Eredivisie",2022,14,9,"PSV Eindhoven",player_stats~,"PSV"
resolved,"Connor Goldson","Championship",2016,5,0,"Brighton",player_stats,""
resolved,"Conor Coady","Championship",2014,45,3,"Huddersfield",player_stats,""
resolved,"Conor Coady","Championship",2016,40,0,"Wolves",player_stats,""
resolved,"Conor Coady","Championship",2017,45,1,"Wolves",player_stats,""
resolved,"Conor Coady","Championship",2023,12,0,"Leicester",player_stats,""
resolved,"Conrad Harder","Primeira Liga",2024,28,5,"Sporting CP",alias,"Sporting"
resolved,"Conrad Harder","Primeira Liga",2025,4,1,"Sporting CP",alias,"Sporting"
resolved,"Cristiano Ronaldo","Primeira Liga",2002,25,3,"Sporting CP",alias,"Sporting"
resolved,"Cristiano Ronaldo","UEFA Europa League",2002,2,0,"Sporting CP",alias,"Sporting"
resolved,"Cristiano Ronaldo","Saudi Pro League",2022,16,14,"Al-Nassr",teams,""
resolved,"Cristiano Ronaldo","Saudi Pro League",2023,31,35,"Al-Nassr",teams,""
resolved,"Cristiano Ronaldo","Saudi Pro League",2024,30,25,"Al-Nassr",teams,""
resolved,"Cristiano Ronaldo","Saudi Pro League",2025,30,28,"Al-Nassr",teams,""
resolved,"Crysencio Summerville","Eredivisie",2019,21,2,"ADO Den Haag",teams,""
resolved,"Crysencio Summerville","Championship",2023,43,19,"Leeds",player_stats,""
resolved,"Daley Blind","UEFA Europa League",2008,1,0,"Ajax",player_stats,""
resolved,"Daley Blind","Eredivisie",2008,5,0,"Ajax",player_stats,""
resolved,"Daley Blind","Eredivisie",2010,10,0,"Ajax",player_stats,""
resolved,"Daley Blind","Eredivisie",2011,21,0,"Ajax",player_stats,""
resolved,"Daley Blind","Eredivisie",2012,34,2,"Ajax",player_stats,""
resolved,"Daley Blind","Eredivisie",2013,29,1,"Ajax",player_stats,""
resolved,"Daley Blind","Eredivisie",2014,3,0,"Ajax",player_stats,""
resolved,"Daley Blind","Eredivisie",2018,34,5,"Ajax",player_stats,""
resolved,"Daley Blind","Eredivisie",2019,20,0,"Ajax",player_stats,""
resolved,"Daley Blind","Eredivisie",2020,23,1,"Ajax",player_stats,""
resolved,"Daley Blind","Eredivisie",2021,34,1,"Ajax",player_stats,""
resolved,"Daley Blind","Eredivisie",2022,13,0,"Ajax",player_stats,""
resolved,"Dan Ballard","Championship",2021,31,1,"Millwall",teams,""
resolved,"Dan Ballard","Championship",2022,19,0,"Sunderland",player_stats,""
resolved,"Dan Ballard","Championship",2023,43,3,"Sunderland",player_stats,""
resolved,"Dan Ballard","Championship",2024,20,2,"Sunderland",player_stats,""
resolved,"Daniel Amartey","Süper Lig",2023,18,0,"Beşiktaş",player_stats,"Besiktas"
resolved,"Daniele Rugani","Eredivisie",2024,15,0,"Ajax",player_stats,""
resolved,"Daniel James","Championship",2018,33,4,"Swansea",player_stats,""
resolved,"Daniel James","Championship",2023,40,13,"Leeds",player_stats,""
resolved,"Daniel James","Championship",2024,36,12,"Leeds",player_stats,""
resolved,"Daniel Podence","Primeira Liga",2017,12,0,"Sporting CP",alias,"Sporting"
resolved,"Daniel Wass","UEFA Europa League",2008,1,0,"Brondby",player_stats~,"Bröndby IF"
resolved,"Danilho Doekhi","Eredivisie",2018,20,0,"Vitesse",player_stats,""
resolved,"Danilho Doekhi","Eredivisie",2019,26,0,"Vitesse",player_stats,""
resolved,"Danilho Doekhi","Eredivisie",2020,32,1,"Vitesse",player_stats,""
resolved,"Danilho Doekhi","Eredivisie",2021,29,3,"Vitesse",player_stats,""
resolved,"Danilo","Primeira Liga",2011,6,0,"Porto",player_stats,""
resolved,"Danilo","Primeira Liga",2012,28,2,"Porto",player_stats,""
resolved,"Danilo","Primeira Liga",2013,28,3,"Porto",player_stats,""
resolved,"Danilo","Primeira Liga",2014,29,6,"Porto",player_stats,""
resolved,"Danilo Pereira","Eredivisie",2012,31,1,"Roda",teams~,"Roda JC"
resolved,"Danilo Pereira","Primeira Liga",2013,28,1,"Maritimo",player_stats,"Marítimo"
resolved,"Danilo Pereira","Primeira Liga",2014,29,3,"Maritimo",player_stats,"Marítimo"
resolved,"Danilo Pereira","Primeira Liga",2016,28,4,"Porto",player_stats,""
resolved,"Danilo Pereira","Primeira Liga",2017,19,1,"Porto",player_stats,""
resolved,"Danilo Pereira","Primeira Liga",2018,26,2,"Porto",player_stats,""
resolved,"Danilo Pereira","Primeira Liga",2019,26,2,"Porto",player_stats,""
resolved,"Danilo Pereira","Primeira Liga",2020,3,0,"Porto",player_stats,""
resolved,"Danilo Pereira","Saudi Pro League",2024,26,2,"Al-Ittihad FC",teams,"Al-Ittihad"
resolved,"Danilo Pereira","Saudi Pro League",2025,31,2,"Al-Ittihad FC",teams,"Al-Ittihad"
resolved,"Danny Ings","Championship",2012,32,3,"Burnley",player_stats,""
resolved,"Danny Ings","Championship",2013,40,20,"Burnley",player_stats,""
resolved,"Danny Ings","Championship",2025,23,2,"Sheffield Utd",alias,"Sheff Utd"
resolved,"Danny Welbeck","Championship",2009,8,2,"Preston",teams,""
resolved,"Dante","UEFA Europa League",2007,2,0,"Standard Liege",player_stats,"Standard Liège"
resolved,"Dara O'Shea","Championship",2019,17,3,"West Brom",player_stats,""
resolved,"Dara O'Shea","Championship",2021,14,2,"West Brom",player_stats,""
resolved,"Dara O'Shea","Championship",2022,37,2,"West Brom",player_stats,""
resolved,"Dara O'Shea","Championship",2024,2,1,"Burnley",player_stats,""
resolved,"Dara O'Shea","Championship",2025,46,1,"Ipswich",player_stats,""
resolved,"Dário Essugo","Primeira Liga",2024,2,0,"Sporting CP",alias,"Sporting"
resolved,"Darwin Núñez","Primeira Liga",2020,29,6,"Benfica",player_stats,""
resolved,"Darwin Núñez","Primeira Liga",2021,28,26,"Benfica",player_stats,""
resolved,"Darwin Núñez","Saudi Pro League",2025,16,6,"Al-Hilal Saudi FC",teams~,"Al-Hilal"
resolved,"David Affengruber","Bundesliga",2020,5,0,"FC Liefering",teams,""
resolved,"David Brooks","Championship",2017,30,3,"Sheffield Utd",alias,"Sheff Utd"
resolved,"David Brooks","Championship",2020,32,5,"Bournemouth",player_stats,""
resolved,"David Brooks","Championship",2021,7,1,"Bournemouth",player_stats,""
resolved,"David Brooks","Championship",2023,17,2,"Southampton",player_stats,""
resolved,"David Carmo","Primeira Liga",2019,18,0,"SC Braga",player_stats,"Braga"
resolved,"David Carmo","Primeira Liga",2020,12,0,"SC Braga",player_stats,"Braga"
resolved,"David Carmo","Primeira Liga",2021,12,0,"SC Braga",player_stats,"Braga"
resolved,"David Carmo","Primeira Liga",2023,7,0,"Porto",player_stats,""
resolved,"Dávid Hancko","Eredivisie",2022,31,2,"Feyenoord",player_stats,""
resolved,"Dávid Hancko","Eredivisie",2023,34,5,"Feyenoord",player_stats,""
resolved,"Dávid Hancko","Eredivisie",2024,32,3,"Feyenoord",player_stats,""
resolved,"David Neres","Eredivisie",2016,8,3,"Ajax",player_stats,""
resolved,"David Neres","Eredivisie",2017,32,14,"Ajax",player_stats,""
resolved,"David Neres","Eredivisie",2018,29,8,"Ajax",player_stats,""
resolved,"David Neres","Eredivisie",2019,12,6,"Ajax",player_stats,""
resolved,"David Neres","Eredivisie",2020,25,3,"Ajax",player_stats,""
resolved,"David Neres","Eredivisie",2021,15,3,"Ajax",player_stats,""
resolved,"David Neres","Primeira Liga",2022,31,6,"Benfica",player_stats,""
resolved,"David Neres","Primeira Liga",2023,24,5,"Benfica",player_stats,""
resolved,"Davie Selke","Süper Lig",2025,24,10,"Başakşehir",player_stats,"Basaksehir"
resolved,"Davinson Sánchez","Süper Lig",2023,23,2,"Galatasaray",player_stats,""
resolved,"Davinson Sánchez","Süper Lig",2024,31,3,"Galatasaray",player_stats,""
resolved,"Davinson Sánchez","Süper Lig",2025,30,1,"Galatasaray",player_stats,""
resolved,"Davy Klaassen","Eredivisie",2012,2,0,"Ajax",player_stats,""
resolved,"Davy Klaassen","Eredivisie",2013,26,10,"Ajax",player_stats,""
resolved,"Davy Klaassen","Eredivisie",2014,30,6,"Ajax",player_stats,""
resolved,"Davy Klaassen","Eredivisie",2015,31,13,"Ajax",player_stats,""
resolved,"Davy Klaassen","Eredivisie",2016,33,14,"Ajax",player_stats,""
resolved,"Davy Klaassen","Eredivisie",2020,29,12,"Ajax",player_stats,""
resolved,"Davy Klaassen","Eredivisie",2021,31,9,"Ajax",player_stats,""
resolved,"Davy Klaassen","Eredivisie",2022,33,8,"Ajax",player_stats,""
resolved,"Davy Klaassen","Eredivisie",2023,2,1,"Ajax",player_stats,""
resolved,"Davy Klaassen","Eredivisie",2024,31,8,"Ajax",player_stats,""
resolved,"Davy Klaassen","Eredivisie",2025,29,6,"Ajax",player_stats,""
resolved,"Davy Pröpper","Eredivisie",2009,11,0,"Vitesse",player_stats,""
resolved,"Davy Pröpper","Eredivisie",2010,29,3,"Vitesse",player_stats,""
resolved,"Davy Pröpper","Eredivisie",2011,16,1,"Vitesse",player_stats,""
resolved,"Davy Pröpper","Eredivisie",2012,14,0,"Vitesse",player_stats,""
resolved,"Davy Pröpper","Eredivisie",2013,33,6,"Vitesse",player_stats,""
resolved,"Davy Pröpper","Eredivisie",2014,30,5,"Vitesse",player_stats,""
resolved,"Davy Pröpper","Eredivisie",2016,34,6,"PSV Eindhoven",player_stats,""
resolved,"Davy Pröpper","Eredivisie",2021,9,1,"PSV Eindhoven",player_stats,""
resolved,"Davy Pröpper","Eredivisie",2022,2,0,"Vitesse",player_stats,""
resolved,"Davy Pröpper","Eredivisie",2023,2,0,"Vitesse",player_stats,""
resolved,"Dejan Lovren","UEFA Europa League",2008,5,1,"Dinamo Zagreb",player_stats,""
resolved,"Dele Alli","Süper Lig",2022,13,2,"Beşiktaş",player_stats,"Besiktas"
resolved,"Demarai Gray","Championship",2014,41,6,"Birmingham",player_stats,""
resolved,"Demarai Gray","Championship",2015,24,1,"Birmingham",player_stats,""
resolved,"Demarai Gray","Saudi Pro League",2023,23,4,"Al-Ettifaq",teams,""
resolved,"Demarai Gray","Saudi Pro League",2024,24,0,"Al-Ettifaq",teams,""
resolved,"Demarai Gray","Championship",2025,37,5,"Birmingham",player_stats,""
resolved,"Dennis Man","Eredivisie",2025,25,7,"PSV Eindhoven",player_stats~,"PSV"
resolved,"Dennis Praet","Championship",2023,17,0,"Leicester",player_stats,""
resolved,"Denzel Dumfries","Eredivisie",2016,31,1,"Sparta Rotterdam",teams,"Sparta R."
resolved,"Denzel Dumfries","Eredivisie",2019,25,7,"PSV Eindhoven",player_stats~,"PSV"
resolved,"Denzel Dumfries","Eredivisie",2020,30,2,"PSV Eindhoven",player_stats~,"PSV"
resolved,"Diadié Samassékou","Bundesliga",2016,27,0,"FC Liefering",teams,""
resolved,"Diego Carlos","Primeira Liga",2015,31,2,"Estoril",player_stats,""
resolved,"Diego Carlos","Süper Lig",2024,4,0,"Fenerbahçe",player_stats,""
resolved,"Diogo Dalot","Primeira Liga",2017,6,0,"Porto",player_stats,""
resolved,"Diogo Jota","Primeira Liga",2014,10,2,"Pacos Ferreira",player_stats,"Paços Ferreira"
resolved,"Diogo Jota","Primeira Liga",2015,31,12,"Pacos Ferreira",player_stats,"Paços Ferreira"
resolved,"Diogo Jota","Championship",2017,44,17,"Wolves",player_stats,""
resolved,"Diogo Leite","Primeira Liga",2019,9,0,"Porto",player_stats,""
resolved,"Diogo Leite","Primeira Liga",2020,19,1,"Porto",player_stats,""
resolved,"Djed Spence","Championship",2019,22,1,"Middlesbrough",player_stats,""
resolved,"Djed Spence","Championship",2020,38,1,"Middlesbrough",player_stats,""
resolved,"Djed Spence","Championship",2023,7,0,"Leeds",player_stats,""
resolved,"Dodi Lukébakio","Primeira Liga",2025,17,0,"Benfica",player_stats,""
resolved,"Dodô","Primeira Liga",2018,9,1,"Guimaraes",player_stats~,"Vit. Guimarães"
resolved,"Domagoj Vida","Süper Lig",2017,13,1,"Beşiktaş",player_stats,"Besiktas"
resolved,"Domagoj Vida","Süper Lig",2018,31,3,"Beşiktaş",player_stats,"Besiktas"
resolved,"Domagoj Vida","Süper Lig",2019,31,5,"Beşiktaş",player_stats,"Besiktas"
resolved,"Domagoj Vida","Süper Lig",2020,34,5,"Beşiktaş",player_stats,"Besiktas"
resolved,"Domagoj Vida","Süper Lig",2021,28,1,"Beşiktaş",player_stats,"Besiktas"
resolved,"Dominic Solanke","Eredivisie",2015,25,7,"Vitesse",player_stats,""
resolved,"Dominic Solanke","Championship",2020,40,15,"Bournemouth",player_stats,""
resolved,"Dominic Solanke","Championship",2021,46,29,"Bournemouth",player_stats,""
resolved,"Dominik Szoboszlai","Bundesliga",2017,1,0,"FC Liefering",teams,""
resolved,"Dominik Szoboszlai","Bundesliga",2020,12,4,"RB Leipzig",player_stats,"Leipzig"
resolved,"Donny van de Beek","Eredivisie",2015,8,0,"Ajax",player_stats,""
resolved,"Donny van de Beek","Eredivisie",2016,19,0,"Ajax",player_stats,""
resolved,"Donny van de Beek","Eredivisie",2017,34,11,"Ajax",player_stats,""
resolved,"Donny van de Beek","Eredivisie",2018,34,9,"Ajax",player_stats,""
resolved,"Donny van de Beek","Eredivisie",2019,23,8,"Ajax",player_stats,""
resolved,"Donyell Malen","Eredivisie",2018,31,10,"PSV Eindhoven",player_stats~,"PSV"
resolved,"Donyell Malen","Eredivisie",2019,14,11,"PSV Eindhoven",player_stats~,"PSV"
resolved,"Donyell Malen","Eredivisie",2020,32,19,"PSV Eindhoven",player_stats~,"PSV"
resolved,"Dries Mertens","Eredivisie",2010,31,10,"Utrecht",player_stats,"FC Utrecht"
resolved,"Dries Mertens","Eredivisie",2012,29,16,"PSV Eindhoven",player_stats,""
resolved,"Dries Mertens","Süper Lig",2022,30,6,"Galatasaray",player_stats,""
resolved,"Dries Mertens","Süper Lig",2023,36,9,"Galatasaray",player_stats,""
resolved,"Dries Mertens","Süper Lig",2024,34,5,"Galatasaray",player_stats,""
resolved,"Duje Caleta-Car","Bundesliga",2014,7,0,"FC Liefering",teams,""
resolved,"Dušan Tadić","Eredivisie",2010,34,7,"Groningen",player_stats,"FC Groningen"
resolved,"Dušan Tadić","Eredivisie",2011,34,7,"Groningen",player_stats,"FC Groningen"
resolved,"Dušan Tadić","Eredivisie",2013,33,16,"Twente",player_stats,"FC Twente"
resolved,"Dušan Tadić","Eredivisie",2018,34,28,"Ajax",player_stats,""
resolved,"Dušan Tadić","Eredivisie",2019,25,11,"Ajax",player_stats,""
resolved,"Dušan Tadić","Eredivisie",2020,34,14,"Ajax",player_stats,""
resolved,"Dušan Tadić","Eredivisie",2021,34,13,"Ajax",player_stats,""
resolved,"Dušan Tadić","Eredivisie",2022,34,11,"Ajax",player_stats,""
resolved,"Dušan Tadić","Süper Lig",2023,38,10,"Fenerbahçe",player_stats,""
resolved,"Dušan Tadić","Süper Lig",2024,35,11,"Fenerbahçe",player_stats,""
resolved,"Dwight Gayle","Championship",2016,32,23,"Newcastle",player_stats,""
resolved,"Dwight Gayle","Championship",2018,39,23,"West Brom",player_stats,""
resolved,"Dwight Gayle","Championship",2022,35,3,"Stoke City",player_stats,""
resolved,"Eberechi Eze","Championship",2018,42,4,"QPR",player_stats,""
resolved,"Eberechi Eze","Championship",2019,46,14,"QPR",player_stats,""
resolved,"Eddie Nketiah","Championship",2019,17,3,"Leeds",player_stats,""
resolved,"Éder Militão","Primeira Liga",2018,29,3,"Porto",player_stats,""
resolved,"Edin Dzeko","UEFA Europa League",2003,1,0,"Zeljeznicar Sarajevo",player_stats~,"Zeljeznicar"
resolved,"Edin Dzeko","UEFA Europa League",2008,8,4,"VfL Wolfsburg",player_stats~,"Wolfsburg"
resolved,"Edin Dzeko","Süper Lig",2023,36,21,"Fenerbahçe",player_stats,""
resolved,"Edin Dzeko","Süper Lig",2024,35,14,"Fenerbahçe",player_stats,""
resolved,"Edinson Cavani","UEFA Europa League",2007,2,0,"Palermo",player_stats~,"US Palermo"
resolved,"Edmond Tapsoba","Primeira Liga",2019,16,4,"Guimaraes",player_stats~,"Vit. Guimarães"
resolved,"Edoardo Bove","Championship",2025,11,1,"Watford",player_stats,""
resolved,"Edson Álvarez","Eredivisie",2019,12,0,"Ajax",player_stats,""
resolved,"Edson Álvarez","Eredivisie",2020,24,2,"Ajax",player_stats,""
resolved,"Edson Álvarez","Eredivisie",2021,31,5,"Ajax",player_stats,""
resolved,"Edson Álvarez","Eredivisie",2022,31,3,"Ajax",player_stats,""
resolved,"Edson Álvarez","Süper Lig",2025,12,0,"Fenerbahçe",player_stats,""
resolved,"Eduardo Quaresma","Primeira Liga",2019,9,0,"Sporting CP",alias,"Sporting"
resolved,"Eduardo Quaresma","Primeira Liga",2020,2,0,"Sporting CP",alias,"Sporting"
resolved,"Eduardo Quaresma","Primeira Liga",2023,20,1,"Sporting CP",alias,"Sporting"
resolved,"Eduardo Quaresma","Primeira Liga",2024,20,1,"Sporting CP",alias,"Sporting"
resolved,"Eduardo Quaresma","Primeira Liga",2025,16,2,"Sporting CP",alias,"Sporting"
resolved,"Eduardo Salvio","Primeira Liga",2010,19,4,"Benfica",player_stats,""
resolved,"Eduardo Salvio","Primeira Liga",2012,29,10,"Benfica",player_stats,""
resolved,"Eduardo Salvio","Primeira Liga",2013,12,0,"Benfica",player_stats,""
resolved,"Eduardo Salvio","Primeira Liga",2014,29,9,"Benfica",player_stats,""
resolved,"Eduardo Salvio","Primeira Liga",2015,8,0,"Benfica",player_stats,""
resolved,"Eduardo Salvio","Primeira Liga",2016,29,4,"Benfica",player_stats,""
resolved,"Eduardo Salvio","Primeira Liga",2017,26,9,"Benfica",player_stats,""
resolved,"Eduardo Salvio","Primeira Liga",2018,14,2,"Benfica",player_stats,""
resolved,"Eliaquim Mangala","UEFA Europa League",2008,3,0,"Standard Liege",player_stats,"Standard Liège"
resolved,"Eliaquim Mangala","Primeira Liga",2011,7,0,"Porto",player_stats,""
resolved,"Eliaquim Mangala","Primeira Liga",2012,23,4,"Porto",player_stats,""
resolved,"Eliaquim Mangala","Primeira Liga",2013,21,2,"Porto",player_stats,""
resolved,"Eliaquim Mangala","Primeira Liga",2023,17,1,"Estoril",player_stats,""
resolved,"Eliaquim Mangala","Primeira Liga",2024,9,0,"Estoril",player_stats,""
resolved,"Eliezer Mayenda","Championship",2023,8,0,"Sunderland",player_stats,""
resolved,"Eliezer Mayenda","Championship",2024,37,8,"Sunderland",player_stats,""
resolved,"Eljif Elmas","Süper Lig",2018,29,4,"Fenerbahçe",player_stats,""
resolved,"El Touré","Süper Lig",2025,22,5,"Beşiktaş",player_stats,"Besiktas"
resolved,"Emile Smith Rowe","Championship",2019,19,2,"Huddersfield",player_stats,""
resolved,"Emiliano Buendía","Championship",2018,38,8,"Norwich",player_stats,""
resolved,"Emiliano Buendía","Championship",2020,39,15,"Norwich",player_stats,""
resolved,"Emmanuel Agbadou","Süper Lig",2025,13,1,"Beşiktaş",player_stats,"Besiktas"
resolved,"Emmanuel Dennis","Süper Lig",2023,8,0,"Başakşehir",player_stats,"Basaksehir"
resolved,"Emmanuel Emegha","Eredivisie",2020,16,1,"Sparta Rotterdam",teams,"Sparta R."
resolved,"Emmanuel Emegha","Eredivisie",2021,19,2,"Sparta Rotterdam",teams,"Sparta R."
resolved,"Emmanuel Latte Lath","Championship",2023,30,16,"Middlesbrough",player_stats,""
resolved,"Emmanuel Latte Lath","Championship",2024,29,11,"Middlesbrough",player_stats,""
resolved,"Enes Ünal","Süper Lig",2013,16,3,"Bursaspor",player_stats,""
resolved,"Enes Ünal","Süper Lig",2014,19,1,"Bursaspor",player_stats,""
resolved,"Enes Ünal","Eredivisie",2016,32,18,"Twente",player_stats,"FC Twente"
resolved,"Enzo Fernández","Primeira Liga",2022,17,1,"Benfica",player_stats,""
resolved,"Enzo Le Fée","Championship",2024,15,1,"Sunderland",player_stats,""
resolved,"Enzo Millot","Saudi Pro League",2025,24,3,"Al-Ahli Jeddah",teams~,"Al-Ahli"
resolved,"Enzo Pérez","Primeira Liga",2011,3,0,"Benfica",player_stats,""
resolved,"Enzo Pérez","Primeira Liga",2012,28,4,"Benfica",player_stats,""
resolved,"Enzo Pérez","Primeira Liga",2013,28,4,"Benfica",player_stats,""
resolved,"Enzo Pérez","Primeira Liga",2014,11,1,"Benfica",player_stats,""
resolved,"Eric Bailly","Süper Lig",2023,5,0,"Beşiktaş",player_stats,"Besiktas"
resolved,"Eric Choupo-Moting","UEFA Europa League",2007,5,1,"Hamburger SV",alias,"Hamburg"
resolved,"Eric Dier","Primeira Liga",2012,14,1,"Sporting CP",alias,"Sporting"
resolved,"Eric Dier","Primeira Liga",2013,14,0,"Sporting CP",alias,"Sporting"
resolved,"Erick Pulgar","Süper Lig",2021,11,0,"Galatasaray",player_stats,""
resolved,"Ernest Poku","Eredivisie",2023,21,1,"AZ Alkmaar",player_stats,""
resolved,"Ernest Poku","Eredivisie",2024,23,2,"AZ Alkmaar",player_stats,""
resolved,"Ernest Poku","Eredivisie",2025,1,0,"AZ Alkmaar",player_stats,""
resolved,"Ethan Ampadu","Championship",2023,46,0,"Leeds",player_stats,""
resolved,"Ethan Ampadu","Championship",2024,29,0,"Leeds",player_stats,""
resolved,"Ethan Pinnock","Championship",2020,39,1,"Brentford",player_stats,""
resolved,"Étienne Capoue","UEFA Europa League",2007,1,0,"Toulouse",player_stats,""
resolved,"Étienne Capoue","Championship",2020,11,0,"Watford",player_stats,""
resolved,"Fábio Carvalho","Championship",2021,36,10,"Fulham",player_stats,""
resolved,"Fábio Carvalho","Championship",2023,20,9,"Hull City",player_stats,""
resolved,"Fábio Silva","Primeira Liga",2019,12,1,"Porto",player_stats,""
resolved,"Fábio Silva","Eredivisie",2022,14,4,"PSV Eindhoven",player_stats~,"PSV"
resolved,"Faouzi Ghoulam","Süper Lig",2023,21,1,"Hatayspor",teams,""
resolved,"Federico Fazio","UEFA Europa League",2008,3,0,"Sevilla",player_stats,"Sevilla FC"
resolved,"Fedor Smolov","Eredivisie",2010,11,1,"Feyenoord",player_stats,""
resolved,"Felipe","Primeira Liga",2016,32,2,"Porto",player_stats,"FC Porto"
resolved,"Felipe","Primeira Liga",2017,30,3,"Porto",player_stats,"FC Porto"
resolved,"Felipe","Primeira Liga",2018,31,1,"Porto",player_stats,"FC Porto"
resolved,"Felipe Anderson","Primeira Liga",2020,5,0,"Porto",player_stats,""
resolved,"Felix Uduokhai","Süper Lig",2024,26,0,"Beşiktaş",player_stats,"Besiktas"
resolved,"Felix Uduokhai","Süper Lig",2025,15,0,"Beşiktaş",player_stats,"Besiktas"
resolved,"Ferdi Kadıoğlu","Eredivisie",2016,27,4,"NEC Nijmegen",teams,""
resolved,"Ferdi Kadıoğlu","Süper Lig",2019,23,4,"Fenerbahçe",player_stats,""
resolved,"Ferdi Kadıoğlu","Süper Lig",2020,26,1,"Fenerbahçe",player_stats,""
resolved,"Ferdi Kadıoğlu","Süper Lig",2021,28,2,"Fenerbahçe",player_stats,""
resolved,"Ferdi Kadıoğlu","Süper Lig",2022,32,3,"Fenerbahçe",player_stats,""
resolved,"Ferdi Kadıoğlu","Süper Lig",2023,37,1,"Fenerbahçe",player_stats,""
resolved,"Ferdi Kadıoğlu","Süper Lig",2024,2,0,"Fenerbahçe",player_stats,""
resolved,"Fernando","Primeira Liga",2008,25,0,"Porto",player_stats,"FC Porto"
resolved,"Fernando","UEFA Champions League",2008,10,0,"Porto",player_stats,"FC Porto"
resolved,"Fernando","UEFA Champions League",2009,6,0,"Porto",player_stats,"FC Porto"
resolved,"Fernando","Primeira Liga",2009,25,0,"Porto",player_stats,"FC Porto"
resolved,"Fernando","Primeira Liga",2010,21,0,"Porto",player_stats,"FC Porto"
resolved,"Fernando","Primeira Liga",2011,22,1,"Porto",player_stats,"FC Porto"
resolved,"Fernando","Primeira Liga",2012,24,1,"Porto",player_stats,"FC Porto"
resolved,"Fernando","Primeira Liga",2013,25,0,"Porto",player_stats,"FC Porto"
resolved,"Fernando","Süper Lig",2017,25,2,"Galatasaray",player_stats,""
resolved,"Fernando","Süper Lig",2018,22,2,"Galatasaray",player_stats,""
resolved,"Fikayo Tomori","Championship",2016,9,0,"Brighton",player_stats,""
resolved,"Fikayo Tomori","Championship",2017,25,0,"Hull City",player_stats,""
resolved,"Fikayo Tomori","Championship",2018,44,1,"Derby County",player_stats~,"Derby"
resolved,"Filip Kostić","Eredivisie",2012,5,0,"Groningen",player_stats,"FC Groningen"
resolved,"Filip Kostić","Eredivisie",2013,34,9,"Groningen",player_stats,"FC Groningen"
resolved,"Filip Kostić","Süper Lig",2024,27,1,"Fenerbahçe",player_stats,""
resolved,"Finn Azaz","Championship",2024,45,12,"Middlesbrough",player_stats,""
resolved,"Florentino","Primeira Liga",2018,11,1,"Benfica",player_stats,""
resolved,"Florentino","Primeira Liga",2019,10,0,"Benfica",player_stats,""
resolved,"Florentino","Primeira Liga",2022,33,0,"Benfica",player_stats,""
resolved,"Florentino","Primeira Liga",2023,30,0,"Benfica",player_stats,""
resolved,"Florentino","Primeira Liga",2024,26,2,"Benfica",player_stats,""
resolved,"Florentino","Primeira Liga",2025,3,0,"Benfica",player_stats,""
resolved,"Florian Grillitsch","Eredivisie",2022,10,0,"Ajax",player_stats,""
resolved,"Florian Grillitsch","Primeira Liga",2025,20,1,"SC Braga",player_stats,"Braga"
resolved,"Flynn Downes","Championship",2018,29,1,"Ipswich",player_stats,""
resolved,"Flynn Downes","Championship",2023,33,2,"Southampton",player_stats,""
resolved,"Flynn Downes","Championship",2025,36,3,"Southampton",player_stats,""
resolved,"Folarin Balogun","Championship",2021,18,3,"Middlesbrough",player_stats,""
resolved,"Francisco Conceição","Primeira Liga",2020,14,0,"Porto",player_stats,""
resolved,"Francisco Conceição","Primeira Liga",2021,25,2,"Porto",player_stats,""
resolved,"Francisco Conceição","Eredivisie",2022,19,0,"Ajax",player_stats,""
resolved,"Francisco Conceição","Primeira Liga",2023,27,5,"Porto",player_stats,""
resolved,"Francis Coquelin","Championship",2014,5,0,"Charlton",player_stats,""
resolved,"Francisco Trincão","Primeira Liga",2018,6,0,"SC Braga",player_stats,"Braga"
resolved,"Francisco Trincão","Primeira Liga",2019,27,8,"SC Braga",player_stats,"Braga"
resolved,"Francisco Trincão","Primeira Liga",2022,34,10,"Sporting CP",alias,"Sporting"
resolved,"Francisco Trincão","Primeira Liga",2023,31,9,"Sporting CP",alias,"Sporting"
resolved,"Francisco Trincão","Primeira Liga",2024,34,9,"Sporting CP",alias,"Sporting"
resolved,"Francisco Trincão","Primeira Liga",2025,34,7,"Sporting CP",alias,"Sporting"
resolved,"Franck Kessié","Saudi Pro League",2023,31,10,"Al-Ahli Jeddah",teams~,"Al-Ahli"
resolved,"Franck Kessié","Saudi Pro League",2024,30,2,"Al-Ahli Jeddah",teams~,"Al-Ahli"
resolved,"Franck Kessié","Saudi Pro League",2025,26,5,"Al-Ahli Jeddah",teams~,"Al-Ahli"
resolved,"Frank Anguissa","Championship",2021,3,0,"Fulham",player_stats,""
resolved,"Fred","Süper Lig",2023,25,3,"Fenerbahçe",player_stats,""
resolved,"Fred","Süper Lig",2024,31,5,"Fenerbahçe",player_stats,""
resolved,"Fred","Süper Lig",2025,30,3,"Fenerbahçe",player_stats,""
resolved,"Frenkie de Jong","Eredivisie",2016,4,1,"Ajax",player_stats,""
resolved,"Frenkie de Jong","Eredivisie",2017,22,0,"Ajax",player_stats,""
resolved,"Frenkie de Jong","Eredivisie",2018,31,3,"Ajax",player_stats,""
resolved,"Gabriel Barbosa","Primeira Liga",2017,1,0,"Benfica",player_stats,""
resolved,"Gabriel Gudmundsson","Eredivisie",2019,11,2,"Groningen",player_stats,"FC Groningen"
resolved,"Gabriel Gudmundsson","Eredivisie",2020,23,0,"Groningen",player_stats,"FC Groningen"
resolved,"Gabriel Gudmundsson","Eredivisie",2021,3,0,"Groningen",player_stats,"FC Groningen"
resolved,"Gabriel Moscardo","Primeira Liga",2025,23,0,"SC Braga",player_stats,"Braga"
resolved,"Gabriel Pires","Primeira Liga",2018,17,0,"Benfica",player_stats,""
resolved,"Gabriel Pires","Primeira Liga",2019,22,2,"Benfica",player_stats,""
resolved,"Gabriel Pires","Primeira Liga",2020,20,1,"Benfica",player_stats,""
resolved,"Gabri Veiga","Saudi Pro League",2023,18,4,"Al-Ahli Jeddah",teams~,"Al-Ahli"
resolved,"Gabri Veiga","Saudi Pro League",2024,32,7,"Al-Ahli Jeddah",teams~,"Al-Ahli"
resolved,"Gabri Veiga","Primeira Liga",2025,31,3,"Porto",player_stats,""
resolved,"Gastón Pereiro","Eredivisie",2016,30,10,"PSV Eindhoven",player_stats~,"PSV"
resolved,"Gastón Pereiro","Eredivisie",2017,28,11,"PSV Eindhoven",player_stats~,"PSV"
resolved,"Gastón Pereiro","Eredivisie",2018,27,10,"PSV Eindhoven",player_stats~,"PSV"
resolved,"Gastón Pereiro","Eredivisie",2019,4,2,"PSV Eindhoven",player_stats~,"PSV"
resolved,"Gedson Fernandes","Primeira Liga",2018,22,0,"Benfica",player_stats,""
resolved,"Gedson Fernandes","Primeira Liga",2019,7,0,"Benfica",player_stats,""
resolved,"Gedson Fernandes","Süper Lig",2020,17,0,"Galatasaray",player_stats,""
resolved,"Gedson Fernandes","Süper Lig",2021,11,3,"Rizespor",teams~,"C. Rizespor"
resolved,"Gedson Fernandes","Primeira Liga",2021,3,0,"Benfica",player_stats,""
resolved,"Gedson Fernandes","Süper Lig",2022,33,3,"Beşiktaş",player_stats,"Besiktas"
resolved,"Gedson Fernandes","Süper Lig",2023,29,3,"Beşiktaş",player_stats,"Besiktas"
resolved,"Gedson Fernandes","Süper Lig",2024,34,7,"Beşiktaş",player_stats,"Besiktas"
resolved,"Gelson Martins","Primeira Liga",2015,29,4,"Sporting CP",alias,"Sporting"
resolved,"Gelson Martins","Primeira Liga",2016,32,6,"Sporting CP",alias,"Sporting"
resolved,"Gelson Martins","Primeira Liga",2017,31,8,"Sporting CP",alias,"Sporting"
resolved,"George Ilenikhena","Saudi Pro League",2025,2,0,"Al-Ittihad FC",teams,"Al-Ittihad"
resolved,"Georges Mikautadze","Eredivisie",2023,6,0,"Ajax",player_stats,""
resolved,"Georginio Rutter","Championship",2023,45,6,"Leeds",player_stats,""
resolved,"Georginio Rutter","Championship",2024,1,0,"Leeds",player_stats,""
resolved,"Georginio Wijnaldum","Eredivisie",2007,10,1,"Feyenoord",player_stats,""
resolved,"Georginio Wijnaldum","Eredivisie",2008,33,4,"Feyenoord",player_stats,""
resolved,"Georginio Wijnaldum","UEFA Europa League",2008,6,1,"Feyenoord",player_stats,""
resolved,"Georginio Wijnaldum","Eredivisie",2009,31,4,"Feyenoord",player_stats,""
resolved,"Georginio Wijnaldum","Eredivisie",2010,34,14,"Feyenoord",player_stats,""
resolved,"Georginio Wijnaldum","Eredivisie",2012,33,14,"PSV Eindhoven",player_stats~,"PSV"
resolved,"Georginio Wijnaldum","Eredivisie",2013,11,4,"PSV Eindhoven",player_stats~,"PSV"
resolved,"Georginio Wijnaldum","Eredivisie",2014,33,14,"PSV Eindhoven",player_stats~,"PSV"
resolved,"Georginio Wijnaldum","Saudi Pro League",2023,29,6,"Al-Ettifaq",teams,""
resolved,"Georginio Wijnaldum","Saudi Pro League",2024,34,14,"Al-Ettifaq",teams,""
resolved,"Georginio Wijnaldum","Saudi Pro League",2025,33,16,"Al-Ettifaq",teams,""
resolved,"Gianluca Scamacca","Eredivisie",2018,8,0,"PEC Zwolle",player_stats,""
resolved,"Giannelli Imbula","Primeira Liga",2015,10,0,"Porto",player_stats,"FC Porto"
resolved,"Giannelli Imbula","Primeira Liga",2021,9,0,"Portimonense",teams,""
resolved,"Glen Kamara","Championship",2023,37,0,"Leeds",player_stats,""
resolved,"Gökhan Inler","UEFA Europa League",2008,12,2,"Udinese",player_stats,""
resolved,"Gökhan Inler","Süper Lig",2016,14,0,"Beşiktaş",player_stats,"Besiktas"
resolved,"Gökhan Inler","Süper Lig",2018,12,0,"Başakşehir",player_stats,"Basaksehir"
resolved,"Gökhan Inler","Süper Lig",2019,10,0,"Başakşehir",player_stats,"Basaksehir"
resolved,"Gökhan Inler","Süper Lig",2021,30,1,"Adana Demirspor",teams,""
resolved,"Gökhan Inler","Süper Lig",2022,28,2,"Adana Demirspor",teams,""
resolved,"Gökhan Töre","Süper Lig",2013,30,4,"Beşiktaş",player_stats,"Besiktas"
resolved,"Gökhan Töre","Süper Lig",2014,28,4,"Beşiktaş",player_stats,"Besiktas"
resolved,"Gökhan Töre","Süper Lig",2015,24,4,"Beşiktaş",player_stats,"Besiktas"
resolved,"Gökhan Töre","Süper Lig",2017,1,0,"Beşiktaş",player_stats,"Besiktas"
resolved,"Gökhan Töre","Süper Lig",2018,2,0,"Beşiktaş",player_stats,"Besiktas"
resolved,"Gökhan Töre","Süper Lig",2021,12,0,"Beşiktaş",player_stats,"Besiktas"
resolved,"Gonçalo Guedes","Primeira Liga",2014,5,0,"Benfica",player_stats,""
resolved,"Gonçalo Guedes","Primeira Liga",2015,18,3,"Benfica",player_stats,""
resolved,"Gonçalo Guedes","Primeira Liga",2016,16,2,"Benfica",player_stats,""
resolved,"Gonçalo Guedes","Primeira Liga",2022,12,1,"Benfica",player_stats,""
resolved,"Gonçalo Guedes","Primeira Liga",2023,9,0,"Benfica",player_stats,""
resolved,"Gonçalo Paciência","Primeira Liga",2025,12,3,"Santa Clara",teams,""
resolved,"Gonçalo Ramos","Primeira Liga",2020,4,2,"Benfica",player_stats,""
resolved,"Gonçalo Ramos","Primeira Liga",2021,29,7,"Benfica",player_stats,""
resolved,"Gonçalo Ramos","Primeira Liga",2022,30,19,"Benfica",player_stats,""
resolved,"Gustavo Hamer","Eredivisie",2016,2,0,"Feyenoord",player_stats,""
resolved,"Gustavo Hamer","Eredivisie",2019,25,4,"PEC Zwolle",player_stats,""
resolved,"Gustavo Hamer","Championship",2020,42,5,"Coventry City",player_stats~,"Coventry"
resolved,"Gustavo Hamer","Championship",2021,39,3,"Coventry City",player_stats~,"Coventry"
resolved,"Gustavo Hamer","Championship",2022,41,9,"Coventry City",player_stats~,"Coventry"
resolved,"Gustavo Hamer","Championship",2024,41,9,"Sheffield Utd",alias,"Sheff Utd"
resolved,"Gustavo Hamer","Championship",2025,37,5,"Sheffield Utd",alias,"Sheff Utd"
resolved,"Guus Til","Eredivisie",2016,10,2,"AZ Alkmaar",player_stats,""
resolved,"Guus Til","Eredivisie",2017,33,9,"AZ Alkmaar",player_stats,""
resolved,"Guus Til","Eredivisie",2018,33,12,"AZ Alkmaar",player_stats,""
resolved,"Guus Til","Eredivisie",2021,32,15,"Feyenoord",player_stats,""
resolved,"Guus Til","Eredivisie",2022,30,9,"PSV Eindhoven",player_stats~,"PSV"
resolved,"Guus Til","Eredivisie",2023,30,10,"PSV Eindhoven",player_stats~,"PSV"
resolved,"Guus Til","Eredivisie",2024,32,10,"PSV Eindhoven",player_stats~,"PSV"
resolved,"Guus Til","Eredivisie",2025,29,14,"PSV Eindhoven",player_stats~,"PSV"
resolved,"Gylfi Sigurdsson","Championship",2009,38,16,"Reading",player_stats,""
resolved,"Gylfi Sigurdsson","Championship",2010,4,2,"Reading",player_stats,""
resolved,"Haji Wright","Süper Lig",2021,32,14,"Antalyaspor",teams,""
resolved,"Haji Wright","Süper Lig",2022,28,15,"Antalyaspor",teams,""
resolved,"Haji Wright","Championship",2023,44,16,"Coventry City",player_stats~,"Coventry"
resolved,"Haji Wright","Championship",2024,27,12,"Coventry City",player_stats~,"Coventry"
resolved,"Haji Wright","Championship",2025,40,17,"Coventry City",player_stats~,"Coventry"
resolved,"Hakim Ziyech","Eredivisie",2012,3,0,"Heerenveen",player_stats,""
resolved,"Hakim Ziyech","Eredivisie",2013,31,9,"Heerenveen",player_stats,""
resolved,"Hakim Ziyech","Eredivisie",2015,33,17,"Twente",player_stats,"FC Twente"
resolved,"Hakim Ziyech","Eredivisie",2017,34,9,"Ajax",player_stats,""
resolved,"Hakim Ziyech","Eredivisie",2018,29,16,"Ajax",player_stats,""
resolved,"Hakim Ziyech","Eredivisie",2019,21,6,"Ajax",player_stats,""
resolved,"Hakim Ziyech","Süper Lig",2023,18,6,"Galatasaray",player_stats,""
resolved,"Hannibal","Championship",2022,38,1,"Birmingham",player_stats,""
resolved,"Hannibal","Championship",2024,37,1,"Burnley",player_stats,""
resolved,"Hans Hateboer","Eredivisie",2013,14,0,"Groningen",player_stats,"FC Groningen"
resolved,"Hans Hateboer","Eredivisie",2014,23,0,"Groningen",player_stats,"FC Groningen"
resolved,"Hans Hateboer","Eredivisie",2015,31,0,"Groningen",player_stats,"FC Groningen"
resolved,"Hans Hateboer","Eredivisie",2016,19,1,"Groningen",player_stats,"FC Groningen"
resolved,"Harrison Reed","Championship",2017,39,1,"Norwich",player_stats,""
resolved,"Harrison Reed","Championship",2018,33,3,"Blackburn",player_stats,""
resolved,"Harrison Reed","Championship",2019,25,0,"Fulham",player_stats,""
resolved,"Harrison Reed","Championship",2021,39,0,"Fulham",player_stats,""
resolved,"Harry Kane","Championship",2011,22,7,"Millwall",teams,""
resolved,"Harry Kane","Championship",2012,13,2,"Leicester",player_stats,""
resolved,"Harry Maguire","Championship",2015,22,0,"Hull City",player_stats,""
resolved,"Harry Souttar","Championship",2021,16,0,"Stoke City",player_stats,""
resolved,"Harry Souttar","Championship",2022,7,0,"Stoke City",player_stats,""
resolved,"Harry Souttar","Championship",2023,3,0,"Leicester",player_stats,""
resolved,"Harry Souttar","Championship",2024,21,0,"Sheffield Utd",alias,"Sheff Utd"
resolved,"Harry Souttar","Championship",2025,2,1,"Leicester",player_stats,""
resolved,"Harry Wilson","Championship",2017,13,7,"Hull City",player_stats,""
resolved,"Harry Wilson","Championship",2018,40,15,"Derby County",player_stats~,"Derby"
resolved,"Harry Wilson","Championship",2021,41,10,"Fulham",player_stats,""
resolved,"Harry Winks","Championship",2023,45,2,"Leicester",player_stats,""
resolved,"Harry Winks","Championship",2025,34,1,"Leicester",player_stats,""
resolved,"Harvey Barnes","Championship",2017,23,5,"Barnsley",player_stats,""
resolved,"Harvey Barnes","Championship",2018,26,9,"West Brom",player_stats,""
resolved,"Harvey Elliott","Championship",2020,41,7,"Blackburn",player_stats,""
resolved,"Héctor Bellerín","Championship",2013,8,0,"Watford",player_stats,""
resolved,"Héctor Bellerín","Primeira Liga",2022,10,1,"Sporting CP",alias,"Sporting"
resolved,"Héctor Herrera","Primeira Liga",2013,17,3,"Porto",player_stats,""
resolved,"Héctor Herrera","Primeira Liga",2014,33,3,"Porto",player_stats,""
resolved,"Héctor Herrera","Primeira Liga",2015,29,9,"Porto",player_stats,""
resolved,"Héctor Herrera","Primeira Liga",2016,23,2,"Porto",player_stats,""
resolved,"Héctor Herrera","Primeira Liga",2017,29,3,"Porto",player_stats,""
resolved,"Héctor Herrera","Primeira Liga",2018,33,6,"Porto",player_stats,""
resolved,"Hee-chan Hwang","Bundesliga",2015,13,0,"FC Liefering",teams,""
resolved,"Hélder Costa","Championship",2016,35,10,"Wolves",player_stats,""
resolved,"Hélder Costa","Championship",2017,36,5,"Wolves",player_stats,""
resolved,"Hélder Costa","Championship",2019,43,4,"Leeds",player_stats,""
resolved,"Hélder Costa","Saudi Pro League",2022,18,3,"Al-Ittihad FC",teams,"Al-Ittihad"
resolved,"Hicham Boudaoui","Ligue 1",2017,7,0,"Paradou AC",teams,""
resolved,"Hicham Boudaoui","Ligue 1",2018,30,1,"Paradou AC",teams,""
resolved,"Hirving Lozano","Eredivisie",2017,29,17,"PSV Eindhoven",player_stats~,"PSV"
resolved,"Hirving Lozano","Eredivisie",2018,30,17,"PSV Eindhoven",player_stats~,"PSV"
resolved,"Hirving Lozano","Eredivisie",2019,1,0,"PSV Eindhoven",player_stats~,"PSV"
resolved,"Hirving Lozano","Eredivisie",2023,24,6,"PSV Eindhoven",player_stats~,"PSV"
resolved,"Hirving Lozano","Eredivisie",2024,9,4,"PSV Eindhoven",player_stats~,"PSV"
resolved,"Houssem Aouar","Saudi Pro League",2024,30,12,"Al-Ittihad FC",teams,"Al-Ittihad"
resolved,"Houssem Aouar","Saudi Pro League",2025,23,8,"Al-Ittihad FC",teams,"Al-Ittihad"
resolved,"Hulk","Primeira Liga",2008,25,8,"Porto",player_stats,""
resolved,"Hulk","Primeira Liga",2009,19,5,"Porto",player_stats,""
resolved,"Hulk","Primeira Liga",2010,26,23,"Porto",player_stats,""
resolved,"Hulk","Primeira Liga",2011,26,16,"Porto",player_stats,""
resolved,"Hulk","UEFA Champions League",2011,6,4,"Porto",player_stats,""
resolved,"Hulk","UEFA Champions League",2012,5,1,"Porto",player_stats,""
resolved,"Hulk","Primeira Liga",2012,3,2,"Porto",player_stats,""
resolved,"Hulk","UEFA Champions League",2013,8,4,"Zenit",player_stats~,"Zenit S-Pb"
resolved,"Hulk","UEFA Champions League",2014,6,1,"Zenit",player_stats~,"Zenit S-Pb"
resolved,"Hulk","UEFA Champions League",2015,7,4,"Zenit",player_stats~,"Zenit S-Pb"
resolved,"Ian Maatsen","Championship",2021,40,3,"Coventry City",player_stats~,"Coventry"
resolved,"Ian Maatsen","Championship",2022,39,4,"Burnley",player_stats,""
resolved,"Ibrahim Osman","Eredivisie",2024,22,3,"Feyenoord",player_stats,""
resolved,"Ibrahim Osman","Championship",2025,17,2,"Birmingham",player_stats,""
resolved,"Ibrahim Sangaré","Eredivisie",2020,29,1,"PSV Eindhoven",player_stats~,"PSV"
resolved,"Ibrahim Sangaré","Eredivisie",2021,29,3,"PSV Eindhoven",player_stats~,"PSV"
resolved,"Ibrahim Sangaré","Eredivisie",2022,29,5,"PSV Eindhoven",player_stats~,"PSV"
resolved,"Ibrahim Sangaré","Eredivisie",2023,2,0,"PSV Eindhoven",player_stats~,"PSV"
resolved,"Igor Julio","Bundesliga",2016,1,0,"FC Liefering",teams,""
resolved,"Igor Julio","Bundesliga",2017,15,0,"FC Liefering",teams,""
resolved,"Igor Paixão","Eredivisie",2022,28,7,"Feyenoord",player_stats,""
resolved,"Igor Paixão","Eredivisie",2023,31,9,"Feyenoord",player_stats,""
resolved,"Igor Paixão","Eredivisie",2024,34,16,"Feyenoord",player_stats,""
resolved,"Iliman Ndiaye","Championship",2021,30,7,"Sheffield Utd",alias,"Sheff Utd"
resolved,"Iliman Ndiaye","Championship",2022,46,14,"Sheffield Utd",alias,"Sheff Utd"
resolved,"Iñigo Martínez","Saudi Pro League",2025,31,3,"Al-Nassr",teams,""
resolved,"Islam Slimani","Ligue 1",2009,29,8,"CR Belouizdad",teams,""
resolved,"Islam Slimani","Ligue 1",2010,27,10,"CR Belouizdad",teams,""
resolved,"Islam Slimani","Ligue 1",2011,26,10,"CR Belouizdad",teams,""
resolved,"Islam Slimani","Ligue 1",2012,15,4,"CR Belouizdad",teams,""
resolved,"Islam Slimani","Primeira Liga",2014,21,12,"Sporting CP",alias,"Sporting"
resolved,"Islam Slimani","Primeira Liga",2015,33,27,"Sporting CP",alias,"Sporting"
resolved,"Islam Slimani","Primeira Liga",2016,2,1,"Sporting CP",alias,"Sporting"
resolved,"Islam Slimani","Süper Lig",2018,15,1,"Fenerbahçe",player_stats,""
resolved,"Islam Slimani","Primeira Liga",2021,9,4,"Sporting CP",alias,"Sporting"
resolved,"Islam Slimani","Ligue 1",2024,8,3,"CR Belouizdad",teams,""
resolved,"Ismaël Koné","Championship",2022,16,0,"Watford",player_stats,""
resolved,"Ismaël Koné","Championship",2023,42,4,"Watford",player_stats,""
resolved,"Ismaïla Sarr","Championship",2020,39,13,"Watford",player_stats,""
resolved,"Ismaïla Sarr","Championship",2022,39,10,"Watford",player_stats,""
resolved,"Ismaily","Primeira Liga",2011,25,1,"Olhanense",teams,""
resolved,"Ivan Cavaleiro","Primeira Liga",2013,8,0,"Benfica",player_stats,""
resolved,"Ivan Cavaleiro","Championship",2016,31,5,"Wolves",player_stats,""
resolved,"Ivan Cavaleiro","Championship",2017,42,9,"Wolves",player_stats,""
resolved,"Ivan Cavaleiro","Championship",2019,43,6,"Fulham",player_stats,""
resolved,"Ivan Cavaleiro","Championship",2021,18,2,"Fulham",player_stats,""
resolved,"Ivan Cavaleiro","Süper Lig",2022,22,2,"Alanyaspor",player_stats,""
resolved,"Ivan Cavaleiro","Primeira Liga",2025,13,2,"Tondela",teams,""
resolved,"Iván Fresneda","Primeira Liga",2023,5,0,"Sporting CP",alias,"Sporting"
resolved,"Iván Fresneda","Primeira Liga",2024,18,3,"Sporting CP",alias,"Sporting"
resolved,"Iván Fresneda","Primeira Liga",2025,23,1,"Sporting CP",alias,"Sporting"
resolved,"Ivan Perišić","Eredivisie",2024,27,9,"PSV Eindhoven",player_stats~,"PSV"
resolved,"Ivan Perišić","Eredivisie",2025,30,7,"PSV Eindhoven",player_stats~,"PSV"
resolved,"Ivan Rakitic","UEFA Europa League",2005,1,0,"Basel",player_stats,"FC Basel"
resolved,"Ivan Rakitic","UEFA Europa League",2006,5,0,"Basel",player_stats,"FC Basel"
resolved,"Ivan Rakitic","UEFA Europa League",2008,5,1,"FC Schalke 04",player_stats,""
resolved,"Ivan Toney","Saudi Pro League",2024,30,23,"Al-Ahli Jeddah",teams~,"Al-Ahli"
resolved,"Ivan Toney","Saudi Pro League",2025,32,32,"Al-Ahli Jeddah",teams~,"Al-Ahli"
resolved,"Jack Clarke","Championship",2018,22,2,"Leeds",player_stats,""
resolved,"Jack Clarke","Championship",2022,45,9,"Sunderland",player_stats,""
resolved,"Jack Clarke","Championship",2023,40,15,"Sunderland",player_stats,""
resolved,"Jack Clarke","Championship",2024,2,1,"Sunderland",player_stats,""
resolved,"Jack Clarke","Championship",2025,46,16,"Ipswich",player_stats,""
resolved,"Jack Cork","Championship",2022,39,0,"Burnley",player_stats,""
resolved,"Jack Grealish","Premier League",2013,1,0,"Aston Villa",player_stats,""
resolved,"Jack Grealish","Championship",2016,31,5,"Aston Villa",player_stats,""
resolved,"Jack Grealish","Championship",2017,27,3,"Aston Villa",player_stats,""
resolved,"Jack Grealish","Championship",2018,31,6,"Aston Villa",player_stats,""
resolved,"Jack Harrison","Championship",2017,4,0,"Middlesbrough",player_stats,""
resolved,"Jack Harrison","Championship",2018,37,4,"Leeds",player_stats,""
resolved,"Jack Harrison","Championship",2019,46,6,"Leeds",player_stats,""
resolved,"Jacob Greaves","Championship",2021,46,0,"Hull City",player_stats,""
resolved,"Jacob Greaves","Championship",2022,44,4,"Hull City",player_stats,""
resolved,"Jacob Greaves","Championship",2023,43,2,"Hull City",player_stats,""
resolved,"Jacob Greaves","Championship",2025,24,1,"Ipswich",player_stats,""
resolved,"Jacob Murphy","Championship",2016,37,8,"Norwich",player_stats,""
resolved,"Jacob Murphy","Championship",2018,13,2,"West Brom",player_stats,""
resolved,"Jacob Murphy","Championship",2019,39,9,"Sheffield Wednesday",teams,"Sheff Wed"
resolved,"Jaidon Anthony","Championship",2020,5,0,"Bournemouth",player_stats,""
resolved,"Jaidon Anthony","Championship",2021,45,8,"Bournemouth",player_stats,""
resolved,"Jaidon Anthony","Championship",2023,31,1,"Leeds",player_stats,""
resolved,"Jaidon Anthony","Championship",2024,43,8,"Burnley",player_stats,""
resolved,"Jaïro Riedewald","Eredivisie",2013,5,2,"Ajax",player_stats,""
resolved,"Jaïro Riedewald","Eredivisie",2014,19,0,"Ajax",player_stats,""
resolved,"Jaïro Riedewald","Eredivisie",2015,23,0,"Ajax",player_stats,""
resolved,"Jaïro Riedewald","Eredivisie",2016,16,0,"Ajax",player_stats,""
resolved,"Jaïro Riedewald","Championship",2025,25,3,"Sheffield Utd",alias,"Sheff Utd"
resolved,"Jakub Kiwior","Primeira Liga",2025,26,0,"Porto",player_stats,""
resolved,"Jamaal Lascelles","Championship",2012,2,0,"Nottingham Forest",alias,"Nott'm Forest"
resolved,"Jamaal Lascelles","Championship",2013,29,2,"Nottingham Forest",alias,"Nott'm Forest"
resolved,"Jamaal Lascelles","Championship",2014,25,1,"Nottingham Forest",alias,"Nott'm Forest"
resolved,"Jamaal Lascelles","Championship",2016,43,3,"Newcastle",player_stats,""
resolved,"Jamaal Lascelles","Championship",2025,9,0,"Leicester",player_stats,""
resolved,"Jamal Lewis","Championship",2017,22,0,"Norwich",player_stats,""
resolved,"Jamal Lewis","Championship",2018,42,0,"Norwich",player_stats,""
resolved,"Jamal Lewis","Championship",2023,36,0,"Watford",player_stats,""
resolved,"Jamal Lewis","Championship",2025,14,0,"Preston",teams,""
resolved,"James Garner","Championship",2021,41,4,"Nottingham Forest",alias,"Nott'm Forest"
resolved,"James Hill","Championship",2023,18,1,"Blackburn",player_stats,""
resolved,"James Justin","Championship",2023,39,2,"Leicester",player_stats,""
resolved,"James Justin","Championship",2025,2,0,"Leicester",player_stats,""
resolved,"James Maddison","Championship",2016,3,1,"Norwich",player_stats,""
resolved,"James Maddison","Championship",2017,44,14,"Norwich",player_stats,""
resolved,"James McAtee","Championship",2022,37,9,"Sheffield Utd",alias,"Sheff Utd"
resolved,"James McCarthy","Championship",2013,5,0,"Wigan",player_stats,""
resolved,"James Milner","UEFA Europa League",2004,11,0,"Newcastle",player_stats,""
resolved,"James Milner","UEFA Europa League",2006,9,0,"Newcastle",player_stats,""
resolved,"James Rodríguez","Primeira Liga",2010,15,2,"Porto",player_stats,""
resolved,"James Rodríguez","Primeira Liga",2011,26,13,"Porto",player_stats,""
resolved,"James Rodríguez","Primeira Liga",2012,24,10,"Porto",player_stats,""
resolved,"James Tarkowski","Championship",2014,34,1,"Brentford",player_stats,""
resolved,"James Tavernier","Championship",2015,36,10,"Wigan",player_stats,""
resolved,"James Ward-Prowse","Championship",2023,1,0,"Southampton",player_stats,""
resolved,"Jamie Vardy","Championship",2013,37,16,"Leicester",player_stats,""
resolved,"Jamie Vardy","Championship",2023,35,18,"Leicester",player_stats,""
resolved,"Jan Bednarek","Championship",2023,42,2,"Southampton",player_stats,""
resolved,"Jan Bednarek","Primeira Liga",2025,32,2,"Porto",player_stats,""
resolved,"Jannik Vestergaard","Championship",2023,42,2,"Leicester",player_stats,""
resolved,"Jannik Vestergaard","Championship",2025,31,3,"Leicester",player_stats,""
resolved,"Jan van Hecke","Championship",2021,31,1,"Blackburn",player_stats,""
resolved,"Jan Vertonghen","Eredivisie",2007,31,2,"Ajax",player_stats,""
resolved,"Jan Vertonghen","UEFA Europa League",2008,7,1,"Ajax",player_stats,""
resolved,"Jan Vertonghen","Eredivisie",2008,26,4,"Ajax",player_stats,""
resolved,"Jan Vertonghen","Eredivisie",2009,32,3,"Ajax",player_stats,""
resolved,"Jan Vertonghen","Eredivisie",2010,32,6,"Ajax",player_stats,""
resolved,"Jan Vertonghen","Eredivisie",2011,31,8,"Ajax",player_stats,""
resolved,"Jan Vertonghen","Primeira Liga",2020,28,0,"Benfica",player_stats,""
resolved,"Jan Vertonghen","Primeira Liga",2021,28,0,"Benfica",player_stats,""
resolved,"Jan Vertonghen","Primeira Liga",2022,1,0,"Benfica",player_stats,""
resolved,"Japhet Tanganga","Championship",2023,18,2,"Millwall",teams,""
resolved,"Japhet Tanganga","Championship",2024,40,2,"Millwall",teams,""
resolved,"Japhet Tanganga","Championship",2025,40,1,"Millwall",teams,""
resolved,"Jarrad Branthwaite","Championship",2020,10,0,"Blackburn",player_stats,""
resolved,"Jarrad Branthwaite","Eredivisie",2022,27,2,"PSV Eindhoven",player_stats~,"PSV"
resolved,"Jarrod Bowen","Championship",2017,42,14,"Hull City",player_stats,""
resolved,"Jarrod Bowen","Championship",2018,46,22,"Hull City",player_stats,""
resolved,"Jarrod Bowen","Championship",2019,29,16,"Hull City",player_stats,""
resolved,"Javairô Dilrosun","Eredivisie",2022,31,5,"Feyenoord",player_stats,""
resolved,"Javairô Dilrosun","Eredivisie",2023,8,1,"Feyenoord",player_stats,""
resolved,"Jayden Addai","Eredivisie",2023,8,0,"AZ Alkmaar",player_stats,""
resolved,"Jayden Addai","Eredivisie",2024,17,1,"AZ Alkmaar",player_stats,""
resolved,"Jayden Bogle","Championship",2018,40,2,"Derby County",player_stats~,"Derby"
resolved,"Jayden Bogle","Championship",2019,37,1,"Derby County",player_stats~,"Derby"
resolved,"Jayden Bogle","Championship",2021,18,3,"Sheffield Utd",alias,"Sheff Utd"
resolved,"Jayden Bogle","Championship",2022,20,2,"Sheffield Utd",alias,"Sheff Utd"
resolved,"Jay Stansfield","Championship",2023,43,12,"Birmingham",player_stats,""
resolved,"Jay Stansfield","Championship",2025,44,10,"Birmingham",player_stats,""
resolved,"Jean-Philippe Gbamin","Süper Lig",2022,19,0,"Trabzonspor",player_stats,""
resolved,"Jeff Chabot","Eredivisie",2017,20,2,"Sparta Rotterdam",teams,"Sparta R."
resolved,"Jefferson Lerma","Championship",2020,42,3,"Bournemouth",player_stats,""
resolved,"Jefferson Lerma","Championship",2021,34,1,"Bournemouth",player_stats,""
resolved,"Jeff Reine-Adélaïde","Eredivisie",2025,1,0,"Heracles",player_stats~,"Heracles Almelo"
resolved,"Jens Odgaard","Eredivisie",2019,24,7,"Heerenveen",player_stats,""
resolved,"Jens Odgaard","Eredivisie",2021,30,8,"Waalwijk",teams~,"RKC Waalwijk"
resolved,"Jens Odgaard","Eredivisie",2022,29,9,"AZ Alkmaar",player_stats,""
resolved,"Jens Odgaard","Eredivisie",2023,17,1,"AZ Alkmaar",player_stats,""
resolved,"Jerdy Schouten","Eredivisie",2016,2,0,"ADO Den Haag",teams,""
resolved,"Jerdy Schouten","Eredivisie",2023,29,4,"PSV Eindhoven",player_stats~,"PSV"
resolved,"Jerdy Schouten","Eredivisie",2024,18,1,"PSV Eindhoven",player_stats~,"PSV"
resolved,"Jerdy Schouten","Eredivisie",2025,28,1,"PSV Eindhoven",player_stats~,"PSV"
resolved,"Jeremiah St. Juste","Eredivisie",2014,9,0,"Heerenveen",player_stats,""
resolved,"Jeremiah St. Juste","Eredivisie",2015,28,1,"Heerenveen",player_stats,""
resolved,"Jeremiah St. Juste","Eredivisie",2016,27,2,"Heerenveen",player_stats,""
resolved,"Jeremiah St. Juste","Eredivisie",2018,23,3,"Feyenoord",player_stats,""
resolved,"Jeremiah St. Juste","Eredivisie",2019,1,0,"Feyenoord",player_stats,""
resolved,"Jeremiah St. Juste","Primeira Liga",2022,21,1,"Sporting CP",alias,"Sporting"
resolved,"Jeremiah St. Juste","Primeira Liga",2023,11,0,"Sporting CP",alias,"Sporting"
resolved,"Jeremiah St. Juste","Primeira Liga",2024,14,0,"Sporting CP",alias,"Sporting"
resolved,"Jeremiah St. Juste","Eredivisie",2025,6,0,"Feyenoord",player_stats,""
resolved,"Jérémie Boga","Championship",2017,31,2,"Birmingham",player_stats,""
resolved,"Jérôme Boateng","UEFA Europa League",2007,7,0,"Hamburger SV",player_stats,""
resolved,"Jérôme Boateng","UEFA Europa League",2008,9,0,"Hamburger SV",player_stats,""
resolved,"Jesper Karlsson","Eredivisie",2020,32,11,"AZ Alkmaar",player_stats,""
resolved,"Jesper Karlsson","Eredivisie",2021,34,15,"AZ Alkmaar",player_stats,""
resolved,"Jesper Karlsson","Eredivisie",2022,23,9,"AZ Alkmaar",player_stats,""
resolved,"Jesper Karlsson","Eredivisie",2025,16,4,"Utrecht",player_stats,""
resolved,"Jesse Lingard","Championship",2014,14,2,"Derby County",player_stats~,"Derby"
resolved,"Jesús Corona","Eredivisie",2013,15,2,"Twente",player_stats,"FC Twente"
resolved,"Jesús Corona","Eredivisie",2014,27,9,"Twente",player_stats,"FC Twente"
resolved,"Jesús Corona","Primeira Liga",2015,28,8,"Porto",player_stats,""
resolved,"Jesús Corona","Eredivisie",2015,4,0,"Twente",player_stats,"FC Twente"
resolved,"Jesús Corona","Primeira Liga",2016,29,3,"Porto",player_stats,""
resolved,"Jesús Corona","Primeira Liga",2017,27,3,"Porto",player_stats,""
resolved,"Jesús Corona","Primeira Liga",2018,34,3,"Porto",player_stats,""
resolved,"Jesús Corona","Primeira Liga",2019,33,4,"Porto",player_stats,""
resolved,"Jesús Corona","Primeira Liga",2020,30,2,"Porto",player_stats,""
resolved,"Jesús Corona","Primeira Liga",2021,11,0,"Porto",player_stats,""
resolved,"Jesús Navas","UEFA Europa League",2004,5,0,"Sevilla",player_stats,"Sevilla FC"
resolved,"Jesús Navas","UEFA Europa League",2005,12,0,"Sevilla",player_stats,"Sevilla FC"
resolved,"Jesús Navas","UEFA Europa League",2006,8,0,"Sevilla",player_stats,"Sevilla FC"
resolved,"Jesús Navas","UEFA Europa League",2008,6,0,"Sevilla",player_stats,"Sevilla FC"
resolved,"Jhon Durán","Saudi Pro League",2024,13,8,"Al-Nassr",teams,""
resolved,"Jhon Durán","Süper Lig",2025,10,3,"Fenerbahçe",player_stats,""
resolved,"Joachim Andersen","Eredivisie",2014,7,1,"Twente",player_stats,"FC Twente"
resolved,"Joachim Andersen","Eredivisie",2015,18,1,"Twente",player_stats,"FC Twente"
resolved,"Joachim Andersen","Eredivisie",2016,22,2,"Twente",player_stats,"FC Twente"
resolved,"Joachim Andersen","Eredivisie",2017,2,0,"Twente",player_stats,"FC Twente"
resolved,"João Cancelo","Saudi Pro League",2024,22,0,"Al-Hilal Saudi FC",teams~,"Al-Hilal"
resolved,"João Cancelo","Saudi Pro League",2025,2,0,"Al-Hilal Saudi FC",teams~,"Al-Hilal"
resolved,"João Félix","Primeira Liga",2018,26,15,"Benfica",player_stats,""
resolved,"João Félix","Saudi Pro League",2025,33,20,"Al-Nassr",teams,""
resolved,"João Mário","Primeira Liga",2013,15,0,"Vitoria Setubal",teams,"Vitória Setúbal"
resolved,"João Mário","Primeira Liga",2014,30,5,"Sporting CP",alias,"Sporting"
resolved,"João Mário","Primeira Liga",2015,33,6,"Sporting CP",alias,"Sporting"
resolved,"João Mário","Primeira Liga",2016,1,0,"Sporting CP",alias,"Sporting"
resolved,"João Mário","Primeira Liga",2020,14,2,"Porto",player_stats,""
resolved,"João Mário","Primeira Liga",2020,28,2,"Sporting CP",alias,"Sporting"
resolved,"João Mário","Primeira Liga",2021,28,3,"Benfica",player_stats,""
resolved,"João Mário","Primeira Liga",2021,28,0,"Porto",player_stats,""
resolved,"João Mário","Primeira Liga",2022,18,1,"Porto",player_stats,""
resolved,"João Mário","Primeira Liga",2022,33,17,"Benfica",player_stats,""
resolved,"João Mário","Primeira Liga",2023,31,3,"Benfica",player_stats,""
resolved,"João Mário","Primeira Liga",2023,27,2,"Porto",player_stats,""
resolved,"João Mário","Primeira Liga",2024,27,0,"Porto",player_stats,""
resolved,"João Mário","Süper Lig",2024,27,5,"Beşiktaş",player_stats,"Besiktas"
resolved,"João Mário","Primeira Liga",2024,2,0,"Benfica",player_stats,""
resolved,"João Mário","Süper Lig",2025,2,0,"Beşiktaş",player_stats,"Besiktas"
resolved,"João Moutinho","Primeira Liga",2004,15,0,"Sporting CP",alias,"Sporting"
resolved,"João Moutinho","UEFA Europa League",2004,9,0,"Sporting CP",alias,"Sporting"
resolved,"João Moutinho","UEFA Europa League",2005,2,0,"Sporting CP",alias,"Sporting"
resolved,"João Moutinho","Primeira Liga",2005,34,4,"Sporting CP",alias,"Sporting"
resolved,"João Moutinho","UEFA Champions League",2006,6,0,"Sporting CP",alias,"Sporting"
resolved,"João Moutinho","Primeira Liga",2006,29,4,"Sporting CP",alias,"Sporting"
resolved,"João Moutinho","Primeira Liga",2007,30,5,"Sporting CP",alias,"Sporting"
resolved,"João Moutinho","UEFA Champions League",2007,6,1,"Sporting CP",alias,"Sporting"
resolved,"João Moutinho","UEFA Europa League",2007,6,0,"Sporting CP",alias,"Sporting"
resolved,"João Moutinho","UEFA Champions League",2008,8,1,"Sporting CP",alias,"Sporting"
resolved,"João Moutinho","Primeira Liga",2008,27,3,"Sporting CP",alias,"Sporting"
resolved,"João Moutinho","Primeira Liga",2009,28,5,"Sporting CP",alias,"Sporting"
resolved,"João Moutinho","Primeira Liga",2011,29,3,"Porto",player_stats,""
resolved,"João Moutinho","Primeira Liga",2012,27,1,"Porto",player_stats,""
resolved,"João Moutinho","Primeira Liga",2023,30,1,"SC Braga",player_stats,"Braga"
resolved,"João Moutinho","Primeira Liga",2024,22,1,"SC Braga",player_stats,"Braga"
resolved,"João Moutinho","Primeira Liga",2025,31,1,"SC Braga",player_stats,"Braga"
resolved,"João Neves","Primeira Liga",2022,17,1,"Benfica",player_stats,""
resolved,"João Neves","Primeira Liga",2023,33,3,"Benfica",player_stats,""
resolved,"João Palhinha","Primeira Liga",2015,29,0,"Moreirense",teams,""
resolved,"João Palhinha","Primeira Liga",2017,2,0,"Sporting CP",alias,"Sporting"
resolved,"João Palhinha","Primeira Liga",2019,27,2,"SC Braga",player_stats,"Braga"
resolved,"João Palhinha","Primeira Liga",2021,27,3,"Sporting CP",alias,"Sporting"
resolved,"João Pedro","Primeira Liga",2010,6,0,"Guimaraes",player_stats~,"Vit. Guimarães"
resolved,"João Pedro","Championship",2020,38,9,"Watford",player_stats,""
resolved,"João Pedro","Süper Lig",2022,20,4,"Fenerbahçe",player_stats,""
resolved,"João Pedro","Championship",2022,35,11,"Watford",player_stats,""
resolved,"João Pedro","Championship",2024,35,6,"Hull City",player_stats,""
resolved,"Jobe Bellingham","Championship",2022,22,0,"Birmingham",player_stats,""
resolved,"Jobe Bellingham","Championship",2024,40,4,"Sunderland",player_stats,""
resolved,"Joe Allen","Championship",2009,21,0,"Swansea",player_stats,""
resolved,"Joe Allen","Championship",2010,40,2,"Swansea",player_stats,""
resolved,"Joe Allen","Championship",2018,46,6,"Stoke City",player_stats,""
resolved,"Joe Allen","Championship",2019,35,4,"Stoke City",player_stats,""
resolved,"Joe Allen","Championship",2020,18,0,"Stoke City",player_stats,""
resolved,"Joe Allen","Championship",2021,41,0,"Stoke City",player_stats,""
resolved,"Joe Allen","Championship",2023,19,2,"Swansea",player_stats,""
resolved,"Joe Allen","Championship",2024,25,1,"Swansea",player_stats,""
resolved,"Joe Aribo","Championship",2023,35,4,"Southampton",player_stats,""
resolved,"Joe Gomez","Championship",2014,21,0,"Charlton",player_stats,""
resolved,"Joelinton","Bundesliga",2016,33,8,"1899 Hoffenheim",player_stats~,"Hoffenheim"
resolved,"Joelinton","Bundesliga",2017,27,7,"1899 Hoffenheim",player_stats~,"Hoffenheim"
resolved,"Joël Piroe","Eredivisie",2019,18,2,"Sparta Rotterdam",teams,"Sparta R."
resolved,"Joël Piroe","Eredivisie",2020,11,1,"PSV Eindhoven",player_stats~,"PSV"
resolved,"Joël Piroe","Championship",2021,45,22,"Swansea",player_stats,""
resolved,"Joël Piroe","Championship",2022,43,19,"Swansea",player_stats,""
resolved,"Joël Piroe","Championship",2024,46,19,"Leeds",player_stats,""
resolved,"Joël Veltman","Eredivisie",2012,7,0,"Ajax",player_stats,""
resolved,"Joël Veltman","Eredivisie",2013,25,2,"Ajax",player_stats,""
resolved,"Joël Veltman","Eredivisie",2014,25,4,"Ajax",player_stats,""
resolved,"Joël Veltman","Eredivisie",2015,34,2,"Ajax",player_stats,""
resolved,"Joël Veltman","Eredivisie",2016,30,0,"Ajax",player_stats,""
resolved,"Joël Veltman","Eredivisie",2017,30,1,"Ajax",player_stats,""
resolved,"Joël Veltman","Eredivisie",2018,9,1,"Ajax",player_stats,""
resolved,"Joël Veltman","Eredivisie",2019,19,0,"Ajax",player_stats,""
resolved,"Joe Rodon","Championship",2018,27,0,"Swansea",player_stats,""
resolved,"Joe Rodon","Championship",2019,21,0,"Swansea",player_stats,""
resolved,"Joe Rodon","Championship",2020,4,0,"Swansea",player_stats,""
resolved,"Joe Rodon","Championship",2023,43,0,"Leeds",player_stats,""
resolved,"Joe Rodon","Championship",2024,46,1,"Leeds",player_stats,""
resolved,"Johan Bakayoko","Eredivisie",2022,23,5,"PSV Eindhoven",player_stats~,"PSV"
resolved,"Johan Bakayoko","Eredivisie",2023,33,12,"PSV Eindhoven",player_stats~,"PSV"
resolved,"Johan Bakayoko","Eredivisie",2024,30,9,"PSV Eindhoven",player_stats~,"PSV"
resolved,"John Brooks","Primeira Liga",2022,2,0,"Benfica",player_stats,""
resolved,"John Lundstram","Championship",2018,10,0,"Sheffield Utd",alias,"Sheff Utd"
resolved,"John Lundstram","Süper Lig",2024,32,3,"Trabzonspor",player_stats,""
resolved,"John Lundstram","Championship",2025,29,1,"Hull City",player_stats,""
resolved,"John McGinn","Championship",2018,40,6,"Aston Villa",player_stats,""
resolved,"John Stones","Championship",2012,22,0,"Barnsley",player_stats,""
resolved,"Jonathan Rowe","Championship",2022,3,0,"Norwich",player_stats,""
resolved,"Jonathan Rowe","Championship",2023,32,12,"Norwich",player_stats,""
resolved,"Jonjo Shelvey","Championship",2008,16,3,"Charlton",player_stats,""
resolved,"Jonjo Shelvey","Championship",2011,10,6,"Blackpool",player_stats,""
resolved,"Jonjo Shelvey","Championship",2016,42,5,"Newcastle",player_stats,""
resolved,"Jonjo Shelvey","Süper Lig",2023,32,3,"Rizespor",teams~,"C. Rizespor"
resolved,"Jonjo Shelvey","Championship",2024,2,0,"Burnley",player_stats,""
resolved,"Jonny Evans","Championship",2006,18,1,"Sunderland",player_stats,""
resolved,"Jordan Amavi","Championship",2016,34,0,"Aston Villa",player_stats,""
resolved,"Jordan Beyer","Championship",2022,30,1,"Burnley",player_stats,""
resolved,"Jordan Henderson","Championship",2008,10,1,"Coventry City",player_stats~,"Coventry"
resolved,"Jordan Henderson","Eredivisie",2023,9,0,"Ajax",player_stats,""
resolved,"Jordan Henderson","Saudi Pro League",2023,17,0,"Al-Ettifaq",teams,""
resolved,"Jordan Henderson","Eredivisie",2024,28,1,"Ajax",player_stats,""
resolved,"Jordan Teze","Eredivisie",2019,2,0,"PSV Eindhoven",player_stats~,"PSV"
resolved,"Jordan Teze","Eredivisie",2020,33,0,"PSV Eindhoven",player_stats~,"PSV"
resolved,"Jordan Teze","Eredivisie",2021,29,1,"PSV Eindhoven",player_stats~,"PSV"
resolved,"Jordan Teze","Eredivisie",2022,27,0,"PSV Eindhoven",player_stats~,"PSV"
resolved,"Jordan Teze","Eredivisie",2023,30,2,"PSV Eindhoven",player_stats~,"PSV"
resolved,"Jordan Teze","Eredivisie",2024,2,0,"PSV Eindhoven",player_stats~,"PSV"
resolved,"Jørgen Strand Larsen","Eredivisie",2020,30,9,"Groningen",player_stats,"FC Groningen"
resolved,"Jørgen Strand Larsen","Eredivisie",2021,32,14,"Groningen",player_stats,"FC Groningen"
resolved,"Jørgen Strand Larsen","Eredivisie",2022,4,1,"Groningen",player_stats,"FC Groningen"
resolved,"Jorrel Hato","Eredivisie",2022,11,0,"Ajax",player_stats,""
resolved,"Jorrel Hato","Eredivisie",2023,33,1,"Ajax",player_stats,""
resolved,"Jorrel Hato","Eredivisie",2024,31,2,"Ajax",player_stats,""
resolved,"José Campaña","Primeira Liga",2014,2,0,"Porto",player_stats,""
resolved,"José Fonte","Championship",2007,22,1,"Crystal Palace",player_stats,""
resolved,"José Fonte","Championship",2008,38,4,"Crystal Palace",player_stats,""
resolved,"José Fonte","Championship",2011,42,1,"Southampton",player_stats,""
resolved,"José Fonte","Primeira Liga",2023,19,0,"SC Braga",player_stats,"Braga"
resolved,"José Fonte","Primeira Liga",2025,18,1,"Casa Pia",teams,""
resolved,"José Sosa","UEFA Europa League",2007,6,0,"Bayern München",player_stats,"Bayern Munich"
resolved,"José Sosa","Süper Lig",2014,27,5,"Beşiktaş",player_stats,"Besiktas"
resolved,"José Sosa","Süper Lig",2015,31,7,"Beşiktaş",player_stats,"Besiktas"
resolved,"José Sosa","Süper Lig",2017,25,0,"Trabzonspor",player_stats,""
resolved,"José Sosa","Süper Lig",2018,29,5,"Trabzonspor",player_stats,""
resolved,"José Sosa","Süper Lig",2019,29,9,"Trabzonspor",player_stats,""
resolved,"José Sosa","Süper Lig",2021,19,0,"Fenerbahçe",player_stats,""
resolved,"Josh Brownhill","Championship",2017,45,5,"Bristol City",teams,""
resolved,"Josh Brownhill","Championship",2018,45,5,"Bristol City",teams,""
resolved,"Josh Brownhill","Championship",2019,28,5,"Bristol City",teams,""
resolved,"Josh Brownhill","Championship",2022,41,7,"Burnley",player_stats,""
resolved,"Josh Brownhill","Championship",2024,42,18,"Burnley",player_stats,""
resolved,"Josh Dasilva","Championship",2018,17,1,"Brentford",player_stats,""
resolved,"Josh Dasilva","Championship",2019,42,10,"Brentford",player_stats,""
resolved,"Josh Dasilva","Championship",2020,30,5,"Brentford",player_stats,""
resolved,"Josh Sargent","Championship",2022,40,13,"Norwich",player_stats,""
resolved,"Josh Sargent","Championship",2023,26,16,"Norwich",player_stats,""
resolved,"Josh Sargent","Championship",2024,32,15,"Norwich",player_stats,""
resolved,"Josh Sargent","Championship",2025,23,7,"Norwich",player_stats,""
resolved,"Joshua King","Championship",2013,31,2,"Blackburn",player_stats,""
resolved,"Joshua King","Championship",2014,15,1,"Blackburn",player_stats,""
resolved,"Joshua King","Championship",2020,12,0,"Bournemouth",player_stats,""
resolved,"Joshua King","Süper Lig",2022,16,4,"Fenerbahçe",player_stats,""
resolved,"Joshua King","Süper Lig",2023,16,2,"Fenerbahçe",player_stats,""
resolved,"Josip Brekalo","Süper Lig",2024,23,4,"Kasimpasa",teams,""
resolved,"Jota Silva","Primeira Liga",2023,33,11,"Guimaraes",player_stats~,"Vit. Guimarães"
resolved,"Jota Silva","Süper Lig",2025,18,5,"Beşiktaş",player_stats,"Besiktas"
resolved,"Juan Bernat","Primeira Liga",2023,3,0,"Benfica",player_stats,""
resolved,"Juan Mata","UEFA Europa League",2008,6,1,"Valencia",player_stats,""
resolved,"Juan Mata","Süper Lig",2022,16,3,"Galatasaray",player_stats,""
resolved,"Juan Quintero","Primeira Liga",2014,20,2,"Porto",player_stats,""
resolved,"Jude Bellingham","Championship",2019,41,4,"Birmingham",player_stats,""
resolved,"Julian Weigl","Primeira Liga",2019,18,1,"Benfica",player_stats,""
resolved,"Julian Weigl","Primeira Liga",2020,28,0,"Benfica",player_stats,""
resolved,"Julian Weigl","Primeira Liga",2021,29,2,"Benfica",player_stats,""
resolved,"Julian Weigl","Primeira Liga",2022,2,0,"Benfica",player_stats,""
resolved,"Junior Firpo","Championship",2023,26,0,"Leeds",player_stats,""
resolved,"Junior Firpo","Championship",2024,32,4,"Leeds",player_stats,""
resolved,"Jurriën Timber","Eredivisie",2020,20,1,"Ajax",player_stats,""
resolved,"Jurriën Timber","Eredivisie",2021,30,3,"Ajax",player_stats,""
resolved,"Jurriën Timber","Eredivisie",2022,34,2,"Ajax",player_stats,""
resolved,"Justin Kluivert","Eredivisie",2016,14,2,"Ajax",player_stats,""
resolved,"Justin Kluivert","Eredivisie",2017,30,10,"Ajax",player_stats,""
resolved,"Kader Meïté","Saudi Pro League",2025,5,1,"Al-Hilal Saudi FC",teams~,"Al-Hilal"
resolved,"Kalidou Koulibaly","Saudi Pro League",2023,30,2,"Al-Hilal Saudi FC",teams~,"Al-Hilal"
resolved,"Kalidou Koulibaly","Saudi Pro League",2024,30,2,"Al-Hilal Saudi FC",teams~,"Al-Hilal"
resolved,"Kalidou Koulibaly","Saudi Pro League",2025,18,1,"Al-Hilal Saudi FC",teams~,"Al-Hilal"
resolved,"Kalvin Phillips","Championship",2015,10,0,"Leeds",player_stats,""
resolved,"Kalvin Phillips","Championship",2016,33,1,"Leeds",player_stats,""
resolved,"Kalvin Phillips","Championship",2017,41,7,"Leeds",player_stats,""
resolved,"Kalvin Phillips","Championship",2018,42,1,"Leeds",player_stats,""
resolved,"Kalvin Phillips","Championship",2019,37,2,"Leeds",player_stats,""
resolved,"Kalvin Phillips","Championship",2025,3,0,"Sheffield Utd",alias,"Sheff Utd"
resolved,"Kamaldeen Sulemana","Championship",2023,25,0,"Southampton",player_stats,""
resolved,"Karim Adeyemi","Bundesliga",2019,10,1,"FC Liefering",teams,""
resolved,"Karim Benzema","Saudi Pro League",2023,21,9,"Al-Ittihad FC",teams,"Al-Ittihad"
resolved,"Karim Benzema","Saudi Pro League",2024,29,21,"Al-Ittihad FC",teams,"Al-Ittihad"
resolved,"Karol Linetty","Süper Lig",2025,25,0,"Kocaelispor",teams,""
resolved,"Keane Lewis-Potter","Championship",2019,21,2,"Hull City",player_stats,""
resolved,"Keane Lewis-Potter","Championship",2021,46,12,"Hull City",player_stats,""
resolved,"Keita Baldé","Süper Lig",2024,11,1,"Sivasspor",player_stats,""
resolved,"Kelechi Iheanacho","Championship",2023,23,5,"Leicester",player_stats,""
resolved,"Kelechi Iheanacho","Championship",2024,15,1,"Middlesbrough",player_stats,""
resolved,"Kemar Roofe","Championship",2017,36,11,"Leeds",player_stats,""
resolved,"Kemar Roofe","Championship",2018,32,14,"Leeds",player_stats,""
resolved,"Kenneth Taylor","Eredivisie",2020,3,0,"Ajax",player_stats,""
resolved,"Kenneth Taylor","Eredivisie",2021,13,1,"Ajax",player_stats,""
resolved,"Kenneth Taylor","Eredivisie",2022,32,8,"Ajax",player_stats,""
resolved,"Kenneth Taylor","Eredivisie",2023,34,5,"Ajax",player_stats,""
resolved,"Kenneth Taylor","Eredivisie",2024,33,9,"Ajax",player_stats,""
resolved,"Kenneth Taylor","Eredivisie",2025,15,2,"Ajax",player_stats,""
resolved,"Kenny Tete","Eredivisie",2014,5,0,"Ajax",player_stats,""
resolved,"Kenny Tete","Eredivisie",2015,21,0,"Ajax",player_stats,""
resolved,"Kenny Tete","Eredivisie",2016,5,0,"Ajax",player_stats,""
resolved,"Kenny Tete","Championship",2021,20,2,"Fulham",player_stats,""
resolved,"Kerem Demirbay","Süper Lig",2023,34,6,"Galatasaray",player_stats,""
resolved,"Kerem Demirbay","Süper Lig",2024,20,0,"Galatasaray",player_stats,""
resolved,"Kévin Gameiro","UEFA Europa League",2005,3,2,"Strasbourg",alias,"R. Strasbourg"
resolved,"Kevin Strootman","Eredivisie",2007,3,0,"Sparta Rotterdam",teams,"Sparta R."
resolved,"Kevin Strootman","Eredivisie",2008,25,2,"Sparta Rotterdam",teams,"Sparta R."
resolved,"Kevin Strootman","Eredivisie",2009,28,2,"Sparta Rotterdam",teams,"Sparta R."
resolved,"Kevin Strootman","Eredivisie",2012,32,5,"PSV Eindhoven",player_stats,""
resolved,"Kieran Trippier","Championship",2012,45,0,"Burnley",player_stats,""
resolved,"Kieran Trippier","Championship",2013,41,1,"Burnley",player_stats,""
resolved,"Kiernan Dewsbury-Hall","Championship",2020,39,3,"Luton",player_stats,""
resolved,"Kiernan Dewsbury-Hall","Championship",2023,44,12,"Leicester",player_stats,""
resolved,"Kiliann Sildillia","Eredivisie",2025,21,2,"PSV Eindhoven",player_stats~,"PSV"
resolved,"Kingsley Coman","Saudi Pro League",2025,30,10,"Al-Nassr",teams,""
resolved,"Ko Itakura","Eredivisie",2019,22,0,"Groningen",player_stats,"FC Groningen"
resolved,"Ko Itakura","Eredivisie",2020,34,1,"Groningen",player_stats,"FC Groningen"
resolved,"Ko Itakura","Eredivisie",2025,18,1,"Ajax",player_stats,""
resolved,"Konrad Laimer","Bundesliga",2014,8,0,"FC Liefering",teams,""
resolved,"Kristjan Asllani","Süper Lig",2025,14,2,"Beşiktaş",player_stats,"Besiktas"
resolved,"Krzysztof Piatek","Süper Lig",2023,34,17,"Başakşehir",player_stats,"Basaksehir"
resolved,"Krzysztof Piatek","Süper Lig",2024,33,21,"Başakşehir",player_stats,"Basaksehir"
resolved,"Kyle Walker","Championship",2009,26,0,"Sheffield Utd",alias,"Sheff Utd"
resolved,"Kyle Walker","Championship",2010,20,0,"QPR",player_stats,""
resolved,"Kyle Walker-Peters","Championship",2023,43,3,"Southampton",player_stats,""
resolved,"Kyogo Furuhashi","Championship",2025,28,1,"Birmingham",player_stats,""
resolved,"Kyriakos Papadopoulos","Saudi Pro League",2021,1,0,"Al-Fayha",teams,""
resolved,"Landry Dimata","UEFA Champions League",2025,6,0,"Samsunspor",player_stats,""
resolved,"Lasse Schöne","Eredivisie",2007,34,7,"De Graafschap",teams,""
resolved,"Lasse Schöne","Eredivisie",2009,5,0,"NEC Nijmegen",teams,""
resolved,"Lasse Schöne","Eredivisie",2010,34,7,"NEC Nijmegen",teams,""
resolved,"Lasse Schöne","Eredivisie",2011,34,11,"NEC Nijmegen",teams,""
resolved,"Lasse Schöne","Eredivisie",2013,29,9,"Ajax",player_stats,""
resolved,"Lasse Schöne","Eredivisie",2014,29,8,"Ajax",player_stats,""
resolved,"Lasse Schöne","Eredivisie",2015,24,4,"Ajax",player_stats,""
resolved,"Lasse Schöne","Eredivisie",2016,27,7,"Ajax",player_stats,""
resolved,"Lasse Schöne","Eredivisie",2017,30,10,"Ajax",player_stats,""
resolved,"Lasse Schöne","Eredivisie",2018,30,5,"Ajax",player_stats,""
resolved,"Lasse Schöne","Eredivisie",2020,12,1,"Heerenveen",player_stats,""
resolved,"Lasse Schöne","Eredivisie",2022,32,1,"NEC Nijmegen",teams,""
resolved,"Lasse Schöne","Eredivisie",2023,23,1,"NEC Nijmegen",teams,""
resolved,"Lasse Schöne","Eredivisie",2024,17,0,"NEC Nijmegen",teams,""
resolved,"Layvin Kurzawa","Primeira Liga",2024,4,0,"Boavista",player_stats,""
resolved,"Lazar Markovic","Primeira Liga",2013,26,5,"Benfica",player_stats,""
resolved,"Lazar Markovic","Süper Lig",2015,14,0,"Fenerbahçe",player_stats,"Fenerbahce"
resolved,"Lazar Markovic","Primeira Liga",2016,6,1,"Sporting CP",player_stats,""
resolved,"Leandro Barreiro","Primeira Liga",2024,27,3,"Benfica",player_stats,""
resolved,"Leandro Barreiro","Primeira Liga",2025,31,3,"Benfica",player_stats,""
resolved,"Leif Davis","Championship",2018,4,0,"Leeds",player_stats,""
resolved,"Leif Davis","Championship",2019,3,0,"Leeds",player_stats,""
resolved,"Leif Davis","Championship",2021,12,0,"Bournemouth",player_stats,""
resolved,"Leif Davis","Championship",2023,43,2,"Ipswich",player_stats,""
resolved,"Leif Davis","Championship",2025,37,2,"Ipswich",player_stats,""
resolved,"Léo Dubois","Süper Lig",2022,21,1,"Galatasaray",player_stats,""
resolved,"Leonardo Bonucci","Süper Lig",2023,8,0,"Fenerbahçe",player_stats,"Fenerbahce"
resolved,"Léo Scienza","Championship",2025,37,7,"Southampton",player_stats,""
resolved,"Leroy Sané","Süper Lig",2025,28,7,"Galatasaray",player_stats,""
resolved,"Levi Colwill","Championship",2021,29,2,"Huddersfield",player_stats,""
resolved,"Lewis Cook","Championship",2014,37,0,"Leeds",player_stats,""
resolved,"Lewis Cook","Championship",2015,43,1,"Leeds",player_stats,""
resolved,"Lewis Cook","Championship",2020,31,1,"Bournemouth",player_stats,""
resolved,"Lewis Cook","Championship",2021,28,1,"Bournemouth",player_stats,""
resolved,"Lewis Dunk","Championship",2011,31,0,"Brighton",player_stats,""
resolved,"Lewis Dunk","Championship",2012,8,0,"Brighton",player_stats,""
resolved,"Lewis Dunk","Championship",2014,38,5,"Brighton",player_stats,""
resolved,"Lewis Dunk","Championship",2015,38,3,"Brighton",player_stats,""
resolved,"Lewis Dunk","Championship",2016,43,2,"Brighton",player_stats,""
resolved,"Liam Delap","Championship",2023,31,8,"Hull City",player_stats,""
resolved,"Lisandro Martínez","Eredivisie",2019,24,2,"Ajax",player_stats,""
resolved,"Lisandro Martínez","Eredivisie",2020,26,3,"Ajax",player_stats,""
resolved,"Lisandro Martínez","Eredivisie",2021,24,1,"Ajax",player_stats,""
resolved,"Lloyd Kelly","Championship",2017,11,1,"Bristol City",teams,""
resolved,"Lloyd Kelly","Championship",2018,32,1,"Bristol City",teams,""
resolved,"Lloyd Kelly","Championship",2020,36,1,"Bournemouth",player_stats,""
resolved,"Lloyd Kelly","Championship",2021,41,1,"Bournemouth",player_stats,""
resolved,"Loïs Openda","Eredivisie",2020,33,10,"Vitesse",player_stats,""
resolved,"Loïs Openda","Eredivisie",2021,33,18,"Vitesse",player_stats,""
resolved,"Lucas Boyé","Championship",2019,19,0,"Reading",player_stats,""
resolved,"Lucas Ocampos","Eredivisie",2022,4,0,"Ajax",player_stats,""
resolved,"Lucas Pérez","Eredivisie",2024,2,0,"PSV Eindhoven",player_stats~,"PSV"
resolved,"Lucas Torreira","Süper Lig",2022,31,0,"Galatasaray",player_stats,""
resolved,"Lucas Torreira","Süper Lig",2023,35,1,"Galatasaray",player_stats,""
resolved,"Lucas Torreira","Süper Lig",2024,32,5,"Galatasaray",player_stats,""
resolved,"Lucas Torreira","Süper Lig",2025,30,3,"Galatasaray",player_stats,""
resolved,"Luca Waldschmidt","Primeira Liga",2020,27,7,"Benfica",player_stats,""
resolved,"Luca Waldschmidt","Primeira Liga",2021,2,2,"Benfica",player_stats,""
resolved,"Luciano Vietto","Primeira Liga",2019,24,4,"Sporting CP",alias,"Sporting"
resolved,"Luciano Vietto","Primeira Liga",2020,3,1,"Sporting CP",alias,"Sporting"
resolved,"Luciano Vietto","Saudi Pro League",2020,27,4,"Al-Hilal Saudi FC",teams~,"Al-Hilal"
resolved,"Luciano Vietto","Saudi Pro League",2022,20,3,"Al-Hilal Saudi FC",teams~,"Al-Hilal"
resolved,"Luis Díaz","Primeira Liga",2020,30,6,"Porto",player_stats,""
resolved,"Luis Díaz","Primeira Liga",2021,18,14,"Porto",player_stats,""
resolved,"Luís Guilherme","Primeira Liga",2025,13,1,"Sporting CP",alias,"Sporting"
resolved,"Luis Sinisterra","Eredivisie",2019,21,5,"Feyenoord",player_stats,""
resolved,"Luis Sinisterra","Eredivisie",2020,20,3,"Feyenoord",player_stats,""
resolved,"Luis Sinisterra","Eredivisie",2021,30,12,"Feyenoord",player_stats,""
resolved,"Luis Sinisterra","Championship",2023,2,1,"Leeds",player_stats,""
resolved,"Luis Suárez","UEFA Europa League",2008,10,5,"Ajax",player_stats,""
resolved,"Luis Suárez","Eredivisie",2008,31,22,"Ajax",player_stats,""
resolved,"Luis Suárez","Eredivisie",2009,33,35,"Ajax",player_stats,""
resolved,"Luis Suárez","Eredivisie",2010,13,7,"Ajax",player_stats,""
resolved,"Luis Suárez","Primeira Liga",2025,32,28,"Sporting CP",alias,"Sporting"
resolved,"Luiz Felipe","Saudi Pro League",2023,18,0,"Al-Ittihad FC",teams,"Al-Ittihad"
resolved,"Luiz Felipe","Saudi Pro League",2024,1,0,"Al-Ittihad FC",teams,"Al-Ittihad"
resolved,"Luka Jović","Primeira Liga",2016,1,0,"Benfica",player_stats,""
resolved,"Luka Modrić","UEFA Europa League",2006,2,0,"Dinamo Zagreb",player_stats,""
resolved,"Luka Modrić","UEFA Europa League",2007,6,1,"Dinamo Zagreb",player_stats,""
resolved,"Luka Modrić","UEFA Europa League",2008,4,1,"Tottenham",player_stats,""
resolved,"Lukas Nmecha","Championship",2018,41,3,"Preston",teams,""
resolved,"Lukas Nmecha","Championship",2019,11,0,"Middlesbrough",player_stats,""
resolved,"Lukas Podolski","UEFA Europa League",2007,12,5,"Bayern München",player_stats,"Bayern Munich"
resolved,"Lukas Podolski","Süper Lig",2015,30,13,"Galatasaray",player_stats,""
resolved,"Lukas Podolski","Süper Lig",2016,26,7,"Galatasaray",player_stats,""
resolved,"Lukas Podolski","Süper Lig",2019,9,2,"Antalyaspor",teams,""
resolved,"Lukas Podolski","Süper Lig",2020,31,4,"Antalyaspor",teams,""
resolved,"Luka Sucic","Bundesliga",2020,17,1,"FC Liefering",teams,""
resolved,"Lutsharel Geertruida","Eredivisie",2018,2,0,"Feyenoord",player_stats,""
resolved,"Lutsharel Geertruida","Eredivisie",2019,17,0,"Feyenoord",player_stats,""
resolved,"Lutsharel Geertruida","Eredivisie",2020,30,5,"Feyenoord",player_stats,""
resolved,"Lutsharel Geertruida","Eredivisie",2021,28,3,"Feyenoord",player_stats,""
resolved,"Lutsharel Geertruida","Eredivisie",2022,30,3,"Feyenoord",player_stats,""
resolved,"Lutsharel Geertruida","Eredivisie",2023,34,8,"Feyenoord",player_stats,""
resolved,"Lutsharel Geertruida","Eredivisie",2024,3,0,"Feyenoord",player_stats,""
resolved,"Luuk de Jong","Eredivisie",2008,14,2,"De Graafschap",teams,""
resolved,"Luuk de Jong","Eredivisie",2010,32,12,"Twente",player_stats,"FC Twente"
resolved,"Luuk de Jong","Eredivisie",2011,31,25,"Twente",player_stats,"FC Twente"
resolved,"Luuk de Jong","Eredivisie",2014,32,20,"PSV Eindhoven",player_stats~,"PSV"
resolved,"Luuk de Jong","Eredivisie",2015,33,26,"PSV Eindhoven",player_stats~,"PSV"
resolved,"Luuk de Jong","Eredivisie",2016,32,8,"PSV Eindhoven",player_stats~,"PSV"
resolved,"Luuk de Jong","Eredivisie",2017,28,12,"PSV Eindhoven",player_stats~,"PSV"
resolved,"Luuk de Jong","Eredivisie",2018,34,28,"PSV Eindhoven",player_stats~,"PSV"
resolved,"Luuk de Jong","Eredivisie",2022,24,14,"PSV Eindhoven",player_stats~,"PSV"
resolved,"Luuk de Jong","Eredivisie",2023,34,29,"PSV Eindhoven",player_stats~,"PSV"
resolved,"Luuk de Jong","Eredivisie",2024,31,14,"PSV Eindhoven",player_stats~,"PSV"
resolved,"Luuk de Jong","Primeira Liga",2025,5,1,"Porto",player_stats,""
resolved,"Makoto Hasebe","UEFA Europa League",2008,6,1,"VfL Wolfsburg",player_stats,""
resolved,"Malang Sarr","Primeira Liga",2020,8,0,"Porto",player_stats,""
resolved,"Malcom","Saudi Pro League",2023,31,15,"Al-Hilal Saudi FC",teams~,"Al-Hilal"
resolved,"Malcom","Saudi Pro League",2024,30,9,"Al-Hilal Saudi FC",teams~,"Al-Hilal"
resolved,"Malcom","Saudi Pro League",2025,33,7,"Al-Hilal Saudi FC",teams~,"Al-Hilal"
resolved,"Malick Yalcouyé","Championship",2025,33,1,"Swansea",player_stats,""
resolved,"Malik Tillman","Eredivisie",2023,28,9,"PSV Eindhoven",player_stats~,"PSV"
resolved,"Malik Tillman","Eredivisie",2024,26,12,"PSV Eindhoven",player_stats~,"PSV"
resolved,"Mamadou Sakho","UEFA Europa League",2008,7,0,"Paris Saint Germain",player_stats,"Paris SG"
resolved,"Manor Solomon","Championship",2024,39,10,"Leeds",player_stats,""
resolved,"Manuel Ugarte","Primeira Liga",2022,31,0,"Sporting CP",alias,"Sporting"
resolved,"Marcão","Primeira Liga",2017,20,0,"Rio Ave",player_stats,""
resolved,"Marcão","Primeira Liga",2018,17,2,"Chaves",teams,""
resolved,"Marcão","Süper Lig",2018,15,0,"Galatasaray",player_stats,""
resolved,"Marcão","Süper Lig",2019,28,0,"Galatasaray",player_stats,""
resolved,"Marcão","Süper Lig",2020,37,0,"Galatasaray",player_stats,""
resolved,"Marcão","Süper Lig",2021,26,0,"Galatasaray",player_stats,""
resolved,"Marc Bartra","Süper Lig",2022,29,4,"Trabzonspor",player_stats,""
resolved,"Marcelo Brozović","Saudi Pro League",2023,30,4,"Al-Nassr",teams,""
resolved,"Marcelo Brozović","Saudi Pro League",2024,28,2,"Al-Nassr",teams,""
resolved,"Marcelo Brozović","Saudi Pro League",2025,29,0,"Al-Nassr",teams,""
resolved,"Marcel Sabitzer","Bundesliga",2011,20,5,"Admira Wacker",player_stats,""
resolved,"Marcel Sabitzer","Bundesliga",2012,16,3,"Admira Wacker",player_stats,""
resolved,"Marcel Sabitzer","Bundesliga",2014,33,19,"RB Leipzig",player_stats,"Leipzig"
resolved,"Marc Guéhi","Championship",2019,12,0,"Swansea",player_stats,""
resolved,"Marc Guéhi","Championship",2020,40,0,"Swansea",player_stats,""
resolved,"Marco Asensio","Süper Lig",2025,25,11,"Fenerbahçe",player_stats,""
resolved,"Marcos Acuña","Primeira Liga",2017,31,4,"Sporting CP",alias,"Sporting"
resolved,"Marcos Acuña","Primeira Liga",2018,30,1,"Sporting CP",alias,"Sporting"
resolved,"Marcos Acuña","Primeira Liga",2019,24,2,"Sporting CP",alias,"Sporting"
resolved,"Marcos Alonso","Championship",2012,26,4,"Bolton",player_stats,""
resolved,"Marcos Rojo","Primeira Liga",2012,24,1,"Sporting CP",alias,"Sporting"
resolved,"Marcos Rojo","Primeira Liga",2013,24,4,"Sporting CP",alias,"Sporting"
resolved,"Marcos Senesi","Eredivisie",2019,16,1,"Feyenoord",player_stats,""
resolved,"Marcos Senesi","Eredivisie",2020,32,3,"Feyenoord",player_stats,""
resolved,"Marcos Senesi","Eredivisie",2021,32,2,"Feyenoord",player_stats,""
resolved,"Marcus Edwards","Championship",2017,1,0,"Norwich",player_stats,""
resolved,"Marcus Edwards","Eredivisie",2018,25,2,"Excelsior",teams,""
resolved,"Marcus Edwards","Primeira Liga",2019,26,7,"Guimaraes",player_stats~,"Vit. Guimarães"
resolved,"Marcus Edwards","Primeira Liga",2020,33,3,"Guimaraes",player_stats~,"Vit. Guimarães"
resolved,"Marcus Edwards","Primeira Liga",2022,33,7,"Sporting CP",alias,"Sporting"
resolved,"Marcus Edwards","Primeira Liga",2023,26,4,"Sporting CP",alias,"Sporting"
resolved,"Marcus Edwards","Championship",2024,14,1,"Burnley",player_stats,""
resolved,"Marcus Edwards","Primeira Liga",2024,6,1,"Sporting CP",alias,"Sporting"
resolved,"Marcus Tavernier","Championship",2017,5,1,"Milton Keynes Dons",teams,"MK Dons"
resolved,"Marcus Tavernier","Championship",2018,20,3,"Middlesbrough",player_stats,""
resolved,"Marcus Tavernier","Championship",2019,37,3,"Middlesbrough",player_stats,""
resolved,"Marcus Tavernier","Championship",2020,29,3,"Middlesbrough",player_stats,""
resolved,"Marcus Tavernier","Championship",2021,44,5,"Middlesbrough",player_stats,""
resolved,"Mario Balotelli","Süper Lig",2021,31,18,"Adana Demirspor",teams,""
resolved,"Mario Balotelli","Süper Lig",2022,2,0,"Adana Demirspor",teams,""
resolved,"Mario Balotelli","Süper Lig",2023,16,7,"Adana Demirspor",teams,""
resolved,"Mario Götze","Eredivisie",2020,18,5,"PSV Eindhoven",player_stats~,"PSV"
resolved,"Mario Götze","Eredivisie",2021,29,4,"PSV Eindhoven",player_stats~,"PSV"
resolved,"Mario Lemina","Süper Lig",2019,20,0,"Galatasaray",player_stats,""
resolved,"Mario Lemina","Süper Lig",2024,12,1,"Galatasaray",player_stats,""
resolved,"Mario Lemina","Süper Lig",2025,27,2,"Galatasaray",player_stats,""
resolved,"Marko Arnautovic","Eredivisie",2007,14,0,"Twente",player_stats,"FC Twente"
resolved,"Marko Arnautovic","UEFA Europa League",2007,1,0,"Twente",player_stats,"FC Twente"
resolved,"Marko Arnautovic","UEFA Europa League",2008,7,1,"Twente",player_stats,"FC Twente"
resolved,"Marko Arnautovic","Eredivisie",2008,28,12,"Twente",player_stats,"FC Twente"
resolved,"Marko Grujić","Championship",2017,13,1,"Cardiff",player_stats,""
resolved,"Marko Grujić","Primeira Liga",2020,23,2,"Porto",player_stats,""
resolved,"Marko Grujić","Primeira Liga",2021,21,1,"Porto",player_stats,""
resolved,"Marko Grujić","Primeira Liga",2022,24,1,"Porto",player_stats,""
resolved,"Marko Grujić","Primeira Liga",2023,10,0,"Porto",player_stats,""
resolved,"Marko Grujić","Primeira Liga",2024,2,0,"Porto",player_stats,""
resolved,"Mark Uth","Eredivisie",2012,3,0,"Heerenveen",player_stats,""
resolved,"Mark Uth","Eredivisie",2014,32,15,"Heerenveen",player_stats,""
resolved,"Marten de Roon","Eredivisie",2013,31,3,"Heerenveen",player_stats,""
resolved,"Marten de Roon","Eredivisie",2014,32,1,"Heerenveen",player_stats,""
resolved,"Marten de Roon","Championship",2017,1,0,"Middlesbrough",player_stats,""
resolved,"Martin Ødegaard","Eredivisie",2017,24,2,"Heerenveen",player_stats,""
resolved,"Martin Ødegaard","Eredivisie",2018,31,8,"Vitesse",player_stats,""
resolved,"Mason Holgate","Championship",2018,19,1,"West Brom",player_stats,""
resolved,"Mason Holgate","Championship",2024,26,1,"West Brom",player_stats,""
resolved,"Mason Mount","Eredivisie",2017,29,9,"Vitesse",player_stats,""
resolved,"Mason Mount","Championship",2018,35,8,"Derby County",player_stats~,"Derby"
resolved,"Mateus Fernandes","Primeira Liga",2024,1,0,"Sporting CP",alias,"Sporting"
resolved,"Mateus Fernandes","Championship",2025,3,0,"Southampton",player_stats,""
resolved,"Matheus Nunes","Primeira Liga",2019,10,0,"Sporting CP",alias,"Sporting"
resolved,"Matheus Nunes","Primeira Liga",2020,31,3,"Sporting CP",alias,"Sporting"
resolved,"Matheus Nunes","Primeira Liga",2021,33,3,"Sporting CP",alias,"Sporting"
resolved,"Matheus Nunes","Primeira Liga",2022,2,1,"Sporting CP",alias,"Sporting"
resolved,"Matheus Pereira","Primeira Liga",2015,8,0,"Sporting CP",alias,"Sporting"
resolved,"Matheus Pereira","Primeira Liga",2016,7,1,"Sporting CP",alias,"Sporting"
resolved,"Matheus Pereira","Championship",2019,42,8,"West Brom",player_stats,""
resolved,"Matheus Pereira","Saudi Pro League",2021,21,2,"Al-Hilal Saudi FC",teams~,"Al-Hilal"
resolved,"Mathias Jensen","Championship",2019,39,1,"Brentford",player_stats,""
resolved,"Mathias Jensen","Championship",2020,45,2,"Brentford",player_stats,""
resolved,"Mathieu Valbuena","UEFA Europa League",2007,4,0,"Marseille",player_stats,""
resolved,"Mathieu Valbuena","UEFA Europa League",2008,5,0,"Marseille",player_stats,""
resolved,"Mathieu Valbuena","Süper Lig",2017,29,7,"Fenerbahçe",player_stats,""
resolved,"Mathieu Valbuena","Süper Lig",2018,22,3,"Fenerbahçe",player_stats,""
resolved,"Mats Hummels","UEFA Europa League",2008,1,0,"Borussia Dortmund",player_stats,"Dortmund"
resolved,"Mats Wieffer","Eredivisie",2023,29,5,"Feyenoord",player_stats,""
resolved,"Matt Doherty","Championship",2014,33,0,"Wolves",player_stats,""
resolved,"Matt Doherty","Championship",2015,34,2,"Wolves",player_stats,""
resolved,"Matt Doherty","Championship",2016,42,4,"Wolves",player_stats,""
resolved,"Matt Doherty","Championship",2017,45,4,"Wolves",player_stats,""
resolved,"Mattéo Guendouzi","Süper Lig",2025,15,1,"Fenerbahçe",player_stats,""
resolved,"Matthijs de Ligt","Eredivisie",2016,11,2,"Ajax",player_stats,""
resolved,"Matthijs de Ligt","Eredivisie",2017,33,3,"Ajax",player_stats,""
resolved,"Matthijs de Ligt","Eredivisie",2018,33,3,"Ajax",player_stats,""
resolved,"Matt O'Riley","Championship",2019,1,0,"Fulham",player_stats,""
resolved,"Matt Targett","Championship",2017,18,1,"Fulham",player_stats,""
resolved,"Matt Targett","Championship",2025,42,4,"Middlesbrough",player_stats,""
resolved,"Matty Cash","Championship",2016,28,0,"Nottingham Forest",alias,"Nott'm Forest"
resolved,"Matty Cash","Championship",2017,23,2,"Nottingham Forest",alias,"Nott'm Forest"
resolved,"Matty Cash","Championship",2018,36,6,"Nottingham Forest",alias,"Nott'm Forest"
resolved,"Matty Cash","Championship",2019,42,3,"Nottingham Forest",alias,"Nott'm Forest"
resolved,"Mauro Icardi","Süper Lig",2022,24,22,"Galatasaray",player_stats,""
resolved,"Mauro Icardi","Süper Lig",2023,34,25,"Galatasaray",player_stats,""
resolved,"Mauro Icardi","Süper Lig",2024,7,4,"Galatasaray",player_stats,""
resolved,"Mauro Icardi","Süper Lig",2025,31,14,"Galatasaray",player_stats,""
resolved,"Max Aarons","Championship",2018,41,2,"Norwich",player_stats,""
resolved,"Max Aarons","Championship",2020,45,2,"Norwich",player_stats,""
resolved,"Max Aarons","Championship",2022,45,1,"Norwich",player_stats,""
resolved,"Maxi Gómez","Süper Lig",2022,26,5,"Trabzonspor",player_stats,""
resolved,"Maxi Gómez","Süper Lig",2023,1,0,"Trabzonspor",player_stats,""
resolved,"Maxime Estève","Championship",2024,46,1,"Burnley",player_stats,""
resolved,"M'Baye Niang","Saudi Pro League",2020,5,0,"Al-Ahli Jeddah",teams~,"Al-Ahli"
resolved,"M'Baye Niang","Süper Lig",2023,16,8,"Adana Demirspor",teams,""
resolved,"M'Baye Niang","Süper Lig",2025,26,4,"Gençlerbirliği S.K.",teams~,"Genclerbirligi"
resolved,"Mehdi Taremi","Primeira Liga",2021,32,20,"Porto",player_stats,""
resolved,"Mehdi Taremi","Primeira Liga",2022,33,22,"Porto",player_stats,""
resolved,"Mehdi Taremi","Primeira Liga",2023,23,6,"Porto",player_stats,""
resolved,"Memphis Depay","Eredivisie",2011,8,3,"PSV Eindhoven",player_stats~,"PSV"
resolved,"Memphis Depay","Eredivisie",2012,20,2,"PSV Eindhoven",player_stats~,"PSV"
resolved,"Memphis Depay","Eredivisie",2013,32,12,"PSV Eindhoven",player_stats~,"PSV"
resolved,"Memphis Depay","Eredivisie",2014,30,22,"PSV Eindhoven",player_stats~,"PSV"
resolved,"Merih Demiral","Süper Lig",2018,16,1,"Alanyaspor",player_stats,""
resolved,"Merih Demiral","Saudi Pro League",2023,20,1,"Al-Ahli Jeddah",teams~,"Al-Ahli"
resolved,"Merih Demiral","Saudi Pro League",2024,30,1,"Al-Ahli Jeddah",teams~,"Al-Ahli"
resolved,"Merih Demiral","Saudi Pro League",2025,20,2,"Al-Ahli Jeddah",teams~,"Al-Ahli"
resolved,"Michael Gregoritsch","Bundesliga",2010,24,2,"SV Kapfenberg",teams,""
resolved,"Michael Keane","Championship",2015,44,5,"Burnley",player_stats,""
resolved,"Michael Olise","Championship",2019,19,0,"Reading",player_stats,""
resolved,"Michael Olise","Championship",2020,44,7,"Reading",player_stats,""
resolved,"Michail Antonio","Championship",2010,21,1,"Reading",player_stats,""
resolved,"Michail Antonio","Championship",2012,37,7,"Sheffield Wednesday",teams,"Sheff Wed"
resolved,"Michail Antonio","Championship",2013,27,4,"Sheffield Wednesday",teams,"Sheff Wed"
resolved,"Michail Antonio","Championship",2015,4,2,"Nottingham Forest",alias,"Nott'm Forest"
resolved,"Michy Batshuayi","Süper Lig",2021,33,14,"Beşiktaş",player_stats,"Besiktas"
resolved,"Michy Batshuayi","Süper Lig",2022,19,12,"Fenerbahçe",player_stats,""
resolved,"Michy Batshuayi","Süper Lig",2023,27,12,"Fenerbahçe",player_stats,""
resolved,"Miguel Crespo","Süper Lig",2021,23,1,"Fenerbahçe",player_stats,""
resolved,"Miguel Crespo","Primeira Liga",2021,3,1,"Estoril",player_stats,""
resolved,"Miguel Crespo","Süper Lig",2022,23,3,"Fenerbahçe",player_stats,""
resolved,"Miguel Crespo","Süper Lig",2023,10,0,"Fenerbahçe",player_stats,""
resolved,"Miguel Crespo","Süper Lig",2025,19,0,"Başakşehir",player_stats,"Basaksehir"
resolved,"Mika Biereth","Eredivisie",2022,12,2,"Waalwijk",teams~,"RKC Waalwijk"
resolved,"Mike Tresor","Eredivisie",2019,20,5,"NEC Nijmegen",teams,""
resolved,"Mike Tresor","Eredivisie",2020,34,4,"NEC Nijmegen",teams,""
resolved,"Milan Badelj","UEFA Europa League",2008,6,1,"Dinamo Zagreb",player_stats,""
resolved,"Milan Škriniar","Süper Lig",2024,16,3,"Fenerbahçe",player_stats,""
resolved,"Milan Škriniar","Süper Lig",2025,24,2,"Fenerbahçe",player_stats,""
resolved,"Milos Kerkez","Eredivisie",2022,33,3,"AZ Alkmaar",player_stats,""
resolved,"Milot Rashica","Eredivisie",2016,33,2,"Vitesse",player_stats,""
resolved,"Milot Rashica","Eredivisie",2017,19,3,"Vitesse",player_stats,""
resolved,"Milot Rashica","Süper Lig",2022,26,4,"Galatasaray",player_stats,""
resolved,"Milot Rashica","Championship",2022,4,0,"Norwich",player_stats,""
resolved,"Milot Rashica","Süper Lig",2023,29,5,"Beşiktaş",player_stats,"Besiktas"
resolved,"Milot Rashica","Süper Lig",2024,28,3,"Beşiktaş",player_stats,"Besiktas"
resolved,"Milot Rashica","Süper Lig",2025,25,1,"Beşiktaş",player_stats,"Besiktas"
resolved,"Miralem Pjanić","Süper Lig",2021,20,0,"Beşiktaş",player_stats,"Besiktas"
resolved,"Mislav Orsic","UEFA Champions League",2025,14,2,"Pafos",player_stats,""
resolved,"Moatasem Al-Musrati","Primeira Liga",2021,30,1,"SC Braga",player_stats,"Braga"
resolved,"Moatasem Al-Musrati","Primeira Liga",2022,28,3,"SC Braga",player_stats,"Braga"
resolved,"Moatasem Al-Musrati","Süper Lig",2023,9,0,"Beşiktaş",player_stats,"Besiktas"
resolved,"Moatasem Al-Musrati","Primeira Liga",2023,11,3,"SC Braga",player_stats,"Braga"
resolved,"Moatasem Al-Musrati","Süper Lig",2024,16,1,"Beşiktaş",player_stats,"Besiktas"
resolved,"Mohamed Amoura","Ligue 1",2020,35,15,"ES Setif",teams,"ES Sétif"
resolved,"Mohamed Ihattaren","Eredivisie",2018,12,0,"PSV Eindhoven",player_stats~,"PSV"
resolved,"Mohamed Ihattaren","Eredivisie",2019,22,3,"PSV Eindhoven",player_stats~,"PSV"
resolved,"Mohamed Ihattaren","Eredivisie",2020,22,3,"PSV Eindhoven",player_stats~,"PSV"
resolved,"Mohamed Ihattaren","Eredivisie",2024,24,4,"Waalwijk",teams~,"RKC Waalwijk"
resolved,"Mohamed Salah","Premier League",2009,3,0,"El Mokawloon",teams,""
resolved,"Mohamed Salah","Premier League",2010,21,4,"El Mokawloon",teams,""
resolved,"Mohamed Salah","Premier League",2011,15,7,"El Mokawloon",teams,""
resolved,"Mohamed Simakan","Saudi Pro League",2024,26,1,"Al-Nassr",teams,""
resolved,"Mohamed Simakan","Saudi Pro League",2025,28,3,"Al-Nassr",teams,""
resolved,"Mohammed Kudus","Eredivisie",2020,17,4,"Ajax",player_stats,""
resolved,"Mohammed Kudus","Eredivisie",2021,16,1,"Ajax",player_stats,""
resolved,"Mohammed Kudus","Eredivisie",2022,30,11,"Ajax",player_stats,""
resolved,"Mohammed Kudus","Eredivisie",2023,2,1,"Ajax",player_stats,""
resolved,"Morato","Primeira Liga",2021,14,0,"Benfica",player_stats,""
resolved,"Morato","Primeira Liga",2022,9,1,"Benfica",player_stats,""
resolved,"Morato","Primeira Liga",2023,21,0,"Benfica",player_stats,""
resolved,"Morato","Primeira Liga",2024,1,0,"Benfica",player_stats,""
resolved,"Morgan Gibbs-White","Championship",2016,7,0,"Wolves",player_stats,""
resolved,"Morgan Gibbs-White","Championship",2017,13,0,"Wolves",player_stats,""
resolved,"Morgan Gibbs-White","Championship",2020,5,1,"Swansea",player_stats,""
resolved,"Morgan Gibbs-White","Championship",2021,35,11,"Sheffield Utd",alias,"Sheff Utd"
resolved,"Morgan Rogers","Championship",2021,15,1,"Bournemouth",player_stats,""
resolved,"Morgan Rogers","Championship",2022,20,1,"Blackpool",player_stats,""
resolved,"Morgan Rogers","Championship",2023,26,2,"Middlesbrough",player_stats,""
resolved,"Morgan Schneiderlin","Championship",2008,30,0,"Southampton",player_stats,""
resolved,"Morgan Schneiderlin","Championship",2011,42,2,"Southampton",player_stats,""
resolved,"Morten Hjulmand","Bundesliga",2018,29,0,"Admira Wacker",player_stats,""
resolved,"Morten Hjulmand","Bundesliga",2019,30,1,"Admira Wacker",player_stats,""
resolved,"Morten Hjulmand","Bundesliga",2020,9,0,"Admira Wacker",player_stats,""
resolved,"Morten Hjulmand","Primeira Liga",2023,30,3,"Sporting CP",alias,"Sporting"
resolved,"Morten Hjulmand","Primeira Liga",2024,28,2,"Sporting CP",alias,"Sporting"
resolved,"Morten Hjulmand","Primeira Liga",2025,27,3,"Sporting CP",alias,"Sporting"
resolved,"Moussa Dembélé","Championship",2014,11,0,"Fulham",player_stats,""
resolved,"Moussa Dembélé","Championship",2015,43,15,"Fulham",player_stats,""
resolved,"Moussa Dembélé","Saudi Pro League",2023,25,12,"Al-Ettifaq",teams,""
resolved,"Moussa Dembélé","Saudi Pro League",2024,19,7,"Al-Ettifaq",teams,""
resolved,"Moussa Dembélé","Saudi Pro League",2025,22,9,"Al-Ettifaq",teams,""
resolved,"Moussa Diaby","Saudi Pro League",2024,24,5,"Al-Ittihad FC",teams,"Al-Ittihad"
resolved,"Moussa Diaby","Saudi Pro League",2025,31,4,"Al-Ittihad FC",teams,"Al-Ittihad"
resolved,"Moussa Sissoko","UEFA Europa League",2007,2,0,"Toulouse",player_stats,""
resolved,"Moussa Sissoko","Championship",2024,40,6,"Watford",player_stats,""
resolved,"Moussa Sissoko","Championship",2025,20,0,"Watford",player_stats,""
resolved,"Myron Boadu","Eredivisie",2017,1,0,"AZ Alkmaar",player_stats,""
resolved,"Myron Boadu","Eredivisie",2018,8,3,"AZ Alkmaar",player_stats,""
resolved,"Myron Boadu","Eredivisie",2019,24,14,"AZ Alkmaar",player_stats,""
resolved,"Myron Boadu","Eredivisie",2020,31,15,"AZ Alkmaar",player_stats,""
resolved,"Myron Boadu","Eredivisie",2023,11,3,"Twente",player_stats,"FC Twente"
resolved,"Myron Boadu","Eredivisie",2025,13,3,"PSV Eindhoven",player_stats~,"PSV"
resolved,"Naby Keïta","Bundesliga",2014,30,5,"Istres",player_stats,"FC Istres"
resolved,"Nacer Chadli","Eredivisie",2011,23,6,"Twente",player_stats,"Twente FC"
resolved,"Nacer Chadli","Eredivisie",2012,22,10,"Twente",player_stats,"Twente FC"
resolved,"Nacer Chadli","Süper Lig",2020,18,3,"Başakşehir",player_stats,"Basaksehir"
resolved,"Nacer Chadli","Süper Lig",2021,28,1,"Başakşehir",player_stats,"Basaksehir"
resolved,"Nacer Chadli","Süper Lig",2022,1,1,"Başakşehir",player_stats,"Basaksehir"
resolved,"Nani","UEFA Europa League",2005,1,0,"Sporting CP",alias,"Sporting"
resolved,"Nani","Primeira Liga",2005,29,4,"Sporting CP",alias,"Sporting"
resolved,"Nani","Primeira Liga",2006,29,5,"Sporting CP",alias,"Sporting"
resolved,"Nani","Primeira Liga",2014,27,7,"Sporting CP",alias,"Sporting"
resolved,"Nani","Süper Lig",2015,28,8,"Fenerbahçe",player_stats,""
resolved,"Nani","Primeira Liga",2018,18,7,"Sporting CP",alias,"Sporting"
resolved,"Nani","Süper Lig",2023,28,4,"Adana Demirspor",teams,""
resolved,"Nani","Primeira Liga",2024,9,1,"Estrela",teams~,"Estrela Amadora"
resolved,"Nathan Aké","Championship",2014,5,0,"Reading",player_stats,""
resolved,"Nathan Collins","Championship",2019,14,0,"Stoke City",player_stats,""
resolved,"Nathan Collins","Championship",2020,22,2,"Stoke City",player_stats,""
resolved,"Nathaniel Clyne","Championship",2008,26,0,"Crystal Palace",player_stats,""
resolved,"Nathaniel Clyne","Championship",2009,22,1,"Crystal Palace",player_stats,""
resolved,"Nathaniel Clyne","Championship",2010,46,0,"Crystal Palace",player_stats,""
resolved,"Nathaniel Clyne","Championship",2011,28,0,"Crystal Palace",player_stats,""
resolved,"Nathan Redmond","Championship",2011,24,5,"Birmingham",player_stats,""
resolved,"Nathan Redmond","Championship",2012,38,2,"Birmingham",player_stats,""
resolved,"Nathan Redmond","Championship",2014,43,4,"Norwich",player_stats,""
resolved,"Nathan Redmond","Süper Lig",2022,25,5,"Beşiktaş",player_stats,"Besiktas"
resolved,"Nathan Redmond","Championship",2024,2,0,"Burnley",player_stats,""
resolved,"Nathan Redmond","Championship",2025,2,0,"Burnley",player_stats,""
resolved,"Nathan Tella","Championship",2022,39,17,"Burnley",player_stats,""
resolved,"Nathan Tella","Championship",2023,3,1,"Southampton",player_stats,""
resolved,"Nathan Zézé","Saudi Pro League",2025,31,2,"NEOM",teams,"NEOM SC"
resolved,"Neal Maupay","Championship",2017,42,12,"Brentford",player_stats,""
resolved,"Neal Maupay","Championship",2018,43,25,"Brentford",player_stats,""
resolved,"Neco Williams","Championship",2021,14,2,"Fulham",player_stats,""
resolved,"Nélson Semedo","Primeira Liga",2015,12,1,"Benfica",player_stats,""
resolved,"Nélson Semedo","Primeira Liga",2016,31,1,"Benfica",player_stats,""
resolved,"Nélson Semedo","Süper Lig",2025,26,1,"Fenerbahçe",player_stats,""
resolved,"Nemanja Gudelj","Eredivisie",2010,29,2,"NAC Breda",player_stats,""
resolved,"Nemanja Gudelj","Eredivisie",2011,16,1,"NAC Breda",player_stats,""
resolved,"Nemanja Gudelj","Eredivisie",2012,34,5,"NAC Breda",player_stats,""
resolved,"Nemanja Gudelj","Eredivisie",2014,32,11,"AZ Alkmaar",player_stats,""
resolved,"Nemanja Matić","Eredivisie",2010,27,2,"Vitesse",player_stats,""
resolved,"Nemanja Matić","Primeira Liga",2011,16,1,"Benfica",player_stats,""
resolved,"Nemanja Matić","Primeira Liga",2012,26,3,"Benfica",player_stats,""
resolved,"Nemanja Matić","Primeira Liga",2013,14,2,"Benfica",player_stats,""
resolved,"Neymar","Saudi Pro League",2023,3,0,"Al-Hilal Saudi FC",teams~,"Al-Hilal"
resolved,"N'Golo Kanté","Saudi Pro League",2023,30,2,"Al-Ittihad FC",teams,"Al-Ittihad"
resolved,"N'Golo Kanté","Saudi Pro League",2024,31,4,"Al-Ittihad FC",teams,"Al-Ittihad"
resolved,"N'Golo Kanté","Saudi Pro League",2025,18,2,"Al-Ittihad FC",teams,"Al-Ittihad"
resolved,"N'Golo Kanté","Süper Lig",2025,14,2,"Fenerbahçe",player_stats,""
resolved,"Nico González","Primeira Liga",2023,25,2,"Porto",player_stats,""
resolved,"Nico González","Primeira Liga",2024,17,5,"Porto",player_stats,""
resolved,"Nicolás Otamendi","Primeira Liga",2010,15,5,"Porto",player_stats,""
resolved,"Nicolás Otamendi","Primeira Liga",2011,20,2,"Porto",player_stats,""
resolved,"Nicolás Otamendi","Primeira Liga",2012,29,0,"Porto",player_stats,""
resolved,"Nicolás Otamendi","Primeira Liga",2013,13,0,"Porto",player_stats,""
resolved,"Nicolás Otamendi","Primeira Liga",2020,27,1,"Benfica",player_stats,""
resolved,"Nicolás Otamendi","Primeira Liga",2021,28,0,"Benfica",player_stats,""
resolved,"Nicolás Otamendi","Primeira Liga",2022,31,1,"Benfica",player_stats,""
resolved,"Nicolás Otamendi","Primeira Liga",2023,31,2,"Benfica",player_stats,""
resolved,"Nicolás Otamendi","Primeira Liga",2024,31,6,"Benfica",player_stats,""
resolved,"Nicolás Otamendi","Primeira Liga",2025,30,2,"Benfica",player_stats,""
resolved,"Nicolas Seiwald","Bundesliga",2020,15,0,"FC Liefering",teams,""
resolved,"Nicolás Tagliafico","Eredivisie",2017,15,1,"Ajax",player_stats,""
resolved,"Nicolás Tagliafico","Eredivisie",2018,29,2,"Ajax",player_stats,""
resolved,"Nicolás Tagliafico","Eredivisie",2019,24,3,"Ajax",player_stats,""
resolved,"Nicolás Tagliafico","Eredivisie",2020,25,1,"Ajax",player_stats,""
resolved,"Nicolás Tagliafico","Eredivisie",2021,22,2,"Ajax",player_stats,""
resolved,"Nicolò Zaniolo","Süper Lig",2022,10,5,"Galatasaray",player_stats,""
resolved,"Nicolò Zaniolo","Süper Lig",2025,4,0,"Galatasaray",player_stats,""
resolved,"Niklas Beste","Eredivisie",2019,6,0,"Emmen",teams,"FC Emmen"
resolved,"Niklas Beste","Primeira Liga",2024,13,0,"Benfica",player_stats,""
resolved,"Nikola Maksimović","Süper Lig",2023,18,0,"Hatayspor",teams,""
resolved,"Noa Lang","Eredivisie",2020,1,0,"Ajax",player_stats,""
resolved,"Noa Lang","Eredivisie",2023,11,4,"PSV Eindhoven",player_stats~,"PSV"
resolved,"Noa Lang","Eredivisie",2024,29,11,"PSV Eindhoven",player_stats~,"PSV"
resolved,"Noa Lang","Süper Lig",2025,13,0,"Galatasaray",player_stats,""
resolved,"Noni Madueke","Eredivisie",2020,24,7,"PSV Eindhoven",player_stats~,"PSV"
resolved,"Noni Madueke","Eredivisie",2021,18,3,"PSV Eindhoven",player_stats~,"PSV"
resolved,"Noni Madueke","Eredivisie",2022,5,1,"PSV Eindhoven",player_stats~,"PSV"
resolved,"Noussair Mazraoui","Eredivisie",2017,8,0,"Ajax",player_stats,""
resolved,"Noussair Mazraoui","Eredivisie",2018,28,1,"Ajax",player_stats,""
resolved,"Noussair Mazraoui","Eredivisie",2019,13,0,"Ajax",player_stats,""
resolved,"Noussair Mazraoui","Eredivisie",2020,19,0,"Ajax",player_stats,""
resolved,"Noussair Mazraoui","Eredivisie",2021,25,5,"Ajax",player_stats,""
resolved,"Nuno Mendes","Primeira Liga",2019,9,0,"Sporting CP",alias,"Sporting"
resolved,"Nuno Mendes","Primeira Liga",2021,2,0,"Sporting CP",alias,"Sporting"
resolved,"Nuno Tavares","Primeira Liga",2019,11,1,"Benfica",player_stats,""
resolved,"Nuno Tavares","Primeira Liga",2020,14,0,"Benfica",player_stats,""
resolved,"Ola Aina","Championship",2017,44,0,"Hull City",player_stats,""
resolved,"Oleksandr Zinchenko","Eredivisie",2016,12,0,"PSV Eindhoven",player_stats~,"PSV"
resolved,"Oleksandr Zinchenko","Eredivisie",2025,2,0,"Ajax",player_stats,""
resolved,"Oli McBurnie","Championship",2017,17,9,"Barnsley",player_stats,""
resolved,"Oli McBurnie","Championship",2018,42,22,"Swansea",player_stats,""
resolved,"Oli McBurnie","Championship",2021,28,0,"Sheffield Utd",alias,"Sheff Utd"
resolved,"Oli McBurnie","Championship",2022,38,13,"Sheffield Utd",alias,"Sheff Utd"
resolved,"Oli McBurnie","Championship",2025,37,17,"Hull City",player_stats,""
resolved,"Oliver Skipp","Championship",2020,45,1,"Norwich",player_stats,""
resolved,"Oliver Skipp","Championship",2025,34,1,"Leicester",player_stats,""
resolved,"Óliver Torres","Primeira Liga",2014,26,7,"Porto",player_stats,""
resolved,"Óliver Torres","Primeira Liga",2016,29,3,"Porto",player_stats,""
resolved,"Óliver Torres","Primeira Liga",2017,19,0,"Porto",player_stats,""
resolved,"Óliver Torres","Primeira Liga",2018,25,2,"Porto",player_stats,""
resolved,"Olivier Boscagli","Eredivisie",2019,12,0,"PSV Eindhoven",player_stats~,"PSV"
resolved,"Olivier Boscagli","Eredivisie",2020,30,2,"PSV Eindhoven",player_stats~,"PSV"
resolved,"Olivier Boscagli","Eredivisie",2021,28,4,"PSV Eindhoven",player_stats~,"PSV"
resolved,"Olivier Boscagli","Eredivisie",2022,7,1,"PSV Eindhoven",player_stats~,"PSV"
resolved,"Olivier Boscagli","Eredivisie",2023,33,3,"PSV Eindhoven",player_stats~,"PSV"
resolved,"Olivier Boscagli","Eredivisie",2024,30,1,"PSV Eindhoven",player_stats~,"PSV"
resolved,"Ollie Watkins","Championship",2018,41,10,"Brentford",player_stats,""
resolved,"Ollie Watkins","Championship",2019,46,25,"Brentford",player_stats,""
resolved,"Omar Marmoush","Premier League",2016,15,2,"Wadi Degla",teams,""
resolved,"Ömer Toprak","Süper Lig",2022,23,1,"Antalyaspor",teams,""
resolved,"Ömer Toprak","Süper Lig",2023,22,0,"Antalyaspor",teams,""
resolved,"Ondrej Duda","Saudi Pro League",2025,27,0,"Al-Ettifaq",teams,""
resolved,"Oussama Idrissi","Eredivisie",2015,16,3,"Groningen",player_stats,"FC Groningen"
resolved,"Oussama Idrissi","Eredivisie",2016,27,5,"Groningen",player_stats,"FC Groningen"
resolved,"Oussama Idrissi","Eredivisie",2018,32,8,"AZ Alkmaar",player_stats,""
resolved,"Oussama Idrissi","Eredivisie",2019,25,13,"AZ Alkmaar",player_stats,""
resolved,"Oussama Idrissi","Eredivisie",2022,27,4,"Feyenoord",player_stats,""
resolved,"Oussama Targhalline","Süper Lig",2022,6,0,"Alanyaspor",player_stats,""
resolved,"Oussama Targhalline","Eredivisie",2024,6,0,"Feyenoord",player_stats,""
resolved,"Oussama Targhalline","Eredivisie",2025,25,2,"Feyenoord",player_stats,""
resolved,"Ozan Kabak","Süper Lig",2018,13,0,"Galatasaray",player_stats,""
resolved,"Pablo","Primeira Liga",2022,15,2,"Famalicao",teams,"Famalicão"
resolved,"Pablo Sarabia","Primeira Liga",2021,29,15,"Sporting CP",alias,"Sporting"
resolved,"Pascal Struijk","Championship",2019,5,0,"Leeds",player_stats,""
resolved,"Pascal Struijk","Championship",2023,23,3,"Leeds",player_stats,""
resolved,"Pascal Struijk","Championship",2024,35,5,"Leeds",player_stats,""
resolved,"Paul Onuachu","Süper Lig",2023,21,15,"Trabzonspor",player_stats,""
resolved,"Paul Onuachu","Süper Lig",2025,30,22,"Trabzonspor",player_stats,""
resolved,"Paul Wanner","Eredivisie",2025,22,3,"PSV Eindhoven",player_stats~,"PSV"
resolved,"Pau Víctor","Primeira Liga",2025,32,10,"SC Braga",player_stats,"Braga"
resolved,"Pedro Gonçalves","Primeira Liga",2019,33,5,"Famalicao",teams,"Famalicão"
resolved,"Pedro Gonçalves","Primeira Liga",2021,27,8,"Sporting CP",alias,"Sporting"
resolved,"Pedro Gonçalves","Primeira Liga",2022,33,15,"Sporting CP",alias,"Sporting"
resolved,"Pedro Gonçalves","Primeira Liga",2023,32,11,"Sporting CP",alias,"Sporting"
resolved,"Pedro Gonçalves","Primeira Liga",2024,14,5,"Sporting CP",alias,"Sporting"
resolved,"Pedro Gonçalves","Primeira Liga",2025,27,13,"Sporting CP",alias,"Sporting"
resolved,"Pedro Mendes","Primeira Liga",2012,3,0,"Sporting CP",player_stats,""
resolved,"Pedro Mendes","Primeira Liga",2023,13,0,"Estrela",teams,"CF Estrela"
resolved,"Pedro Neto","Primeira Liga",2017,1,0,"SC Braga",player_stats,"Braga"
resolved,"Pedro Porro","Primeira Liga",2020,30,3,"Sporting CP",alias,"Sporting"
resolved,"Pedro Porro","Primeira Liga",2021,23,4,"Sporting CP",alias,"Sporting"
resolved,"Pedro Porro","Primeira Liga",2022,14,2,"Sporting CP",alias,"Sporting"
resolved,"Pepe","Primeira Liga",2002,29,2,"Maritimo",player_stats,"Marítimo"
resolved,"Pepe","Primeira Liga",2003,30,1,"Maritimo",player_stats,"Marítimo"
resolved,"Pepe","Primeira Liga",2005,24,1,"Porto",player_stats,"FC Porto"
resolved,"Pepe","Primeira Liga",2006,25,4,"Porto",player_stats,"FC Porto"
resolved,"Pepe","Süper Lig",2017,23,2,"Beşiktaş",player_stats,"Besiktas"
resolved,"Pepe","Süper Lig",2018,10,3,"Beşiktaş",player_stats,"Besiktas"
resolved,"Pepe","Primeira Liga",2018,13,2,"Porto",player_stats,"FC Porto"
resolved,"Pepe","Primeira Liga",2019,25,1,"Porto",player_stats,"FC Porto"
resolved,"Pepe","Primeira Liga",2020,27,2,"Porto",player_stats,"FC Porto"
resolved,"Pepe","Primeira Liga",2021,21,1,"Porto",player_stats,"FC Porto"
resolved,"Pepe","Primeira Liga",2022,24,0,"Porto",player_stats,"FC Porto"
resolved,"Pepe","Primeira Liga",2023,22,1,"Porto",player_stats,"FC Porto"
resolved,"Perr Schuurs","Eredivisie",2018,1,0,"Ajax",player_stats,""
resolved,"Perr Schuurs","Eredivisie",2019,10,1,"Ajax",player_stats,""
resolved,"Perr Schuurs","Eredivisie",2020,27,1,"Ajax",player_stats,""
resolved,"Perr Schuurs","Eredivisie",2021,22,0,"Ajax",player_stats,""
resolved,"Perr Schuurs","Eredivisie",2022,2,0,"Ajax",player_stats,""
resolved,"Philip Billing","Championship",2015,13,1,"Huddersfield",player_stats,""
resolved,"Philip Billing","Championship",2016,24,2,"Huddersfield",player_stats,""
resolved,"Philip Billing","Championship",2020,34,8,"Bournemouth",player_stats,""
resolved,"Philip Billing","Championship",2021,40,10,"Bournemouth",player_stats,""
resolved,"Philipp Max","Eredivisie",2020,31,5,"PSV Eindhoven",player_stats~,"PSV"
resolved,"Philipp Max","Eredivisie",2021,25,1,"PSV Eindhoven",player_stats~,"PSV"
resolved,"Philipp Max","Eredivisie",2022,14,0,"PSV Eindhoven",player_stats~,"PSV"
resolved,"Pione Sisto","Süper Lig",2023,20,1,"Alanyaspor",player_stats,""
resolved,"Pizzi","Primeira Liga",2011,2,0,"SC Braga",player_stats,"Braga"
resolved,"Pizzi","Primeira Liga",2014,23,2,"Benfica",player_stats,""
resolved,"Pizzi","Primeira Liga",2015,31,8,"Benfica",player_stats,""
resolved,"Pizzi","Primeira Liga",2016,33,10,"Benfica",player_stats,""
resolved,"Pizzi","Primeira Liga",2017,33,6,"Benfica",player_stats,""
resolved,"Pizzi","Primeira Liga",2018,34,13,"Benfica",player_stats,""
resolved,"Pizzi","Primeira Liga",2019,34,18,"Benfica",player_stats,""
resolved,"Pizzi","Primeira Liga",2020,32,6,"Benfica",player_stats,""
resolved,"Pizzi","Primeira Liga",2021,14,1,"Benfica",player_stats,""
resolved,"Pizzi","Süper Lig",2021,10,1,"Başakşehir",player_stats,"Basaksehir"
resolved,"Pizzi","Primeira Liga",2023,29,1,"SC Braga",player_stats,"Braga"
resolved,"Quilindschy Hartman","Eredivisie",2022,23,2,"Feyenoord",player_stats,""
resolved,"Quilindschy Hartman","Eredivisie",2023,26,0,"Feyenoord",player_stats,""
resolved,"Quilindschy Hartman","Eredivisie",2024,12,0,"Feyenoord",player_stats,""
resolved,"Quincy Promes","Eredivisie",2013,31,11,"Twente",player_stats,"Twente FC"
resolved,"Quincy Promes","Eredivisie",2019,20,12,"Ajax",player_stats,""
resolved,"Quincy Promes","Eredivisie",2020,19,6,"Ajax",player_stats,""
resolved,"Quinten Timber","Eredivisie",2021,31,2,"Utrecht",player_stats,""
resolved,"Quinten Timber","Eredivisie",2023,31,7,"Feyenoord",player_stats,""
resolved,"Quinten Timber","Eredivisie",2024,18,6,"Feyenoord",player_stats,""
resolved,"Quinten Timber","Eredivisie",2025,17,2,"Feyenoord",player_stats,""
resolved,"Radamel Falcao","Primeira Liga",2009,28,25,"Porto",player_stats,""
resolved,"Radamel Falcao","Primeira Liga",2010,22,16,"Porto",player_stats,""
resolved,"Radamel Falcao","La Liga",2011,34,24,"Atlético Madrid",alias,"Atlético"
resolved,"Radamel Falcao","Primeira Liga",2011,1,0,"Porto",player_stats,""
resolved,"Radamel Falcao","La Liga",2012,34,28,"Atlético Madrid",alias,"Atlético"
resolved,"Radamel Falcao","Ligue 1",2013,17,9,"Monaco",player_stats,""
resolved,"Radamel Falcao","Ligue 1",2014,3,2,"Monaco",player_stats,""
resolved,"Radamel Falcao","Premier League",2014,26,4,"Manchester United",player_stats,"Man Utd"
resolved,"Radamel Falcao","Premier League",2015,10,1,"Chelsea",player_stats,""
resolved,"Radamel Falcao","UEFA Champions League",2016,8,5,"Monaco",player_stats,""
resolved,"Radamel Falcao","Ligue 1",2016,29,21,"Monaco",player_stats,""
resolved,"Radamel Falcao","Ligue 1",2017,26,18,"Monaco",player_stats,""
resolved,"Radamel Falcao","UEFA Champions League",2017,5,3,"Monaco",player_stats,""
resolved,"Radamel Falcao","UEFA Champions League",2018,5,0,"Monaco",player_stats,""
resolved,"Radamel Falcao","Ligue 1",2018,33,15,"Monaco",player_stats,""
resolved,"Radamel Falcao","UEFA Champions League",2019,3,0,"Galatasaray",player_stats,""
resolved,"Radamel Falcao","Süper Lig",2019,16,10,"Galatasaray",player_stats,""
resolved,"Radamel Falcao","Süper Lig",2020,17,9,"Galatasaray",player_stats,""
resolved,"Radamel Falcao","La Liga",2021,22,6,"Rayo Vallecano",player_stats,""
resolved,"Radamel Falcao","Süper Lig",2021,1,0,"Galatasaray",player_stats,""
resolved,"Radamel Falcao","La Liga",2022,27,2,"Rayo Vallecano",player_stats,""
resolved,"Radamel Falcao","La Liga",2023,22,1,"Rayo Vallecano",player_stats,""
resolved,"Rafael Leão","Primeira Liga",2017,3,1,"Sporting CP",alias,"Sporting"
resolved,"Rafa Mir","Championship",2017,2,0,"Wolves",player_stats,""
resolved,"Rafa Mir","Championship",2019,11,0,"Nottingham Forest",alias,"Nott'm Forest"
resolved,"Raheem Sterling","Eredivisie",2025,8,0,"Feyenoord",player_stats,""
resolved,"Ramon Hendriks","Eredivisie",2021,8,0,"Feyenoord",player_stats,""
resolved,"Raphinha","Primeira Liga",2016,32,4,"Guimaraes",player_stats~,"Vit. Guimarães"
resolved,"Raphinha","Primeira Liga",2017,32,15,"Guimaraes",player_stats~,"Vit. Guimarães"
resolved,"Raphinha","Primeira Liga",2019,4,2,"Sporting CP",alias,"Sporting"
resolved,"Rasmus Kristensen","Eredivisie",2017,8,0,"Ajax",player_stats,""
resolved,"Rasmus Kristensen","Eredivisie",2018,12,0,"Ajax",player_stats,""
resolved,"Raúl Albiol","UEFA Europa League",2008,6,0,"Valencia",player_stats,""
resolved,"Raúl de Tomás","Primeira Liga",2019,7,0,"Benfica",player_stats,""
resolved,"Raúl García","UEFA Europa League",2005,2,0,"Osasuna",player_stats~,"CA Osasuna"
resolved,"Raúl García","UEFA Europa League",2006,12,1,"Osasuna",player_stats~,"CA Osasuna"
resolved,"Raúl García","UEFA Europa League",2007,5,0,"Atlético Madrid",player_stats,""
resolved,"Răzvan Marin","Eredivisie",2019,10,0,"Ajax",player_stats,""
resolved,"Reece James","Championship",2018,45,3,"Wigan",player_stats,""
resolved,"Reiss Nelson","Eredivisie",2021,21,2,"Feyenoord",player_stats,""
resolved,"Renan Lodi","Saudi Pro League",2023,11,0,"Al-Hilal Saudi FC",teams~,"Al-Hilal"
resolved,"Renan Lodi","Saudi Pro League",2024,24,3,"Al-Hilal Saudi FC",teams~,"Al-Hilal"
resolved,"Renato Sanches","Primeira Liga",2015,24,2,"Benfica",player_stats,""
resolved,"Renato Sanches","Primeira Liga",2024,10,0,"Benfica",player_stats,""
resolved,"Renato Tapia","Eredivisie",2014,17,5,"Twente",player_stats,"FC Twente"
resolved,"Renato Tapia","Eredivisie",2016,8,1,"Feyenoord",player_stats,""
resolved,"Renato Tapia","Eredivisie",2017,15,1,"Feyenoord",player_stats,""
resolved,"Renato Tapia","Eredivisie",2018,16,1,"Feyenoord",player_stats,""
resolved,"Renato Tapia","Eredivisie",2019,15,0,"Feyenoord",player_stats,""
resolved,"Rhian Brewster","Championship",2019,20,10,"Swansea",player_stats,""
resolved,"Rhian Brewster","Championship",2021,14,3,"Sheffield Utd",alias,"Sheff Utd"
resolved,"Rhian Brewster","Championship",2022,16,1,"Sheffield Utd",alias,"Sheff Utd"
resolved,"Rhian Brewster","Championship",2024,36,4,"Sheffield Utd",alias,"Sheff Utd"
resolved,"Rhian Brewster","Championship",2025,29,7,"Sheffield Utd",alias,"Sheff Utd"
resolved,"Ricardo Horta","Primeira Liga",2012,6,0,"Vitoria Setubal",teams,"Vitória Setúbal"
resolved,"Ricardo Horta","Primeira Liga",2013,28,7,"Vitoria Setubal",teams,"Vitória Setúbal"
resolved,"Ricardo Horta","Primeira Liga",2016,32,6,"SC Braga",player_stats,"Braga"
resolved,"Ricardo Horta","Primeira Liga",2017,30,11,"SC Braga",player_stats,"Braga"
resolved,"Ricardo Horta","Primeira Liga",2018,34,8,"SC Braga",player_stats,"Braga"
resolved,"Ricardo Horta","Primeira Liga",2019,33,12,"SC Braga",player_stats,"Braga"
resolved,"Ricardo Horta","Primeira Liga",2020,32,9,"SC Braga",player_stats,"Braga"
resolved,"Ricardo Horta","Primeira Liga",2021,32,19,"SC Braga",player_stats,"Braga"
resolved,"Ricardo Horta","Primeira Liga",2022,30,14,"SC Braga",player_stats,"Braga"
resolved,"Ricardo Horta","Primeira Liga",2023,28,9,"SC Braga",player_stats,"Braga"
resolved,"Ricardo Horta","Primeira Liga",2024,34,11,"SC Braga",player_stats,"Braga"
resolved,"Ricardo Horta","Primeira Liga",2025,28,14,"SC Braga",player_stats,"Braga"
resolved,"Ricardo Pepi","Eredivisie",2022,29,12,"Groningen",player_stats,"FC Groningen"
resolved,"Ricardo Pepi","Eredivisie",2023,27,7,"PSV Eindhoven",player_stats~,"PSV"
resolved,"Ricardo Pepi","Eredivisie",2024,18,11,"PSV Eindhoven",player_stats~,"PSV"
resolved,"Ricardo Pepi","Eredivisie",2025,26,16,"PSV Eindhoven",player_stats~,"PSV"
resolved,"Ricardo Pereira","Primeira Liga",2011,3,0,"Guimaraes",player_stats~,"Vit. Guimarães"
resolved,"Ricardo Pereira","Primeira Liga",2012,27,0,"Guimaraes",player_stats~,"Vit. Guimarães"
resolved,"Ricardo Pereira","Primeira Liga",2013,14,2,"Guimaraes",player_stats~,"Vit. Guimarães"
resolved,"Ricardo Pereira","Primeira Liga",2014,5,0,"Porto",player_stats,""
resolved,"Ricardo Pereira","Primeira Liga",2017,27,2,"Porto",player_stats,""
resolved,"Ricardo Pereira","Championship",2023,39,3,"Leicester",player_stats,""
resolved,"Ricardo Pereira","Championship",2025,38,2,"Leicester",player_stats,""
resolved,"Ricardo Rodríguez","Eredivisie",2019,6,0,"PSV Eindhoven",player_stats~,"PSV"
resolved,"Riccardo Saponara","Süper Lig",2023,8,0,"Ankaragücü",teams,""
resolved,"Rick Karsdorp","Eredivisie",2014,19,0,"Feyenoord",player_stats,""
resolved,"Rick Karsdorp","Eredivisie",2015,29,0,"Feyenoord",player_stats,""
resolved,"Rick Karsdorp","Eredivisie",2016,30,1,"Feyenoord",player_stats,""
resolved,"Rick Karsdorp","Eredivisie",2019,15,1,"Feyenoord",player_stats,""
resolved,"Rick Karsdorp","Eredivisie",2024,12,0,"PSV Eindhoven",player_stats~,"PSV"
resolved,"Rico Henry","Championship",2017,8,0,"Brentford",player_stats,""
resolved,"Rico Henry","Championship",2018,14,1,"Brentford",player_stats,""
resolved,"Rico Henry","Championship",2019,46,0,"Brentford",player_stats,""
resolved,"Rico Henry","Championship",2020,30,1,"Brentford",player_stats,""
resolved,"Riechedly Bazoer","Eredivisie",2014,17,1,"Ajax",player_stats,""
resolved,"Riechedly Bazoer","Eredivisie",2015,29,5,"Ajax",player_stats,""
resolved,"Riechedly Bazoer","Eredivisie",2016,5,0,"Ajax",player_stats,""
resolved,"Riechedly Bazoer","Eredivisie",2018,12,3,"Utrecht",player_stats,""
resolved,"Riechedly Bazoer","Eredivisie",2019,22,3,"Vitesse",player_stats,""
resolved,"Riechedly Bazoer","Eredivisie",2020,29,5,"Vitesse",player_stats,""
resolved,"Riechedly Bazoer","Eredivisie",2021,26,1,"Vitesse",player_stats,""
resolved,"Riechedly Bazoer","Eredivisie",2022,16,0,"AZ Alkmaar",player_stats,""
resolved,"Riechedly Bazoer","Eredivisie",2023,30,0,"AZ Alkmaar",player_stats,""
resolved,"Riechedly Bazoer","Süper Lig",2024,25,2,"Konyaspor",player_stats,""
resolved,"Riechedly Bazoer","Eredivisie",2024,1,0,"AZ Alkmaar",player_stats,""
resolved,"Riechedly Bazoer","Süper Lig",2025,15,0,"Konyaspor",player_stats,""
resolved,"Ritsu Doan","Eredivisie",2017,29,9,"Groningen",player_stats,"FC Groningen"
resolved,"Ritsu Doan","Eredivisie",2018,30,5,"Groningen",player_stats,"FC Groningen"
resolved,"Ritsu Doan","Eredivisie",2021,24,8,"PSV Eindhoven",player_stats~,"PSV"
resolved,"Riyad Mahrez","Championship",2013,19,3,"Leicester",player_stats,""
resolved,"Riyad Mahrez","Saudi Pro League",2023,32,11,"Al-Ahli Jeddah",teams~,"Al-Ahli"
resolved,"Riyad Mahrez","Saudi Pro League",2024,31,8,"Al-Ahli Jeddah",teams~,"Al-Ahli"
resolved,"Riyad Mahrez","Saudi Pro League",2025,27,4,"Al-Ahli Jeddah",teams~,"Al-Ahli"
resolved,"Rob Holding","Championship",2015,26,1,"Bolton",player_stats,""
resolved,"Rob Holding","Championship",2024,10,0,"Sheffield Utd",alias,"Sheff Utd"
resolved,"Robin Gosens","Eredivisie",2014,31,2,"Dordrecht",teams,"FC Dordrecht"
resolved,"Robin Gosens","Eredivisie",2015,32,2,"Heracles",player_stats~,"Heracles Almelo"
resolved,"Robin Gosens","Eredivisie",2016,28,2,"Heracles",player_stats~,"Heracles Almelo"
resolved,"Rodrigo Gomes","Primeira Liga",2021,12,0,"SC Braga",player_stats,"Braga"
resolved,"Rodrigo Gomes","Primeira Liga",2022,15,1,"SC Braga",player_stats,"Braga"
resolved,"Rodrigo Muniz","Championship",2021,25,5,"Fulham",player_stats,""
resolved,"Rodrigo Muniz","Championship",2022,17,2,"Middlesbrough",player_stats,""
resolved,"Rodrigo Zalazar","Primeira Liga",2023,32,6,"SC Braga",player_stats,"Braga"
resolved,"Rodrigo Zalazar","Primeira Liga",2024,19,4,"SC Braga",player_stats,"Braga"
resolved,"Rodrigo Zalazar","Primeira Liga",2025,28,16,"SC Braga",player_stats,"Braga"
resolved,"Roger Ibañez","Saudi Pro League",2023,30,3,"Al-Ahli Jeddah",teams~,"Al-Ahli"
resolved,"Roger Ibañez","Saudi Pro League",2024,31,5,"Al-Ahli Jeddah",teams~,"Al-Ahli"
resolved,"Roger Ibañez","Saudi Pro League",2025,28,2,"Al-Ahli Jeddah",teams~,"Al-Ahli"
resolved,"Roland Sallai","Süper Lig",2024,27,2,"Galatasaray",player_stats,""
resolved,"Roland Sallai","Süper Lig",2025,30,1,"Galatasaray",player_stats,""
resolved,"Romano Schmid","Bundesliga",2018,12,1,"Werder Bremen",player_stats,""
resolved,"Roman Yaremchuk","Primeira Liga",2021,23,6,"Benfica",player_stats,""
resolved,"Roman Yaremchuk","Primeira Liga",2022,2,0,"Benfica",player_stats,""
resolved,"Rômulo","Süper Lig",2024,29,13,"Göztepe",teams,""
resolved,"Rony Lopes","Primeira Liga",2023,23,2,"SC Braga",player_stats,"Braga"
resolved,"Rony Lopes","Süper Lig",2024,15,0,"Alanyaspor",player_stats,""
resolved,"Rony Lopes","Primeira Liga",2025,16,4,"Tondela",teams,""
resolved,"Rúben Dias","Primeira Liga",2017,24,3,"Benfica",player_stats,""
resolved,"Rúben Dias","Primeira Liga",2018,32,3,"Benfica",player_stats,""
resolved,"Rúben Dias","Primeira Liga",2019,33,2,"Benfica",player_stats,""
resolved,"Rúben Dias","Primeira Liga",2020,2,1,"Benfica",player_stats,""
resolved,"Rúben Neves","Primeira Liga",2014,24,1,"Porto",player_stats,""
resolved,"Rúben Neves","Primeira Liga",2015,22,1,"Porto",player_stats,""
resolved,"Rúben Neves","Primeira Liga",2016,13,1,"Porto",player_stats,""
resolved,"Rúben Neves","Championship",2017,42,6,"Wolves",player_stats,""
resolved,"Rúben Neves","Saudi Pro League",2023,32,3,"Al-Hilal Saudi FC",teams~,"Al-Hilal"
resolved,"Rúben Neves","Saudi Pro League",2024,26,1,"Al-Hilal Saudi FC",teams~,"Al-Hilal"
resolved,"Rúben Neves","Saudi Pro League",2025,31,11,"Al-Hilal Saudi FC",teams~,"Al-Hilal"
resolved,"Ryan Flamingo","Eredivisie",2022,33,3,"Vitesse",player_stats,""
resolved,"Ryan Flamingo","Eredivisie",2023,32,2,"Utrecht",player_stats,""
resolved,"Ryan Flamingo","Eredivisie",2025,33,3,"PSV Eindhoven",player_stats~,"PSV"
resolved,"Ryan Fraser","Championship",2013,37,3,"Bournemouth",player_stats,""
resolved,"Ryan Fraser","Championship",2014,21,1,"Bournemouth",player_stats,""
resolved,"Ryan Fraser","Championship",2015,18,4,"Ipswich",player_stats,""
resolved,"Ryan Fraser","Championship",2023,39,6,"Southampton",player_stats,""
resolved,"Ryan Fraser","Championship",2025,16,0,"Southampton",player_stats,""
resolved,"Ryan Gravenberch","Eredivisie",2019,9,2,"Ajax",player_stats,""
resolved,"Ryan Gravenberch","Eredivisie",2020,32,3,"Ajax",player_stats,""
resolved,"Ryan Gravenberch","Eredivisie",2021,30,2,"Ajax",player_stats,""
resolved,"Ryan Kent","Championship",2016,44,3,"Barnsley",player_stats,"Barnsley FC"
resolved,"Ryan Kent","Championship",2017,10,0,"Bristol City",teams,""
resolved,"Ryan Kent","Süper Lig",2023,8,0,"Fenerbahçe",player_stats,"Fenerbahce"
resolved,"Sacha Boey","Süper Lig",2021,13,0,"Galatasaray",player_stats,""
resolved,"Sacha Boey","Süper Lig",2022,31,1,"Galatasaray",player_stats,""
resolved,"Sacha Boey","Süper Lig",2023,19,1,"Galatasaray",player_stats,""
resolved,"Sacha Boey","Süper Lig",2025,11,1,"Galatasaray",player_stats,""
resolved,"Sadio Mané","Saudi Pro League",2023,32,13,"Al-Nassr",teams,""
resolved,"Sadio Mané","Saudi Pro League",2024,32,14,"Al-Nassr",teams,""
resolved,"Sadio Mané","Saudi Pro League",2025,25,10,"Al-Nassr",teams,""
resolved,"Saïd Benrahma","Championship",2018,38,10,"Brentford",player_stats,""
resolved,"Saïd Benrahma","Championship",2019,43,17,"Brentford",player_stats,""
resolved,"Saïd Benrahma","Championship",2020,2,0,"Brentford",player_stats,""
resolved,"Saïd Benrahma","Saudi Pro League",2025,27,10,"NEOM",teams,"NEOM SC"
resolved,"Salis Samed","Championship",2024,10,0,"Sunderland",player_stats,""
resolved,"Sam Beukema","Eredivisie",2022,26,2,"AZ Alkmaar",player_stats,""
resolved,"Samson Baidoo","Bundesliga",2022,4,0,"FC Liefering",teams,""
resolved,"Samuel Lino","Primeira Liga",2020,33,9,"GIL Vicente",teams,"Gil Vicente"
resolved,"Samuel Lino","Primeira Liga",2021,34,12,"GIL Vicente",teams,"Gil Vicente"
resolved,"Sander Berge","Championship",2021,31,5,"Sheffield Utd",alias,"Sheff Utd"
resolved,"Sander Berge","Championship",2022,37,6,"Sheffield Utd",alias,"Sheff Utd"
resolved,"Santiago Arias","Primeira Liga",2012,1,0,"Sporting CP",alias,"Sporting"
resolved,"Santiago Arias","Eredivisie",2013,25,1,"PSV Eindhoven",player_stats~,"PSV"
resolved,"Santiago Arias","Eredivisie",2014,21,1,"PSV Eindhoven",player_stats~,"PSV"
resolved,"Santiago Arias","Eredivisie",2015,32,3,"PSV Eindhoven",player_stats~,"PSV"
resolved,"Santiago Arias","Eredivisie",2016,28,1,"PSV Eindhoven",player_stats~,"PSV"
resolved,"Santiago Arias","Eredivisie",2017,30,3,"PSV Eindhoven",player_stats~,"PSV"
resolved,"Santiago Gimenez","Eredivisie",2022,32,15,"Feyenoord",player_stats,""
resolved,"Santiago Gimenez","Eredivisie",2023,30,23,"Feyenoord",player_stats,""
resolved,"Santiago Gimenez","Eredivisie",2024,11,7,"Feyenoord",player_stats,""
resolved,"Santi Cazorla","UEFA Europa League",2004,10,4,"Villarreal",player_stats,""
resolved,"Santi Cazorla","UEFA Europa League",2007,7,1,"Villarreal",player_stats,""
resolved,"Sasa Kalajdzic","Bundesliga",2017,18,3,"Admira Wacker",player_stats,""
resolved,"Sasa Kalajdzic","Bundesliga",2018,15,8,"Admira Wacker",player_stats,""
resolved,"Savinho","Eredivisie",2022,6,0,"PSV Eindhoven",player_stats~,"PSV"
resolved,"Scott Arfield","Championship",2012,21,1,"Huddersfield",player_stats,""
resolved,"Scott Arfield","Championship",2015,46,8,"Burnley",player_stats,""
resolved,"Scott Arfield","Championship",2024,13,9,"Bolton",player_stats,""
resolved,"Séamus Coleman","Championship",2009,9,1,"Blackpool",player_stats,""
resolved,"Sebastián Coates","Primeira Liga",2015,13,0,"Sporting CP",player_stats,""
resolved,"Sebastián Coates","Primeira Liga",2016,33,3,"Sporting CP",player_stats,""
resolved,"Sebastián Coates","Primeira Liga",2017,34,2,"Sporting CP",player_stats,""
resolved,"Sebastián Coates","Primeira Liga",2018,31,1,"Sporting CP",player_stats,""
resolved,"Sebastián Coates","Primeira Liga",2019,29,4,"Sporting CP",player_stats,""
resolved,"Sebastián Coates","Primeira Liga",2020,33,5,"Sporting CP",player_stats,""
resolved,"Sebastián Coates","Primeira Liga",2021,30,2,"Sporting CP",player_stats,""
resolved,"Sebastián Coates","Primeira Liga",2022,30,1,"Sporting CP",player_stats,""
resolved,"Sebastián Coates","Primeira Liga",2023,29,4,"Sporting CP",player_stats,""
resolved,"Sebastian Szymanski","Eredivisie",2022,29,9,"Feyenoord",player_stats,""
resolved,"Sebastian Szymanski","Süper Lig",2023,37,10,"Fenerbahçe",player_stats,""
resolved,"Sebastian Szymanski","Süper Lig",2024,35,3,"Fenerbahçe",player_stats,""
resolved,"Sebastian Szymanski","Süper Lig",2025,14,1,"Fenerbahçe",player_stats,""
resolved,"Sébastien Haller","Eredivisie",2014,17,11,"Utrecht",player_stats,""
resolved,"Sébastien Haller","Eredivisie",2015,33,17,"Utrecht",player_stats,""
resolved,"Sébastien Haller","Eredivisie",2016,32,13,"Utrecht",player_stats,""
resolved,"Sébastien Haller","Eredivisie",2020,19,11,"Ajax",player_stats,""
resolved,"Sébastien Haller","Eredivisie",2021,31,21,"Ajax",player_stats,""
resolved,"Sébastien Haller","Eredivisie",2024,16,4,"Utrecht",player_stats,""
resolved,"Sébastien Haller","Eredivisie",2025,21,1,"Utrecht",player_stats,""
resolved,"Seko Fofana","Championship",2014,21,1,"Fulham",player_stats,""
resolved,"Seko Fofana","Primeira Liga",2025,12,3,"Porto",player_stats,""
resolved,"Semih Kılıçsoy","Süper Lig",2022,4,0,"Beşiktaş",player_stats,"Besiktas"
resolved,"Semih Kılıçsoy","Süper Lig",2023,23,11,"Beşiktaş",player_stats,"Besiktas"
resolved,"Semih Kılıçsoy","Süper Lig",2024,32,3,"Beşiktaş",player_stats,"Besiktas"
resolved,"Sepp van den Berg","Eredivisie",2018,15,0,"PEC Zwolle",player_stats,""
resolved,"Sepp van den Berg","Championship",2020,16,0,"Preston",teams,""
resolved,"Sepp van den Berg","Championship",2021,45,1,"Preston",teams,""
resolved,"Serge Aurier","Süper Lig",2023,4,0,"Galatasaray",player_stats,""
resolved,"Sergej Milinković-Savić","Saudi Pro League",2023,30,11,"Al-Hilal Saudi FC",teams~,"Al-Hilal"
resolved,"Sergej Milinković-Savić","Saudi Pro League",2024,31,12,"Al-Hilal Saudi FC",teams~,"Al-Hilal"
resolved,"Sergej Milinković-Savić","Saudi Pro League",2025,32,8,"Al-Hilal Saudi FC",teams~,"Al-Hilal"
resolved,"Sergiño Dest","Eredivisie",2019,20,0,"Ajax",player_stats,""
resolved,"Sergiño Dest","Eredivisie",2020,3,0,"Ajax",player_stats,""
resolved,"Sergiño Dest","Eredivisie",2023,25,2,"PSV Eindhoven",player_stats~,"PSV"
resolved,"Sergiño Dest","Eredivisie",2024,7,0,"PSV Eindhoven",player_stats~,"PSV"
resolved,"Sergiño Dest","Eredivisie",2025,27,1,"PSV Eindhoven",player_stats~,"PSV"
resolved,"Sérgio Oliveira","Primeira Liga",2013,28,2,"Pacos Ferreira",player_stats,"Paços Ferreira"
resolved,"Sérgio Oliveira","Primeira Liga",2014,26,2,"Pacos Ferreira",player_stats,"Paços Ferreira"
resolved,"Sérgio Oliveira","Primeira Liga",2016,1,0,"Porto",player_stats,"FC Porto"
resolved,"Sérgio Oliveira","Primeira Liga",2017,19,4,"Porto",player_stats,"FC Porto"
resolved,"Sérgio Oliveira","Primeira Liga",2018,8,1,"Porto",player_stats,"FC Porto"
resolved,"Sérgio Oliveira","Primeira Liga",2019,20,3,"Porto",player_stats,"FC Porto"
resolved,"Sérgio Oliveira","Primeira Liga",2020,32,13,"Porto",player_stats,"FC Porto"
resolved,"Sérgio Oliveira","Primeira Liga",2021,13,2,"Porto",player_stats,"FC Porto"
resolved,"Sérgio Oliveira","Süper Lig",2022,32,4,"Galatasaray",player_stats,""
resolved,"Sérgio Oliveira","Süper Lig",2023,12,1,"Galatasaray",player_stats,""
resolved,"Sergio Ramos","UEFA Europa League",2004,6,1,"Sevilla",player_stats,"Sevilla FC"
resolved,"Shea Charles","Championship",2023,32,0,"Southampton",player_stats,""
resolved,"Shea Charles","Championship",2024,43,1,"Sheffield Wednesday",teams,"Sheff Wed"
resolved,"Shea Charles","Championship",2025,31,3,"Southampton",player_stats,""
resolved,"Sheraldo Becker","Eredivisie",2014,9,1,"PEC Zwolle",player_stats,""
resolved,"Sheraldo Becker","Eredivisie",2015,23,4,"PEC Zwolle",player_stats,""
resolved,"Sheraldo Becker","Eredivisie",2016,28,3,"ADO Den Haag",teams,""
resolved,"Sheraldo Becker","Eredivisie",2017,27,2,"ADO Den Haag",teams,""
resolved,"Sheraldo Becker","Eredivisie",2018,33,7,"ADO Den Haag",teams,""
resolved,"Shinji Kagawa","Süper Lig",2018,14,4,"Beşiktaş",player_stats,"Besiktas"
resolved,"Sidiki Chérif","Süper Lig",2025,12,2,"Fenerbahçe",player_stats,""
resolved,"Simon Banza","Primeira Liga",2021,29,14,"Famalicao",teams,"Famalicão"
resolved,"Simon Banza","Primeira Liga",2022,30,11,"SC Braga",player_stats,"Braga"
resolved,"Simon Banza","Primeira Liga",2023,28,21,"SC Braga",player_stats,"Braga"
resolved,"Simon Banza","Süper Lig",2024,31,19,"Trabzonspor",player_stats,""
resolved,"Simon Banza","Primeira Liga",2024,1,0,"SC Braga",player_stats,"Braga"
resolved,"Sofiane Feghouli","Süper Lig",2017,27,6,"Galatasaray",player_stats,""
resolved,"Sofiane Feghouli","Süper Lig",2018,29,9,"Galatasaray",player_stats,""
resolved,"Sofiane Feghouli","Süper Lig",2019,27,6,"Galatasaray",player_stats,""
resolved,"Sofiane Feghouli","Süper Lig",2020,22,2,"Galatasaray",player_stats,""
resolved,"Sofiane Feghouli","Süper Lig",2021,21,2,"Galatasaray",player_stats,""
resolved,"Sofiane Feghouli","Süper Lig",2023,25,2,"Fatih Karagümrük",teams~,"Karagümrük"
resolved,"Sofyan Amrabat","Eredivisie",2015,7,0,"Utrecht",player_stats,""
resolved,"Sofyan Amrabat","Eredivisie",2016,31,0,"Utrecht",player_stats,""
resolved,"Sofyan Amrabat","Süper Lig",2024,26,2,"Fenerbahçe",player_stats,""
resolved,"Sofyan Amrabat","Süper Lig",2025,2,0,"Fenerbahçe",player_stats,""
resolved,"Sokratis Papastathopoulos","UEFA Europa League",2006,1,0,"AEK Athens",player_stats,""
resolved,"Sokratis Papastathopoulos","UEFA Europa League",2007,7,0,"AEK Athens",player_stats,""
resolved,"Solly March","Championship",2013,23,0,"Brighton",player_stats,""
resolved,"Solly March","Championship",2014,11,1,"Brighton",player_stats,""
resolved,"Solly March","Championship",2015,16,3,"Brighton",player_stats,""
resolved,"Solly March","Championship",2016,25,3,"Brighton",player_stats,""
resolved,"Stefan de Vrij","Eredivisie",2009,17,1,"Feyenoord",player_stats,""
resolved,"Stefan de Vrij","Eredivisie",2010,30,0,"Feyenoord",player_stats,""
resolved,"Stefan de Vrij","Eredivisie",2011,30,1,"Feyenoord",player_stats,""
resolved,"Stefan de Vrij","Eredivisie",2012,26,0,"Feyenoord",player_stats,""
resolved,"Stefan de Vrij","Eredivisie",2013,32,4,"Feyenoord",player_stats,""
resolved,"Stefan Lainer","Bundesliga",2014,34,1,"FC Liefering",teams,""
resolved,"Stefan Savic","Süper Lig",2024,13,0,"Trabzonspor",player_stats,""
resolved,"Stefan Savic","Süper Lig",2025,22,1,"Trabzonspor",player_stats,""
resolved,"Stevan Jovetić","UEFA Europa League",2008,2,0,"Fiorentina",player_stats,""
resolved,"Steven Berghuis","Eredivisie",2013,25,8,"AZ Alkmaar",player_stats,""
resolved,"Steven Berghuis","Eredivisie",2014,22,11,"AZ Alkmaar",player_stats,""
resolved,"Steven Berghuis","Eredivisie",2016,30,7,"Feyenoord",player_stats,""
resolved,"Steven Berghuis","Eredivisie",2017,31,18,"Feyenoord",player_stats,""
resolved,"Steven Berghuis","Eredivisie",2018,33,12,"Feyenoord",player_stats,""
resolved,"Steven Berghuis","Eredivisie",2019,24,15,"Feyenoord",player_stats,""
resolved,"Steven Berghuis","Eredivisie",2020,31,18,"Feyenoord",player_stats,""
resolved,"Steven Berghuis","Eredivisie",2022,29,9,"Ajax",player_stats,""
resolved,"Steven Berghuis","Eredivisie",2023,20,5,"Ajax",player_stats,""
resolved,"Steven Berghuis","Eredivisie",2024,26,2,"Ajax",player_stats,""
resolved,"Steven Berghuis","Eredivisie",2025,19,4,"Ajax",player_stats,""
resolved,"Steven Bergwijn","Eredivisie",2015,5,0,"PSV Eindhoven",player_stats~,"PSV"
resolved,"Steven Bergwijn","Eredivisie",2016,25,2,"PSV Eindhoven",player_stats~,"PSV"
resolved,"Steven Bergwijn","Eredivisie",2017,32,8,"PSV Eindhoven",player_stats~,"PSV"
resolved,"Steven Bergwijn","Eredivisie",2018,33,14,"PSV Eindhoven",player_stats~,"PSV"
resolved,"Steven Bergwijn","Eredivisie",2019,16,5,"PSV Eindhoven",player_stats~,"PSV"
resolved,"Steven Bergwijn","Eredivisie",2022,32,12,"Ajax",player_stats,""
resolved,"Steven Bergwijn","Eredivisie",2023,24,12,"Ajax",player_stats,""
resolved,"Steven Bergwijn","Eredivisie",2024,1,0,"Ajax",player_stats,""
resolved,"Steven Bergwijn","Saudi Pro League",2024,25,13,"Al-Ittihad FC",teams,"Al-Ittihad"
resolved,"Steven Bergwijn","Saudi Pro League",2025,21,5,"Al-Ittihad FC",teams,"Al-Ittihad"
resolved,"Steven Davis","UEFA Europa League",2007,9,1,"Fulham",player_stats,""
resolved,"Steven Nzonzi","Süper Lig",2019,10,0,"Galatasaray",player_stats,""
resolved,"Sven Botman","Eredivisie",2019,26,2,"Heerenveen",player_stats,""
resolved,"Sverre Nypan","Championship",2025,20,0,"Middlesbrough",player_stats,""
resolved,"Taiwo Awoniyi","Eredivisie",2016,18,2,"NEC Nijmegen",teams,""
resolved,"Takehiro Tomiyasu","Eredivisie",2025,7,0,"Ajax",player_stats,""
resolved,"Tammy Abraham","Championship",2016,41,23,"Bristol City",teams,""
resolved,"Tammy Abraham","Championship",2018,37,25,"Aston Villa",player_stats,""
resolved,"Tammy Abraham","Süper Lig",2025,18,7,"Beşiktaş",player_stats,"Besiktas"
resolved,"Tanguy Ndombélé","Süper Lig",2023,19,0,"Galatasaray",player_stats,""
resolved,"Taylor Harwood-Bellis","Championship",2020,19,0,"Blackburn",player_stats,""
resolved,"Taylor Harwood-Bellis","Championship",2021,22,0,"Stoke City",player_stats,""
resolved,"Taylor Harwood-Bellis","Championship",2022,32,1,"Burnley",player_stats,""
resolved,"Taylor Harwood-Bellis","Championship",2023,40,2,"Southampton",player_stats,""
resolved,"Taylor Harwood-Bellis","Championship",2025,41,7,"Southampton",player_stats,""
resolved,"Terem Moffi","Primeira Liga",2025,9,1,"Porto",player_stats,""
resolved,"Tetê","Süper Lig",2023,33,0,"Galatasaray",player_stats,""
resolved,"Teun Koopmeiners","Eredivisie",2017,26,1,"AZ Alkmaar",player_stats,""
resolved,"Teun Koopmeiners","Eredivisie",2018,32,8,"AZ Alkmaar",player_stats,""
resolved,"Teun Koopmeiners","Eredivisie",2019,25,11,"AZ Alkmaar",player_stats,""
resolved,"Teun Koopmeiners","Eredivisie",2020,31,15,"AZ Alkmaar",player_stats,""
resolved,"Teun Koopmeiners","Eredivisie",2021,2,0,"AZ Alkmaar",player_stats,""
resolved,"Theo Hernández","Saudi Pro League",2025,31,5,"Al-Hilal Saudi FC",teams~,"Al-Hilal"
resolved,"Thiago Silva","Primeira Liga",2025,8,0,"Porto",player_stats,""
resolved,"Thijs Dallinga","Eredivisie",2020,6,0,"Groningen",player_stats,"FC Groningen"
resolved,"Thomas Meunier","Süper Lig",2023,14,1,"Trabzonspor",player_stats,""
resolved,"Thorgan Hazard","Eredivisie",2022,9,1,"PSV Eindhoven",player_stats~,"PSV"
resolved,"Tiago Djaló","Primeira Liga",2024,8,0,"Porto",player_stats,""
resolved,"Tiago Djaló","Süper Lig",2025,18,2,"Beşiktaş",player_stats,"Besiktas"
resolved,"Tiago Gabriel","Primeira Liga",2024,11,1,"Estrela",teams~,"Estrela Amadora"
resolved,"Tiago Santos","Primeira Liga",2022,30,0,"Estoril",player_stats,""
resolved,"Tiago Tomás","Primeira Liga",2020,30,3,"Sporting CP",alias,"Sporting"
resolved,"Tiago Tomás","Primeira Liga",2021,13,0,"Sporting CP",alias,"Sporting"
resolved,"Tijjani Reijnders","Eredivisie",2020,22,0,"AZ Alkmaar",player_stats,""
resolved,"Tijjani Reijnders","Eredivisie",2021,33,4,"AZ Alkmaar",player_stats,""
resolved,"Tijjani Reijnders","Eredivisie",2022,34,3,"AZ Alkmaar",player_stats,""
resolved,"Tim Iroegbunam","Championship",2022,32,2,"QPR",player_stats,""
resolved,"Timo Baumgartl","Eredivisie",2019,13,1,"PSV Eindhoven",player_stats~,"PSV"
resolved,"Timo Baumgartl","Eredivisie",2020,8,0,"PSV Eindhoven",player_stats~,"PSV"
resolved,"Toby Alderweireld","Eredivisie",2008,5,0,"Ajax",player_stats,""
resolved,"Toby Alderweireld","UEFA Europa League",2008,3,0,"Ajax",player_stats,""
resolved,"Toby Alderweireld","Eredivisie",2009,31,2,"Ajax",player_stats,""
resolved,"Toby Alderweireld","Eredivisie",2010,26,2,"Ajax",player_stats,""
resolved,"Toby Alderweireld","Eredivisie",2011,29,1,"Ajax",player_stats,""
resolved,"Toby Alderweireld","Eredivisie",2012,33,2,"Ajax",player_stats,""
resolved,"Toby Alderweireld","Eredivisie",2013,4,0,"Ajax",player_stats,""
resolved,"Todd Cantwell","Championship",2018,24,1,"Norwich",player_stats,""
resolved,"Todd Cantwell","Championship",2020,33,6,"Norwich",player_stats,""
resolved,"Todd Cantwell","Championship",2021,11,0,"Bournemouth",player_stats,""
resolved,"Todd Cantwell","Championship",2022,18,0,"Norwich",player_stats,""
resolved,"Tom Cairney","Premier League",2009,11,1,"Hull City",player_stats,""
resolved,"Tom Cairney","Championship",2010,22,1,"Hull City",player_stats,""
resolved,"Tom Cairney","Championship",2011,27,0,"Hull City",player_stats,""
resolved,"Tom Cairney","Championship",2012,10,0,"Hull City",player_stats,""
resolved,"Tom Cairney","Championship",2013,37,5,"Blackburn",player_stats,""
resolved,"Tom Cairney","Championship",2014,39,3,"Blackburn",player_stats,""
resolved,"Tom Cairney","Championship",2016,45,12,"Fulham",player_stats,""
resolved,"Tom Cairney","Championship",2017,34,5,"Fulham",player_stats,""
resolved,"Tom Cairney","Championship",2019,39,8,"Fulham",player_stats,""
resolved,"Tom Cairney","Championship",2021,26,3,"Fulham",player_stats,""
resolved,"Tom Davies","Championship",2024,13,1,"Sheffield Utd",alias,"Sheff Utd"
resolved,"Tom Davies","Championship",2025,10,0,"Sheffield Utd",alias,"Sheff Utd"
resolved,"Toni Kroos","UEFA Europa League",2007,6,1,"Bayern München",player_stats,"Bayern Munich"
resolved,"Tosin Adarabioyo","Championship",2018,29,0,"West Brom",player_stats,""
resolved,"Tosin Adarabioyo","Championship",2019,34,3,"Blackburn",player_stats,""
resolved,"Tosin Adarabioyo","Championship",2021,41,2,"Fulham",player_stats,""
resolved,"Trai Hume","Championship",2022,28,1,"Sunderland",player_stats,""
resolved,"Trai Hume","Championship",2023,46,1,"Sunderland",player_stats,""
resolved,"Trai Hume","Championship",2024,44,3,"Sunderland",player_stats,""
resolved,"Trevoh Chalobah","Championship",2018,43,2,"Ipswich",player_stats,""
resolved,"Trevoh Chalobah","Championship",2019,36,1,"Huddersfield",player_stats,""
resolved,"Troy Parrott","Championship",2022,32,3,"Preston",teams,""
resolved,"Troy Parrott","Eredivisie",2023,25,10,"Excelsior",teams,""
resolved,"Troy Parrott","Eredivisie",2024,28,14,"AZ Alkmaar",player_stats,""
resolved,"Troy Parrott","Eredivisie",2025,28,16,"AZ Alkmaar",player_stats,""
resolved,"Tyler Morton","Championship",2022,40,0,"Blackburn",player_stats,""
resolved,"Tyler Morton","Championship",2023,39,3,"Hull City",player_stats,""
resolved,"Tyrell Malacia","Eredivisie",2017,11,0,"Feyenoord",player_stats,""
resolved,"Tyrell Malacia","Eredivisie",2018,17,3,"Feyenoord",player_stats,""
resolved,"Tyrell Malacia","Eredivisie",2019,12,0,"Feyenoord",player_stats,""
resolved,"Tyrell Malacia","Eredivisie",2020,26,0,"Feyenoord",player_stats,""
resolved,"Tyrell Malacia","Eredivisie",2021,32,1,"Feyenoord",player_stats,""
resolved,"Tyrell Malacia","Eredivisie",2024,8,0,"PSV Eindhoven",player_stats~,"PSV"
resolved,"Tyrone Mings","Championship",2013,16,0,"Ipswich",player_stats,""
resolved,"Tyrone Mings","Championship",2014,40,1,"Ipswich",player_stats,""
resolved,"Tyrone Mings","Championship",2018,15,2,"Aston Villa",player_stats,""
resolved,"Umar Sadiq","Eredivisie",2017,12,5,"NAC Breda",player_stats,""
resolved,"Valentin Atangana","Saudi Pro League",2025,23,5,"Al-Ahli Jeddah",teams~,"Al-Ahli"
resolved,"Valentino Lazaro","Primeira Liga",2021,18,0,"Benfica",player_stats,""
resolved,"Vedat Muriqi","Süper Lig",2018,34,17,"Rizespor",teams~,"C. Rizespor"
resolved,"Victor Kristiansen","Championship",2025,5,0,"Leicester",player_stats,""
resolved,"Victor Lindelöf","Primeira Liga",2015,15,1,"Benfica",player_stats,""
resolved,"Victor Lindelöf","Primeira Liga",2016,32,1,"Benfica",player_stats,""
resolved,"Victor Moses","Championship",2007,13,3,"Crystal Palace",player_stats,""
resolved,"Victor Moses","Championship",2008,27,2,"Crystal Palace",player_stats,""
resolved,"Victor Moses","Championship",2009,18,6,"Crystal Palace",player_stats,""
resolved,"Victor Moses","Süper Lig",2018,14,4,"Fenerbahçe",player_stats,"Fenerbahce"
resolved,"Victor Moses","Süper Lig",2019,6,1,"Fenerbahçe",player_stats,"Fenerbahce"
resolved,"Victor Nelsson","Süper Lig",2021,36,1,"Galatasaray",player_stats,""
resolved,"Victor Nelsson","Süper Lig",2022,33,0,"Galatasaray",player_stats,""
resolved,"Victor Nelsson","Süper Lig",2023,32,2,"Galatasaray",player_stats,""
resolved,"Victor Nelsson","Süper Lig",2024,11,0,"Galatasaray",player_stats,""
resolved,"Victor Osimhen","Süper Lig",2024,30,26,"Galatasaray",player_stats,""
resolved,"Victor Osimhen","Süper Lig",2025,22,15,"Galatasaray",player_stats,""
resolved,"Viktor Gyökeres","Championship",2021,45,17,"Coventry City",player_stats~,"Coventry"
resolved,"Viktor Gyökeres","Championship",2022,46,21,"Coventry City",player_stats~,"Coventry"
resolved,"Viktor Gyökeres","Primeira Liga",2024,33,39,"Sporting CP",alias,"Sporting"
resolved,"Vincent Aboubakar","Primeira Liga",2014,14,4,"Porto",player_stats,"FC Porto"
resolved,"Vincent Aboubakar","Primeira Liga",2015,28,13,"Porto",player_stats,"FC Porto"
resolved,"Vincent Aboubakar","Süper Lig",2016,27,12,"Beşiktaş",player_stats,"Besiktas"
resolved,"Vincent Aboubakar","Primeira Liga",2017,28,15,"Porto",player_stats,"FC Porto"
resolved,"Vincent Aboubakar","Primeira Liga",2018,8,4,"Porto",player_stats,"FC Porto"
resolved,"Vincent Aboubakar","Primeira Liga",2019,5,0,"Porto",player_stats,"FC Porto"
resolved,"Vincent Aboubakar","Süper Lig",2020,26,15,"Beşiktaş",player_stats,"Besiktas"
resolved,"Vincent Aboubakar","Saudi Pro League",2021,23,8,"Al-Nassr",teams,""
resolved,"Vincent Aboubakar","Süper Lig",2022,16,13,"Beşiktaş",player_stats,"Besiktas"
resolved,"Vincent Aboubakar","Saudi Pro League",2022,11,4,"Al-Nassr",teams,""
resolved,"Vincent Aboubakar","Süper Lig",2023,22,5,"Beşiktaş",player_stats,"Besiktas"
resolved,"Vincent Aboubakar","Süper Lig",2024,25,7,"Beşiktaş",player_stats,"Besiktas"
resolved,"Vini Souza","Championship",2024,35,0,"Sheffield Utd",alias,"Sheff Utd"
resolved,"Virgil van Dijk","Eredivisie",2011,23,3,"Groningen",player_stats,"FC Groningen"
resolved,"Virgil van Dijk","Eredivisie",2012,32,2,"Groningen",player_stats,"FC Groningen"
resolved,"Vitaly Janelt","Championship",2020,41,3,"Brentford",player_stats,""
resolved,"Vitinha","Primeira Liga",2019,8,0,"Porto",player_stats,""
resolved,"Vitinha","Primeira Liga",2021,30,2,"Porto",player_stats,""
resolved,"Vitinha","Primeira Liga",2022,17,7,"SC Braga",player_stats,"Braga"
resolved,"Wahbi Khazri","Championship",2017,3,0,"Sunderland",player_stats,""
resolved,"Wendell","Primeira Liga",2021,19,1,"Porto",player_stats,""
resolved,"Wendell","Primeira Liga",2022,26,1,"Porto",player_stats,""
resolved,"Wendell","Primeira Liga",2023,25,4,"Porto",player_stats,""
resolved,"Wendell","Primeira Liga",2024,1,0,"Porto",player_stats,""
resolved,"Wesley Hoedt","Eredivisie",2014,24,2,"AZ Alkmaar",player_stats,""
resolved,"Wesley Hoedt","Championship",2022,15,1,"Watford",player_stats,""
resolved,"Wesley Hoedt","Championship",2023,44,3,"Watford",player_stats,""
resolved,"Wilfred Ndidi","Championship",2023,32,4,"Leicester",player_stats,""
resolved,"Wilfred Ndidi","Süper Lig",2025,25,2,"Beşiktaş",player_stats,"Besiktas"
resolved,"Wilfried Gnonto","Championship",2023,36,8,"Leeds",player_stats,""
resolved,"Wilfried Gnonto","Championship",2024,43,9,"Leeds",player_stats,""
resolved,"Wilfried Singo","Süper Lig",2025,19,2,"Galatasaray",player_stats,""
resolved,"Wilfried Zaha","Championship",2010,41,1,"Crystal Palace",player_stats,""
resolved,"Wilfried Zaha","Championship",2011,41,6,"Crystal Palace",player_stats,""
resolved,"Wilfried Zaha","Championship",2012,43,6,"Crystal Palace",player_stats,""
resolved,"Wilfried Zaha","Süper Lig",2023,30,9,"Galatasaray",player_stats,""
resolved,"Will Hughes","Championship",2012,35,2,"Derby County",player_stats~,"Derby"
resolved,"Will Hughes","Championship",2013,41,3,"Derby County",player_stats~,"Derby"
resolved,"Will Hughes","Championship",2014,42,2,"Derby County",player_stats~,"Derby"
resolved,"Will Hughes","Championship",2015,6,0,"Derby County",player_stats~,"Derby"
resolved,"Will Hughes","Championship",2016,38,2,"Derby County",player_stats~,"Derby"
resolved,"Will Hughes","Championship",2020,30,2,"Watford",player_stats,""
resolved,"William Carvalho","Primeira Liga",2013,29,4,"Sporting CP",alias,"Sporting"
resolved,"William Carvalho","Primeira Liga",2014,30,1,"Sporting CP",alias,"Sporting"
resolved,"William Carvalho","Primeira Liga",2015,27,2,"Sporting CP",alias,"Sporting"
resolved,"William Carvalho","Primeira Liga",2016,32,2,"Sporting CP",alias,"Sporting"
resolved,"William Carvalho","Primeira Liga",2017,24,1,"Sporting CP",alias,"Sporting"
resolved,"Willian","UEFA Europa League",2008,9,0,"Shakhtar D.",player_stats,""
resolved,"Willy Boly","Primeira Liga",2015,22,2,"SC Braga",player_stats,"Braga"
resolved,"Willy Boly","Championship",2017,36,3,"Wolves",player_stats,""
resolved,"Wilson Isidor","Championship",2024,43,12,"Sunderland",player_stats,""
resolved,"Wilson Odobert","Championship",2024,1,1,"Burnley",player_stats,""
resolved,"Wouter Burger","Eredivisie",2018,1,0,"Feyenoord",player_stats,""
resolved,"Wouter Burger","Eredivisie",2021,1,0,"Feyenoord",player_stats,""
resolved,"Wouter Burger","Championship",2023,39,3,"Stoke City",player_stats,""
resolved,"Wouter Burger","Championship",2024,39,1,"Stoke City",player_stats,""
resolved,"Wout Faes","Eredivisie",2016,7,0,"Heerenveen",player_stats,""
resolved,"Wout Faes","Eredivisie",2017,19,0,"Excelsior",teams,""
resolved,"Wout Faes","Championship",2023,43,2,"Leicester",player_stats,""
resolved,"Wout Faes","Championship",2025,15,1,"Leicester",player_stats,""
resolved,"Wout Weghorst","Eredivisie",2015,33,12,"Heracles",player_stats~,"Heracles Almelo"
resolved,"Wout Weghorst","Eredivisie",2017,31,18,"AZ Alkmaar",player_stats,""
resolved,"Wout Weghorst","Süper Lig",2022,16,8,"Beşiktaş",player_stats,"Besiktas"
resolved,"Wout Weghorst","Championship",2024,2,0,"Burnley",player_stats,""
resolved,"Wout Weghorst","Eredivisie",2024,24,10,"Ajax",player_stats,""
resolved,"Wout Weghorst","Eredivisie",2025,27,8,"Ajax",player_stats,""
resolved,"Xaver Schlager","Bundesliga",2015,2,0,"FC Liefering",teams,""
resolved,"Xaver Schlager","Bundesliga",2016,13,1,"FC Liefering",teams,""
resolved,"Xavi Simons","Eredivisie",2022,34,19,"PSV Eindhoven",player_stats~,"PSV"
resolved,"Yan Couto","Primeira Liga",2021,28,1,"SC Braga",player_stats,"Braga"
resolved,"Yankuba Minteh","Eredivisie",2023,27,10,"Feyenoord",player_stats,""
resolved,"Yann Gboho","Eredivisie",2021,17,2,"Vitesse",player_stats,""
resolved,"Yannick Bolasie","Championship",2018,21,2,"Aston Villa",player_stats,""
resolved,"Yannick Bolasie","Primeira Liga",2019,14,1,"Sporting CP",alias,"Sporting"
resolved,"Yannick Bolasie","Championship",2020,15,3,"Middlesbrough",player_stats,""
resolved,"Yannick Bolasie","Süper Lig",2021,27,2,"Rizespor",teams~,"C. Rizespor"
resolved,"Yarek Gasiorowski","Eredivisie",2025,28,3,"PSV Eindhoven",player_stats~,"PSV"
resolved,"Yáser Asprilla","Championship",2022,37,1,"Watford",player_stats,""
resolved,"Yáser Asprilla","Championship",2023,44,6,"Watford",player_stats,""
resolved,"Yáser Asprilla","Süper Lig",2025,7,0,"Galatasaray",player_stats,""
resolved,"Youcef Atal","Süper Lig",2023,11,1,"Adana Demirspor",teams,""
resolved,"Youssef Chermiti","Primeira Liga",2022,16,3,"Sporting CP",alias,"Sporting"
resolved,"Youssef En-Nesyri","Süper Lig",2024,34,20,"Fenerbahçe",player_stats,""
resolved,"Youssef En-Nesyri","Süper Lig",2025,16,7,"Fenerbahçe",player_stats,""
resolved,"Youssef En-Nesyri","Saudi Pro League",2025,13,6,"Al-Ittihad FC",teams,"Al-Ittihad"
resolved,"Youssouf Ndayishimiye","Süper Lig",2021,27,1,"Başakşehir",player_stats,"Basaksehir"
resolved,"Youssouf Ndayishimiye","Süper Lig",2022,17,4,"Başakşehir",player_stats,"Basaksehir"
resolved,"Yukinari Sugawara","Eredivisie",2019,16,2,"AZ Alkmaar",player_stats,""
resolved,"Yukinari Sugawara","Eredivisie",2020,25,2,"AZ Alkmaar",player_stats,""
resolved,"Yukinari Sugawara","Eredivisie",2021,33,1,"AZ Alkmaar",player_stats,""
resolved,"Yukinari Sugawara","Eredivisie",2022,31,3,"AZ Alkmaar",player_stats,""
resolved,"Yukinari Sugawara","Eredivisie",2023,30,4,"AZ Alkmaar",player_stats,""
resolved,"Yukinari Sugawara","Championship",2025,2,0,"Southampton",player_stats,""
resolved,"Yunus Akgün","Süper Lig",2018,11,0,"Galatasaray",player_stats,""
resolved,"Yunus Akgün","Süper Lig",2019,5,1,"Galatasaray",player_stats,""
resolved,"Yunus Akgün","Süper Lig",2022,25,1,"Galatasaray",player_stats,""
resolved,"Yunus Akgün","Süper Lig",2023,1,0,"Galatasaray",player_stats,""
resolved,"Yunus Akgün","Championship",2023,23,1,"Leicester",player_stats,""
resolved,"Yunus Akgün","Süper Lig",2024,30,7,"Galatasaray",player_stats,""
resolved,"Yunus Akgün","Süper Lig",2025,28,7,"Galatasaray",player_stats,""
resolved,"Yusuf Yazıcı","Süper Lig",2015,6,2,"Trabzonspor",player_stats,""
resolved,"Yusuf Yazıcı","Süper Lig",2016,18,4,"Trabzonspor",player_stats,""
resolved,"Yusuf Yazıcı","Süper Lig",2017,33,10,"Trabzonspor",player_stats,""
resolved,"Yusuf Yazıcı","Süper Lig",2018,30,4,"Trabzonspor",player_stats,""
resolved,"Yusuf Yazıcı","Süper Lig",2022,13,3,"Trabzonspor",player_stats,""
resolved,"Zeki Amdouni","Primeira Liga",2024,24,7,"Benfica",player_stats,""
resolved,"Zeki Amdouni","Championship",2024,2,1,"Burnley",player_stats,""
resolved,"Zinho Vanheusden","Eredivisie",2022,7,0,"AZ Alkmaar",player_stats,""
resolved,"Adam Armstrong","Championship",2017,20,1,"Bolton",player_stats,""
resolved,"Adem Ljajic","Süper Lig",2022,9,0,"Beşiktaş",player_stats,"Besiktas"
resolved,"Adrien Silva","Primeira Liga",2010,6,1,"Sporting CP",player_stats,""
resolved,"Albert Gudmundsson","Eredivisie",2018,25,6,"AZ Alkmaar",player_stats,""
resolved,"Alfonso Pedraza","Championship",2016,14,1,"Leeds",player_stats,""
resolved,"Alfred Finnbogason","Eredivisie",2012,31,24,"Heerenveen",player_stats,""
resolved,"Alireza Jahanbakhsh","Eredivisie",2024,19,3,"Feyenoord",player_stats,""
resolved,"Álvaro Negredo","Süper Lig",2018,4,2,"Beşiktaş",player_stats,"Besiktas"
resolved,"Andre Gray","Championship",2014,45,16,"Brentford",player_stats,""
resolved,"Andre Gray","Championship",2015,41,23,"Burnley",player_stats,""
resolved,"Andros Townsend","Championship",2011,15,0,"Birmingham",player_stats,""
resolved,"Antoine Semenyo","Championship",2018,4,0,"Bristol City",teams,""
resolved,"Antoine Semenyo","Championship",2019,9,0,"Bristol City",teams,""
resolved,"Attila Szalai","Süper Lig",2020,21,3,"Fenerbahçe",player_stats,""
resolved,"Ben Brereton Díaz","Championship",2018,25,1,"Blackburn",player_stats,""
resolved,"Ben Brereton Díaz","Championship",2025,40,7,"Southampton",player_stats,""
resolved,"Callum Wilson","Championship",2014,45,20,"Bournemouth",player_stats,""
resolved,"Cédric Bakambu","Süper Lig",2023,10,1,"Galatasaray",player_stats,""
resolved,"Cenk Tosun","Süper Lig",2014,18,5,"Beşiktaş",player_stats,"Besiktas"
resolved,"Chris Wood","Championship",2011,19,3,"Birmingham",player_stats,""
resolved,"Chris Wood","Championship",2012,20,9,"Leicester",player_stats,""
resolved,"Chris Wood","Championship",2015,36,13,"Leeds",player_stats,""
resolved,"Connor Goldson","Championship",2015,24,2,"Brighton",player_stats,""
resolved,"Conor Coady","Championship",2025,12,1,"Leicester",player_stats,""
resolved,"Conor Gallagher","Championship",2019,19,0,"Swansea",player_stats,""
resolved,"Daley Blind","Eredivisie",2009,17,0,"Ajax",player_stats,""
resolved,"Danilo Pereira","Primeira Liga",2015,33,6,"Porto",player_stats,""
resolved,"Dante","UEFA Europa League",2008,5,0,"Standard Liege",player_stats,"Standard Liège"
resolved,"Davinson Sánchez","Eredivisie",2016,32,6,"Ajax",player_stats,""
resolved,"Denzel Dumfries","Eredivisie",2017,33,3,"Heerenveen",player_stats,""
resolved,"Diogo Jota","Primeira Liga",2016,27,8,"Porto",player_stats,""
resolved,"Djed Spence","Championship",2021,39,2,"Middlesbrough",player_stats,""
resolved,"Dries Mertens","Eredivisie",2011,33,21,"PSV Eindhoven",player_stats,""
resolved,"Dwight Gayle","Championship",2023,10,0,"Stoke City",player_stats,""
resolved,"Eljif Elmas","Süper Lig",2017,5,0,"Fenerbahçe",player_stats,""
resolved,"Emmanuel Dennis","Championship",2022,2,0,"Watford",player_stats,""
resolved,"Emmanuel Dennis","Championship",2023,17,4,"Watford",player_stats,""
resolved,"Ethan Pinnock","Championship",2017,12,2,"Barnsley",player_stats,""
resolved,"Ethan Pinnock","Championship",2019,36,2,"Brentford",player_stats,""
resolved,"Ezri Konsa","Championship",2018,42,1,"Brentford",player_stats,""
resolved,"Finn Azaz","Championship",2023,20,4,"Middlesbrough",player_stats,""
resolved,"Flynn Downes","Championship",2017,10,0,"Ipswich",player_stats,""
resolved,"Flynn Downes","Championship",2021,37,1,"Swansea",player_stats,""
resolved,"Georginio Wijnaldum","Eredivisie",2011,32,9,"Feyenoord",player_stats,""
resolved,"Gökhan Inler","Süper Lig",2017,22,1,"Beşiktaş",player_stats,"Besiktas"
resolved,"Gökhan Töre","Süper Lig",2019,23,1,"Beşiktaş",player_stats,"Besiktas"
resolved,"Gökhan Töre","Süper Lig",2020,20,3,"Beşiktaş",player_stats,"Besiktas"
resolved,"Gökhan Töre","Süper Lig",2023,3,0,"Ankaragücü",teams,""
resolved,"Gonçalo Paciência","Primeira Liga",2016,15,1,"Porto",player_stats,""
resolved,"Gonçalo Paciência","Primeira Liga",2017,9,0,"Porto",player_stats,""
resolved,"Hakim Ziyech","Süper Lig",2024,5,0,"Galatasaray",player_stats,""
resolved,"Harry Souttar","Championship",2020,38,1,"Stoke City",player_stats,""
resolved,"Harry Wilson","Championship",2020,37,7,"Bournemouth",player_stats,""
resolved,"Hélder Costa","Primeira Liga",2024,13,1,"Estoril",player_stats,""
resolved,"Ivan Toney","Championship",2020,45,31,"Brentford",player_stats,""
resolved,"Jack Clarke","Championship",2020,14,0,"Stoke City",player_stats,""
resolved,"Jack Cork","Championship",2008,19,0,"Southampton",player_stats,""
resolved,"Jack Cork","Championship",2011,46,0,"Southampton",player_stats,""
resolved,"Jacob Murphy","Championship",2014,9,2,"Norwich",player_stats,""
resolved,"James Garner","Championship",2020,20,4,"Watford",player_stats,""
resolved,"James Hill","Championship",2021,1,0,"Bournemouth",player_stats,""
resolved,"James Milner","UEFA Europa League",2008,4,0,"Aston Villa",player_stats,""
resolved,"James Tarkowski","Championship",2015,4,0,"Burnley",player_stats,""
resolved,"Jamie Vardy","Championship",2012,26,4,"Leicester",player_stats,""
resolved,"Jan van Hecke","Eredivisie",2020,28,1,"Heerenveen",player_stats,""
resolved,"Jayden Bogle","Championship",2024,44,6,"Leeds",player_stats,""
resolved,"Jeff Chabot","Eredivisie",2018,28,1,"Groningen",player_stats,"FC Groningen"
resolved,"Jerdy Schouten","Eredivisie",2018,31,1,"Excelsior",teams,""
resolved,"Jesse Lingard","Championship",2012,5,0,"Leicester",player_stats,""
resolved,"Jesse Lingard","Championship",2013,15,3,"Brighton",player_stats,""
resolved,"João Moutinho","Primeira Liga",2010,27,0,"Porto",player_stats,""
resolved,"João Palhinha","Primeira Liga",2018,23,2,"SC Braga",player_stats,"Braga"
resolved,"João Palhinha","Primeira Liga",2020,32,1,"SC Braga",player_stats,"Braga"
resolved,"Jordan Larsson","Eredivisie",2016,8,0,"NEC Nijmegen",teams,""
resolved,"José Fonte","Championship",2009,22,1,"Crystal Palace",player_stats,""
resolved,"José Fonte","Primeira Liga",2024,25,0,"SC Braga",player_stats,"Braga"
resolved,"José Sosa","Süper Lig",2020,34,4,"Fenerbahçe",player_stats,""
resolved,"Josh Brownhill","Championship",2016,27,1,"Bristol City",teams,""
resolved,"Joshua King","Championship",2011,18,1,"Hull City",player_stats,""
resolved,"Juan Quintero","Primeira Liga",2013,22,4,"Porto",player_stats,""
resolved,"Karim Benzema","Saudi Pro League",2025,10,9,"Al-Ittihad FC",teams,"Al-Ittihad"
resolved,"Kemar Roofe","Championship",2016,42,4,"Leeds",player_stats,""
resolved,"Kevin Strootman","Eredivisie",2010,14,2,"Utrecht",player_stats,"FC Utrecht"
resolved,"Kevin Strootman","Eredivisie",2011,30,2,"PSV Eindhoven",player_stats,""
resolved,"Lasse Schöne","Eredivisie",2008,34,6,"De Graafschap",teams,""
resolved,"Lasse Schöne","Eredivisie",2012,32,6,"Ajax",player_stats,""
resolved,"Lazar Markovic","Süper Lig",2022,8,1,"Trabzonspor",player_stats,""
resolved,"Léo Dubois","Süper Lig",2024,10,0,"Galatasaray",player_stats,""
resolved,"Lewis Dunk","Championship",2013,6,0,"Brighton",player_stats,""
resolved,"Luis Díaz","Primeira Liga",2019,29,6,"Porto",player_stats,""
resolved,"Luis Sinisterra","Eredivisie",2018,5,0,"Feyenoord",player_stats,""
resolved,"Luis Suárez","Eredivisie",2007,33,17,"Ajax",player_stats,""
resolved,"Luka Jović","Primeira Liga",2015,1,0,"Benfica",player_stats,""
resolved,"Manuel Ugarte","Primeira Liga",2021,25,0,"Famalicao",teams,"Famalicão"
resolved,"Mark Uth","Eredivisie",2013,28,8,"Heerenveen",player_stats,""
resolved,"Marten de Roon","Eredivisie",2012,24,1,"Heerenveen",player_stats,""
resolved,"Martin Ødegaard","Eredivisie",2016,14,0,"Heerenveen",player_stats,""
resolved,"Mason Holgate","Championship",2023,5,0,"Southampton",player_stats,""
resolved,"Mateus Fernandes","Primeira Liga",2023,28,1,"Estoril",player_stats,""
resolved,"Mats Wieffer","Eredivisie",2022,25,1,"Feyenoord",player_stats,""
resolved,"Mehdi Taremi","Primeira Liga",2020,34,16,"Porto",player_stats,""
resolved,"Michael Keane","Championship",2012,22,2,"Leicester",player_stats,""
resolved,"Michael Keane","Championship",2013,13,3,"Blackburn",player_stats,""
resolved,"Michail Antonio","Championship",2009,1,0,"Reading",player_stats,""
resolved,"Milot Rashica","Eredivisie",2015,31,8,"Vitesse",player_stats,""
resolved,"Min-jae Kim","Süper Lig",2021,31,1,"Fenerbahçe",player_stats,""
resolved,"Moatasem Al-Musrati","Primeira Liga",2020,28,3,"SC Braga",player_stats,"Braga"
resolved,"Nacer Chadli","Eredivisie",2010,33,7,"Twente",player_stats,"Twente FC"
resolved,"Nemanja Gudelj","Eredivisie",2013,29,5,"AZ Alkmaar",player_stats,""
resolved,"Nemanja Gudelj","Eredivisie",2015,34,4,"Ajax",player_stats,""
resolved,"Nemanja Gudelj","Eredivisie",2016,6,2,"Ajax",player_stats,""
resolved,"Noa Lang","Eredivisie",2019,7,1,"Ajax",player_stats,""
resolved,"Ollie Watkins","Championship",2017,45,10,"Brentford",player_stats,""
resolved,"Ritsu Doan","Eredivisie",2019,19,2,"Groningen",player_stats,"FC Groningen"
resolved,"Rodrigo Riquelme","Championship",2020,16,1,"Bournemouth",player_stats,""
resolved,"Rony Lopes","Primeira Liga",2024,14,1,"SC Braga",player_stats,"Braga"
resolved,"Ryan Flamingo","Eredivisie",2024,34,0,"Utrecht",player_stats,""
resolved,"Saïmon Bouabré","Saudi Pro League",2025,7,0,"NEOM",teams,"NEOM SC"
resolved,"Sam Beukema","Eredivisie",2021,24,3,"AZ Alkmaar",player_stats,""
resolved,"Scott Arfield","Championship",2013,45,8,"Burnley",player_stats,""
resolved,"Sérgio Oliveira","Primeira Liga",2010,6,0,"Porto",player_stats,"FC Porto"
resolved,"Sofiane Feghouli","Süper Lig",2022,9,0,"Galatasaray",player_stats,""
resolved,"Sofyan Amrabat","Eredivisie",2017,21,1,"Feyenoord",player_stats,""
resolved,"Steven Berghuis","Eredivisie",2011,16,2,"Twente",player_stats,"FC Twente"
resolved,"Steven Berghuis","Eredivisie",2012,23,0,"Twente",player_stats,"FC Twente"
resolved,"Tijjani Reijnders","Eredivisie",2017,1,0,"AZ Alkmaar",player_stats,""
resolved,"Tijjani Reijnders","Eredivisie",2019,8,0,"AZ Alkmaar",player_stats,""
resolved,"Tom Cairney","Championship",2015,39,8,"Fulham",player_stats,""
resolved,"Vedat Muriqi","Süper Lig",2019,32,15,"Fenerbahçe",player_stats,""
resolved,"Viktor Gyökeres","Championship",2020,19,3,"Swansea",player_stats,""
resolved,"Wouter Burger","Eredivisie",2019,6,0,"Feyenoord",player_stats,""
resolved,"Wouter Burger","Eredivisie",2020,18,2,"Feyenoord",player_stats,""
resolved,"Wout Weghorst","Eredivisie",2016,29,13,"AZ Alkmaar",player_stats,""
resolved,"Yannick Bolasie","Championship",2012,43,3,"Crystal Palace",player_stats,""
resolved,"Yannick Bolasie","Championship",2023,10,0,"Swansea",player_stats,""
resolved,"Yasin Ayari","Championship",2023,10,0,"Blackburn",player_stats,""
resolved,"Youssouf Ndayishimiye","Süper Lig",2020,14,0,"Başakşehir",player_stats,"Basaksehir"
resolved,"Lasse Schöne","UEFA Europa League",2008,7,1,"De Graafschap",teams,""
resolved,"Luis Suárez","UEFA Europa League",2007,2,0,"Ajax",player_stats,""
no-candidates,"Aaron Hughes","UEFA Europa League",1999,3,0,,,""
no-candidates,"Aaron Hughes","UEFA Europa League",2003,10,0,,,""
no-candidates,"Aaron Hughes","UEFA Europa League",2004,10,0,,,""
no-candidates,"Aaron Hughes","Championship",2013,11,0,,,""
no-candidates,"Aaron Hughes","Championship",2014,10,0,,,""
no-candidates,"Aaron Hunt","UEFA Europa League",2006,7,0,,,""
no-candidates,"Aaron Hunt","UEFA Europa League",2007,3,0,,,""
no-candidates,"Aaron Hunt","UEFA Europa League",2008,4,0,,,""
no-candidates,"Aaron Lennon","Championship",2004,27,1,,,""
no-candidates,"Aaron Lennon","UEFA Europa League",2006,8,1,,,""
no-candidates,"Aaron Lennon","UEFA Europa League",2007,9,0,,,""
no-candidates,"Aaron Lennon","UEFA Europa League",2008,6,0,,,""
no-candidates,"Aaron Lennon","Süper Lig",2020,36,0,,,""
no-candidates,"Aaron Ramsey","Championship",2006,1,0,,,""
no-candidates,"Aaron Ramsey","Championship",2007,15,1,,,""
no-candidates,"Aaron Ramsey","Championship",2010,6,1,,,""
ambiguous,"Aaron Ramsey","Championship",2022,11,5,,,"Norwich | Middlesbrough"
no-candidates,"Aaron Ramsey","Championship",2023,13,3,,,""
no-candidates,"Aaron Ramsey","Championship",2024,8,0,,,""
no-candidates,"Abdoulaye Méïté","UEFA Europa League",2003,9,1,,,""
no-candidates,"Abdoulaye Méïté","UEFA Europa League",2005,5,0,,,""
no-candidates,"Abdoulaye Méïté","UEFA Europa League",2007,6,1,,,""
no-candidates,"Abdoulaye Méïté","Championship",2009,20,0,,,""
no-candidates,"Abdoulaye Méïté","Championship",2013,21,1,,,""
ambiguous,"Abdul Fatawu","Premier League",2021,7,6,,,"Steadfast FC | Dreams FC"
ambiguous,"Adam Armstrong","Championship",2016,34,6,,,"Newcastle | Barnsley"
no-candidates,"Adam Johnson","UEFA Europa League",2004,1,0,,,""
no-candidates,"Adam Johnson","UEFA Europa League",2005,3,0,,,""
no-candidates,"Adam Johnson","Championship",2006,5,0,,,""
no-candidates,"Adam Johnson","Championship",2007,12,5,,,""
no-candidates,"Adam Johnson","Championship",2009,26,11,,,""
ambiguous,"Adam Lallana","Championship",2007,5,1,,,"Southampton | Bournemouth"
ambiguous,"Adam Webster","Championship",2016,23,1,,,"Portsmouth | Ipswich"
ambiguous,"Adam Webster","Championship",2018,44,3,,,"Ipswich | Bristol City"
no-candidates,"Adil Rami","Süper Lig",2019,1,0,,,""
no-candidates,"Adil Rami","Primeira Liga",2020,22,0,,,""
no-candidates,"Adrián López","Primeira Liga",2014,9,0,,,""
no-candidates,"Adrián López","Primeira Liga",2016,5,0,,,""
no-candidates,"Adrián López","Primeira Liga",2018,11,1,,,""
no-candidates,"Adrian Mutu","UEFA Europa League",1998,2,0,,,""
no-candidates,"Adrian Mutu","UEFA Europa League",1999,2,0,,,""
no-candidates,"Adrian Mutu","UEFA Europa League",2002,4,4,,,""
no-candidates,"Adrian Mutu","UEFA Europa League",2007,10,6,,,""
no-candidates,"Adrian Mutu","UEFA Europa League",2008,2,0,,,""
no-candidates,"Adriano","UEFA Europa League",2004,4,1,,,""
no-candidates,"Adriano","UEFA Europa League",2005,14,3,,,""
no-candidates,"Adriano","UEFA Europa League",2006,11,1,,,""
no-candidates,"Adriano","UEFA Europa League",2008,5,1,,,""
no-candidates,"Adriano","Süper Lig",2016,31,1,,,""
no-candidates,"Adriano","Süper Lig",2017,25,2,,,""
no-candidates,"Adriano","Süper Lig",2018,22,0,,,""
ambiguous,"Adrien Silva","Primeira Liga",2011,28,4,,,"Coimbra | Sporting CP"
ambiguous,"Adrien Silva","Primeira Liga",2023,10,0,,,"Al-Wahda | Rio Ave"
no-candidates,"Afonso Moreira","Primeira Liga",2024,1,0,,,""
unknown-club,"Ahmed Musa","Eredivisie",2010,23,5,,,"VVV-Venlo"
unknown-club,"Ahmed Musa","Eredivisie",2011,14,3,,,"VVV-Venlo"
ambiguous,"Ahmed Musa","Saudi Pro League",2020,2,0,,,"Al-Nassr | Kano Pillars"
ambiguous,"Ahmed Musa","Süper Lig",2021,31,2,,,"Kano Pillars | Karagümrük"
ambiguous,"Ahmed Musa","Süper Lig",2022,17,0,,,"Karagümrük | Sivasspor"
no-candidates,"Ajdin Hrustic","Eredivisie",2016,5,1,,,""
no-candidates,"Albert Meyong","Primeira Liga",1999,9,2,,,""
no-candidates,"Albert Meyong","Primeira Liga",2001,28,3,,,""
no-candidates,"Albert Meyong","Primeira Liga",2002,24,7,,,""
no-candidates,"Albert Meyong","Primeira Liga",2004,33,11,,,""
no-candidates,"Albert Meyong","Primeira Liga",2005,26,17,,,""
no-candidates,"Albert Meyong","Primeira Liga",2007,1,1,,,""
no-candidates,"Albert Meyong","Primeira Liga",2008,18,7,,,""
no-candidates,"Albert Meyong","UEFA Europa League",2008,8,4,,,""
no-candidates,"Albert Meyong","Primeira Liga",2009,29,11,,,""
no-candidates,"Albert Meyong","Primeira Liga",2010,15,3,,,""
no-candidates,"Albert Meyong","Primeira Liga",2011,9,3,,,""
no-candidates,"Albert Meyong","Primeira Liga",2012,16,13,,,""
no-candidates,"Albert Meyong","Primeira Liga",2015,7,0,,,""
no-candidates,"Albert Meyong","Primeira Liga",2016,12,1,,,""
no-candidates,"Alberto Aquilani","UEFA Europa League",2005,8,1,,,""
no-candidates,"Alberto Aquilani","Primeira Liga",2015,19,3,,,""
no-candidates,"Alberto Costa","Primeira Liga",2023,1,0,,,""
no-candidates,"Alberto Gilardino","UEFA Europa League",2002,2,0,,,""
no-candidates,"Alberto Gilardino","UEFA Europa League",2003,4,3,,,""
no-candidates,"Alberto Gilardino","UEFA Europa League",2004,8,1,,,""
no-candidates,"Alberto Gilardino","UEFA Europa League",2008,2,1,,,""
no-candidates,"Albert Riera","UEFA Europa League",2003,10,5,,,""
no-candidates,"Albert Riera","UEFA Europa League",2005,3,0,,,""
no-candidates,"Albert Riera","UEFA Europa League",2006,13,4,,,""
no-candidates,"Albert Riera","Süper Lig",2011,26,1,,,""
no-candidates,"Albert Riera","Süper Lig",2012,26,2,,,""
no-candidates,"Albert Riera","Championship",2013,8,1,,,""
no-candidates,"Albert Riera","Süper Lig",2013,4,0,,,""
unknown-club,"Aleksandar Dragovic","Bundesliga",2008,17,0,,,"A. Vienna Res."
no-candidates,"Aleksandar Dragovic","Bundesliga",2009,32,0,,,""
no-candidates,"Aleksandar Dragovic","Bundesliga",2010,18,1,,,""
no-candidates,"Aleksandar Dragovic","Bundesliga",2024,29,0,,,""
no-candidates,"Aleksandar Dragovic","Bundesliga",2025,28,2,,,""
no-candidates,"Aleksandr Anyukov","UEFA Europa League",2005,12,0,,,""
no-candidates,"Aleksandr Anyukov","UEFA Europa League",2007,14,1,,,""
no-candidates,"Aleksandr Anyukov","UEFA Europa League",2008,3,0,,,""
no-candidates,"Aleksandr Anyukov","UEFA Champions League",2011,7,0,,,""
no-candidates,"Aleksandr Anyukov","UEFA Champions League",2012,6,0,,,""
no-candidates,"Aleksandr Anyukov","UEFA Champions League",2013,3,0,,,""
no-candidates,"Aleksandr Anyukov","UEFA Champions League",2014,5,0,,,""
no-candidates,"Aleksandr Anyukov","UEFA Champions League",2015,7,0,,,""
no-candidates,"Aleksandr Hleb","UEFA Europa League",2000,1,0,,,""
no-candidates,"Aleksandr Hleb","Bundesliga",2000,6,0,,,""
no-candidates,"Aleksandr Hleb","Bundesliga",2001,32,2,,,""
no-candidates,"Aleksandr Hleb","UEFA Europa League",2002,8,3,,,""
no-candidates,"Aleksandr Hleb","Bundesliga",2002,34,4,,,""
no-candidates,"Aleksandr Hleb","UEFA Champions League",2003,8,0,,,""
no-candidates,"Aleksandr Hleb","Bundesliga",2003,31,5,,,""
no-candidates,"Aleksandr Hleb","UEFA Europa League",2004,8,0,,,""
no-candidates,"Aleksandr Hleb","Bundesliga",2004,34,2,,,""
no-candidates,"Aleksandr Hleb","Premier League",2005,25,3,,,""
no-candidates,"Aleksandr Hleb","UEFA Champions League",2005,10,0,,,""
no-candidates,"Aleksandr Hleb","UEFA Champions League",2006,8,1,,,""
no-candidates,"Aleksandr Hleb","Premier League",2006,33,2,,,""
no-candidates,"Aleksandr Hleb","Premier League",2007,31,2,,,""
no-candidates,"Aleksandr Hleb","UEFA Champions League",2007,7,1,,,""
no-candidates,"Aleksandr Hleb","La Liga",2008,19,0,,,""
no-candidates,"Aleksandr Hleb","UEFA Champions League",2008,7,0,,,""
no-candidates,"Aleksandr Hleb","Bundesliga",2009,27,0,,,""
no-candidates,"Aleksandr Hleb","UEFA Champions League",2009,7,0,,,""
no-candidates,"Aleksandr Hleb","Süper Lig",2013,16,2,,,""
no-candidates,"Aleksandr Hleb","Süper Lig",2014,15,2,,,""
no-candidates,"Aleksandr Hleb","Süper Lig",2015,12,0,,,""
no-candidates,"Aleksandr Kerzhakov","UEFA Europa League",2002,2,2,,,""
no-candidates,"Aleksandr Kerzhakov","UEFA Europa League",2004,5,5,,,""
no-candidates,"Aleksandr Kerzhakov","UEFA Europa League",2005,12,6,,,""
no-candidates,"Aleksandr Kerzhakov","UEFA Europa League",2006,8,2,,,""
no-candidates,"Aleksandr Kerzhakov","UEFA Champions League",2011,4,0,,,""
no-candidates,"Aleksandr Kerzhakov","UEFA Champions League",2012,5,1,,,""
no-candidates,"Aleksandr Kerzhakov","UEFA Champions League",2013,8,2,,,""
no-candidates,"Aleksandr Kerzhakov","UEFA Champions League",2014,3,0,,,""
no-candidates,"Alessio Cerci","Süper Lig",2018,12,1,,,""
no-candidates,"Alex","Eredivisie",2004,27,3,,,""
no-candidates,"Alex","Eredivisie",2005,28,2,,,""
no-candidates,"Alex","Eredivisie",2006,29,6,,,""
no-candidates,"Alexander Isak","Eredivisie",2018,16,13,,,""
no-candidates,"Alexandros Tziolis","UEFA Europa League",2003,1,0,,,""
no-candidates,"Alexandros Tziolis","UEFA Europa League",2004,4,0,,,""
no-candidates,"Alexandros Tziolis","UEFA Europa League",2006,7,0,,,""
no-candidates,"Alexandros Tziolis","UEFA Europa League",2007,8,0,,,""
no-candidates,"Alexandros Tziolis","UEFA Europa League",2008,8,0,,,""
no-candidates,"Alexandros Tziolis","Süper Lig",2013,15,0,,,""
no-candidates,"Alexandros Tziolis","Saudi Pro League",2017,25,2,,,""
no-candidates,"Alexandros Tziolis","Saudi Pro League",2018,29,1,,,""
no-candidates,"Alex Scott","Championship",2020,3,0,,,""
no-candidates,"Alex Song","UEFA Champions League",2010,5,1,,,""
no-candidates,"Alfie Mawson","Championship",2016,4,2,,,""
no-candidates,"Alfie Mawson","Championship",2019,27,0,,,""
no-candidates,"Alfie Mawson","Championship",2020,11,0,,,""
no-candidates,"Alfie Mawson","Championship",2021,6,0,,,""
ambiguous,"Alireza Jahanbakhsh","Eredivisie",2013,27,5,,,"Damash Gilan | NEC Nijmegen"
ambiguous,"Alireza Jahanbakhsh","Eredivisie",2015,23,3,,,"NEC Nijmegen | AZ Alkmaar"
no-candidates,"Alou Diarra","UEFA Europa League",2005,6,0,,,""
no-candidates,"Alou Diarra","UEFA Europa League",2007,4,0,,,""
no-candidates,"Alou Diarra","UEFA Europa League",2008,2,0,,,""
no-candidates,"Alou Diarra","Championship",2014,12,1,,,""
no-candidates,"Alou Diarra","Championship",2015,32,0,,,""
no-candidates,"Álvaro Arbeloa","UEFA Champions League",2006,5,0,,,""
no-candidates,"Álvaro Pereira","Primeira Liga",2009,28,1,,,""
no-candidates,"Álvaro Pereira","Primeira Liga",2010,21,0,,,""
no-candidates,"Álvaro Pereira","UEFA Champions League",2011,6,0,,,""
no-candidates,"Álvaro Pereira","Primeira Liga",2011,23,1,,,""
no-candidates,"Álvaro Pereira","Serie A",2012,28,1,,,""
no-candidates,"Álvaro Pereira","Serie A",2013,5,0,,,""
no-candidates,"Álvaro Pereira","La Liga",2015,6,0,,,""
no-candidates,"Amadou Haidara","Bundesliga",2017,31,2,,,""
no-candidates,"Amar Dedić","Bundesliga",2021,32,2,,,""
no-candidates,"Amar Dedić","Bundesliga",2022,27,1,,,""
no-candidates,"Amar Dedić","Bundesliga",2023,21,3,,,""
no-candidates,"Amar Dedić","Bundesliga",2024,12,0,,,""
no-candidates,"Amauri","UEFA Europa League",2007,2,0,,,""
no-candidates,"Amin Younes","Eredivisie",2015,27,8,,,""
no-candidates,"Amin Younes","Eredivisie",2016,29,3,,,""
no-candidates,"Amin Younes","Eredivisie",2017,13,1,,,""
no-candidates,"Amin Younes","Saudi Pro League",2021,9,2,,,""
no-candidates,"Amin Younes","Eredivisie",2022,10,0,,,""
no-candidates,"Anatoliy Tymoshchuk","UEFA Europa League",2000,1,0,,,""
no-candidates,"Anatoliy Tymoshchuk","UEFA Europa League",2001,2,0,,,""
no-candidates,"Anatoliy Tymoshchuk","UEFA Europa League",2002,2,0,,,""
no-candidates,"Anatoliy Tymoshchuk","UEFA Europa League",2003,2,0,,,""
no-candidates,"Anatoliy Tymoshchuk","UEFA Europa League",2004,3,0,,,""
no-candidates,"Anatoliy Tymoshchuk","UEFA Europa League",2005,6,0,,,""
no-candidates,"Anatoliy Tymoshchuk","UEFA Europa League",2006,1,0,,,""
no-candidates,"Anatoliy Tymoshchuk","UEFA Europa League",2007,15,1,,,""
no-candidates,"Anatoliy Tymoshchuk","UEFA Europa League",2008,3,2,,,""
no-candidates,"Anderson","Primeira Liga",2005,3,0,,,""
no-candidates,"Anderson","Primeira Liga",2006,15,2,,,""
no-candidates,"Andoni Iraola","UEFA Europa League",2004,8,1,,,""
no-candidates,"Andrea Barzagli","UEFA Europa League",2005,8,0,,,""
no-candidates,"Andrea Barzagli","UEFA Europa League",2006,5,0,,,""
no-candidates,"Andrea Barzagli","UEFA Europa League",2007,2,0,,,""
no-candidates,"Andrea Barzagli","UEFA Europa League",2008,8,0,,,""
ambiguous,"Andrea Bertolacci","Süper Lig",2021,10,1,,,"Karagümrük | Kayserispor"
ambiguous,"Andrea Bertolacci","Süper Lig",2022,14,0,,,"Kayserispor | Karagümrük"
no-candidates,"Andrea Pirlo","Serie A",1994,1,0,,,""
no-candidates,"Andrea Pirlo","UEFA Europa League",2000,1,0,,,""
no-candidates,"Andrea Pirlo","UEFA Europa League",2001,9,0,,,""
no-candidates,"Andrea Pirlo","UEFA Europa League",2008,3,1,,,""
unknown-club,"Andre Gray","Saudi Pro League",2023,26,7,,,"Al-Riyadh"
no-candidates,"Andre Gray","Championship",2024,13,3,,,""
no-candidates,"Andre Gray","Süper Lig",2025,12,0,,,""
no-candidates,"André Silva","Primeira Liga",2015,9,1,,,""
no-candidates,"Andrés Iniesta","UEFA Europa League",2003,3,0,,,""
no-candidates,"Andrey Arshavin","UEFA Europa League",2002,2,0,,,""
no-candidates,"Andrey Arshavin","UEFA Europa League",2004,6,4,,,""
no-candidates,"Andrey Arshavin","UEFA Europa League",2005,11,4,,,""
no-candidates,"Andrey Arshavin","UEFA Europa League",2007,14,4,,,""
ambiguous,"Andros Townsend","Championship",2010,11,2,,,"Tottenham Res. | Ipswich | Watford | Millwall"
no-candidates,"Andy Carroll","UEFA Europa League",2006,2,0,,,""
no-candidates,"Andy Carroll","Championship",2007,11,1,,,""
no-candidates,"Andy Carroll","Championship",2009,39,17,,,""
no-candidates,"Andy Carroll","Championship",2021,15,3,,,""
no-candidates,"Andy Carroll","Championship",2022,30,9,,,""
ambiguous,"Andy Delort","Championship",2014,11,0,,,"Tours FC | Wigan"
no-candidates,"Anel Ahmedhodzic","Championship",2016,1,0,,,""
no-candidates,"Anthony Modeste","Premier League",2023,17,4,,,""
no-candidates,"Antonín Barák","Süper Lig",2024,22,2,,,""
no-candidates,"Antonio Cassano","UEFA Europa League",2003,6,4,,,""
no-candidates,"Antonio Cassano","UEFA Europa League",2005,2,1,,,""
no-candidates,"Antonio Cassano","UEFA Europa League",2007,1,0,,,""
no-candidates,"Antonio Cassano","UEFA Europa League",2008,6,2,,,""
no-candidates,"Antonio Di Natale","UEFA Europa League",2004,2,0,,,""
no-candidates,"Antonio Di Natale","UEFA Europa League",2005,2,1,,,""
no-candidates,"Antonio Di Natale","UEFA Europa League",2008,7,3,,,""
no-candidates,"Arda Turan","Süper Lig",2004,1,0,,,""
no-candidates,"Arda Turan","Süper Lig",2005,15,2,,,""
no-candidates,"Arda Turan","Süper Lig",2006,26,5,,,""
no-candidates,"Arda Turan","UEFA Europa League",2007,7,1,,,""
no-candidates,"Arda Turan","Süper Lig",2007,30,7,,,""
no-candidates,"Arda Turan","UEFA Europa League",2008,9,2,,,""
no-candidates,"Arda Turan","Süper Lig",2008,29,8,,,""
no-candidates,"Arda Turan","Süper Lig",2009,29,7,,,""
no-candidates,"Arda Turan","Süper Lig",2010,12,2,,,""
no-candidates,"Arda Turan","Süper Lig",2017,11,2,,,""
no-candidates,"Arda Turan","Süper Lig",2018,14,0,,,""
no-candidates,"Arda Turan","Süper Lig",2019,9,0,,,""
no-candidates,"Arda Turan","Süper Lig",2020,32,4,,,""
no-candidates,"Arda Turan","Süper Lig",2021,7,0,,,""
no-candidates,"Arjen Robben","Eredivisie",2000,18,2,,,""
no-candidates,"Arjen Robben","Eredivisie",2001,28,6,,,""
no-candidates,"Arjen Robben","Eredivisie",2002,33,12,,,""
no-candidates,"Arjen Robben","UEFA Europa League",2003,2,0,,,""
no-candidates,"Arjen Robben","Eredivisie",2003,23,5,,,""
no-candidates,"Arjen Robben","Eredivisie",2020,6,0,,,""
ambiguous,"Artem Dzyuba","UEFA Champions League",2015,8,6,,,"Spartak Moscow | Zenit S-Pb"
no-candidates,"Artem Fedetskyi","UEFA Champions League",2008,1,0,,,""
no-candidates,"Ashley Cole","Championship",2018,9,0,,,""
no-candidates,"Attila Szalai","Bundesliga",2015,1,0,,,""
no-candidates,"Bacary Sagna","UEFA Europa League",2004,10,0,,,""
no-candidates,"Bacary Sagna","UEFA Europa League",2005,1,0,,,""
no-candidates,"Bacary Sagna","UEFA Europa League",2006,6,0,,,""
no-candidates,"Balázs Dzsudzsák","UEFA Europa League",2005,1,0,,,""
no-candidates,"Balázs Dzsudzsák","UEFA Europa League",2007,5,0,,,""
no-candidates,"Balázs Dzsudzsák","Eredivisie",2007,17,3,,,""
no-candidates,"Balázs Dzsudzsák","Eredivisie",2008,32,11,,,""
no-candidates,"Balázs Dzsudzsák","Eredivisie",2009,32,14,,,""
no-candidates,"Balázs Dzsudzsák","Eredivisie",2010,33,16,,,""
no-candidates,"Balázs Dzsudzsák","Süper Lig",2015,23,3,,,""
ambiguous,"Bas Dost","Eredivisie",2008,27,3,,,"FC Emmen | Heracles Almelo"
ambiguous,"Bas Dost","Eredivisie",2010,32,13,,,"Heracles Almelo | Heerenveen"
ambiguous,"Bas Dost","Eredivisie",2023,8,3,,,"FC Utrecht | NEC Nijmegen"
no-candidates,"Bastian Schweinsteiger","UEFA Europa League",2007,12,0,,,""
no-candidates,"Benedikt Höwedes","UEFA Europa League",2008,5,0,,,""
no-candidates,"Benedikt Höwedes","Bundesliga",2010,30,1,,,""
no-candidates,"Benedikt Höwedes","Bundesliga",2011,22,1,,,""
no-candidates,"Benedikt Höwedes","UEFA Champions League",2012,8,2,,,""
no-candidates,"Benedikt Höwedes","Bundesliga",2012,32,0,,,""
no-candidates,"Benedikt Höwedes","Bundesliga",2013,19,1,,,""
no-candidates,"Benedikt Höwedes","UEFA Champions League",2013,8,0,,,""
no-candidates,"Benedikt Höwedes","UEFA Champions League",2014,6,1,,,""
no-candidates,"Benedikt Höwedes","Bundesliga",2014,28,2,,,""
no-candidates,"Benedikt Höwedes","Bundesliga",2015,15,1,,,""
no-candidates,"Benedikt Höwedes","Bundesliga",2016,31,1,,,""
no-candidates,"Benedikt Höwedes","Serie A",2017,3,1,,,""
no-candidates,"Benedikt Höwedes","UEFA Champions League",2018,5,0,,,""
no-candidates,"Benedikt Höwedes","UEFA Champions League",2019,6,0,,,""
no-candidates,"Ben Gibson","Championship",2010,1,0,,,""
no-candidates,"Ben Gibson","Championship",2012,1,0,,,""
no-candidates,"Ben Gibson","Championship",2013,31,1,,,""
no-candidates,"Ben Gibson","Championship",2014,36,0,,,""
no-candidates,"Ben Gibson","Championship",2015,33,1,,,""
no-candidates,"Ben Gibson","Championship",2017,46,1,,,""
no-candidates,"Ben Gibson","Championship",2020,27,0,,,""
no-candidates,"Ben Gibson","Championship",2022,23,0,,,""
no-candidates,"Ben Gibson","Championship",2023,35,0,,,""
no-candidates,"Ben Gibson","Championship",2024,24,3,,,""
no-candidates,"Ben Gibson","Championship",2025,13,1,,,""
no-candidates,"Benjamin Sesko","Bundesliga",2021,24,5,,,""
no-candidates,"Benjamin Sesko","Bundesliga",2022,30,16,,,""
no-candidates,"Benoît Trémoulinas","UEFA Europa League",2007,7,0,,,""
no-candidates,"Benoît Trémoulinas","UEFA Europa League",2008,1,0,,,""
no-candidates,"Bernardo Silva","Primeira Liga",2013,1,0,,,""
ambiguous,"Beto","Primeira Liga",2019,11,0,,,"CO Montijo | Portimonense 23 | Portimonense"
no-candidates,"Blaise Matuidi","UEFA Europa League",2008,9,0,,,""
no-candidates,"Bobby Zamora","Championship",2004,34,7,,,""
no-candidates,"Bobby Zamora","UEFA Europa League",2006,2,0,,,""
no-candidates,"Bobby Zamora","Championship",2013,17,3,,,""
no-candidates,"Bobby Zamora","Championship",2015,26,7,,,""
no-candidates,"Bojan Krkic","Eredivisie",2013,24,4,,,""
no-candidates,"Bojan Krkic","Championship",2018,21,1,,,""
no-candidates,"Borja Valero","Championship",2009,1,0,,,""
no-candidates,"Bosingwa","Primeira Liga",2001,15,0,,,""
no-candidates,"Bosingwa","UEFA Europa League",2002,8,0,,,""
no-candidates,"Bosingwa","Primeira Liga",2002,26,0,,,""
no-candidates,"Bosingwa","Primeira Liga",2003,13,1,,,""
no-candidates,"Bosingwa","Primeira Liga",2004,25,1,,,""
no-candidates,"Bosingwa","Primeira Liga",2005,21,0,,,""
no-candidates,"Bosingwa","Primeira Liga",2006,24,0,,,""
no-candidates,"Bosingwa","Primeira Liga",2007,23,1,,,""
no-candidates,"Bosingwa","UEFA Champions League",2010,4,0,,,""
no-candidates,"Bosingwa","Süper Lig",2013,27,0,,,""
no-candidates,"Bosingwa","Süper Lig",2014,24,0,,,""
no-candidates,"Bosingwa","Süper Lig",2015,12,0,,,""
no-candidates,"Branislav Ivanovic","UEFA Europa League",2006,2,1,,,""
no-candidates,"Branislav Ivanovic","UEFA Europa League",2007,6,1,,,""
no-candidates,"Brede Hangeland","UEFA Europa League",2001,4,0,,,""
no-candidates,"Brede Hangeland","UEFA Europa League",2002,4,0,,,""
no-candidates,"Brede Hangeland","UEFA Europa League",2005,6,0,,,""
no-candidates,"Brede Hangeland","UEFA Europa League",2007,5,0,,,""
no-candidates,"Brenden Aaronson","Bundesliga",2020,20,5,,,""
no-candidates,"Brenden Aaronson","Bundesliga",2021,26,4,,,""
no-candidates,"Brian Brobbey","Eredivisie",2020,12,3,,,""
ambiguous,"Brooke Norton-Cuffy","Championship",2022,21,0,,,"Rotherham | Coventry"
no-candidates,"Bruno Alves","Primeira Liga",2001,15,0,,,""
no-candidates,"Bruno Alves","Primeira Liga",2003,26,1,,,""
no-candidates,"Bruno Alves","UEFA Europa League",2004,5,0,,,""
no-candidates,"Bruno Alves","Primeira Liga",2005,7,0,,,""
no-candidates,"Bruno Alves","Primeira Liga",2006,28,2,,,""
no-candidates,"Bruno Alves","Primeira Liga",2007,27,2,,,""
no-candidates,"Bruno Alves","Primeira Liga",2008,30,5,,,""
no-candidates,"Bruno Alves","Primeira Liga",2009,27,5,,,""
no-candidates,"Bruno Alves","Süper Lig",2013,25,2,,,""
no-candidates,"Bruno Alves","Süper Lig",2014,24,0,,,""
no-candidates,"Bruno Alves","Süper Lig",2015,26,1,,,""
no-candidates,"Burak Yilmaz","Süper Lig",2006,30,5,,,""
no-candidates,"Burak Yilmaz","UEFA Europa League",2006,6,0,,,""
no-candidates,"Burak Yilmaz","Süper Lig",2007,16,9,,,""
no-candidates,"Burak Yilmaz","Süper Lig",2008,6,0,,,""
no-candidates,"Burak Yilmaz","Süper Lig",2009,11,3,,,""
no-candidates,"Burak Yilmaz","Süper Lig",2010,30,19,,,""
no-candidates,"Burak Yilmaz","Süper Lig",2011,30,32,,,""
no-candidates,"Burak Yilmaz","Süper Lig",2012,30,24,,,""
no-candidates,"Burak Yilmaz","Süper Lig",2013,32,16,,,""
no-candidates,"Burak Yilmaz","Süper Lig",2014,28,16,,,""
no-candidates,"Burak Yilmaz","Süper Lig",2015,15,9,,,""
no-candidates,"Burak Yilmaz","Süper Lig",2017,25,23,,,""
no-candidates,"Burak Yilmaz","Süper Lig",2018,15,11,,,""
no-candidates,"Burak Yilmaz","Süper Lig",2019,25,13,,,""
no-candidates,"Burak Yilmaz","Eredivisie",2022,26,9,,,""
unknown-club,"Callum Wilson","Championship",2010,1,0,,,"Kettering"
no-candidates,"Calvin Stengs","Eredivisie",2016,1,0,,,""
no-candidates,"Camel Meriem","UEFA Europa League",2002,4,0,,,""
no-candidates,"Camel Meriem","UEFA Europa League",2003,9,1,,,""
no-candidates,"Camel Meriem","UEFA Europa League",2005,6,0,,,""
unknown-club,"Cameron Puertas","Saudi Pro League",2024,32,3,,,"Al-Qadsiah"
no-candidates,"Cani","UEFA Europa League",2004,9,0,,,""
no-candidates,"Cani","UEFA Europa League",2007,5,1,,,""
no-candidates,"Carles Puyol","UEFA Europa League",2000,2,0,,,""
no-candidates,"Carles Puyol","UEFA Europa League",2003,7,0,,,""
no-candidates,"Carlos Cuéllar","UEFA Europa League",2005,2,0,,,""
no-candidates,"Carlos Cuéllar","UEFA Europa League",2006,7,1,,,""
no-candidates,"Carlos Cuéllar","UEFA Europa League",2007,9,0,,,""
no-candidates,"Carlos Cuéllar","UEFA Europa League",2008,6,0,,,""
no-candidates,"Carlos Cuéllar","Championship",2014,8,0,,,""
no-candidates,"Carlos Marchena","Primeira Liga",2000,20,2,,,""
no-candidates,"Carlos Marchena","UEFA Europa League",2001,5,0,,,""
no-candidates,"Carlos Marchena","UEFA Europa League",2003,8,0,,,""
no-candidates,"Carlos Marchena","UEFA Europa League",2004,1,0,,,""
no-candidates,"Carlos Marchena","UEFA Europa League",2008,7,1,,,""
no-candidates,"Carlos Sánchez","Championship",2020,9,0,,,""
no-candidates,"Carlos Tevez","UEFA Europa League",2006,2,0,,,""
ambiguous,"Carlos Vinícius","Primeira Liga",2018,14,8,,,"Real SC | Rio Ave"
ambiguous,"Cédric Soares","Primeira Liga",2011,24,0,,,"Sporting | Coimbra"
ambiguous,"Cengiz Ünder","Süper Lig",2016,32,7,,,"Altinordu | Basaksehir"
ambiguous,"Cengiz Ünder","Süper Lig",2025,26,5,,,"Fenerbahçe | Besiktas"
unknown-club,"Cenk Tosun","Süper Lig",2010,14,10,,,"Gaziantepspor"
unknown-club,"Cenk Tosun","Süper Lig",2011,32,6,,,"Gaziantepspor"
unknown-club,"Cenk Tosun","Süper Lig",2012,32,10,,,"Gaziantepspor"
unknown-club,"Cenk Tosun","Süper Lig",2013,31,13,,,"Gaziantepspor"
ambiguous,"Cenk Tosun","Süper Lig",2024,12,1,,,"Besiktas | Fenerbahçe"
ambiguous,"Cenk Tosun","Süper Lig",2025,11,1,,,"Fenerbahçe | Kasimpasa"
no-candidates,"César Azpilicueta","UEFA Europa League",2006,1,0,,,""
ambiguous,"Ché Adams","Championship",2016,40,7,,,"Sheff Utd | Birmingham"
no-candidates,"Cher Ndour","Primeira Liga",2022,1,0,,,""
no-candidates,"Chicharito","UEFA Champions League",2010,9,4,,,""
no-candidates,"Chris","Bundesliga",2003,25,3,,,""
no-candidates,"Chris","Bundesliga",2005,22,2,,,""
no-candidates,"Chris","Bundesliga",2006,13,0,,,""
no-candidates,"Chris","Bundesliga",2007,10,1,,,""
no-candidates,"Chris","Bundesliga",2008,19,0,,,""
no-candidates,"Chris","Bundesliga",2009,29,1,,,""
no-candidates,"Chris","Bundesliga",2010,7,2,,,""
no-candidates,"Chris","Bundesliga",2011,8,1,,,""
no-candidates,"Chris Baird","Championship",2005,17,0,,,""
no-candidates,"Chris Baird","Championship",2006,44,3,,,""
no-candidates,"Chris Baird","Championship",2013,7,0,,,""
no-candidates,"Chris Baird","Championship",2015,14,0,,,""
no-candidates,"Chris Baird","Championship",2016,33,0,,,""
no-candidates,"Chris Baird","Championship",2017,22,0,,,""
no-candidates,"Christian Benteke","UEFA Europa League",2008,2,0,,,""
no-candidates,"Christian Poulsen","UEFA Europa League",2001,3,0,,,""
no-candidates,"Christian Poulsen","UEFA Europa League",2002,5,0,,,""
no-candidates,"Christian Poulsen","UEFA Europa League",2003,2,0,,,""
no-candidates,"Christian Poulsen","UEFA Europa League",2004,8,0,,,""
no-candidates,"Christian Poulsen","UEFA Europa League",2005,8,0,,,""
no-candidates,"Christian Poulsen","UEFA Europa League",2006,15,1,,,""
no-candidates,"Christian Poulsen","Eredivisie",2012,25,0,,,""
no-candidates,"Christian Poulsen","Eredivisie",2013,29,1,,,""
no-candidates,"Christoph Metzelder","UEFA Europa League",2001,8,0,,,""
ambiguous,"Chris Wood","Championship",2010,7,0,,,"Barnsley | Brighton"
no-candidates,"Claudio Marchisio","UEFA Europa League",2007,2,0,,,""
no-candidates,"Claudio Pizarro","UEFA Europa League",1999,9,3,,,""
no-candidates,"Claudio Pizarro","UEFA Europa League",2000,5,4,,,""
no-candidates,"Claudio Pizarro","UEFA Europa League",2008,9,5,,,""
no-candidates,"Clemens Fritz","UEFA Europa League",2005,2,0,,,""
no-candidates,"Clemens Fritz","UEFA Europa League",2006,6,1,,,""
no-candidates,"Clemens Fritz","UEFA Europa League",2007,3,0,,,""
no-candidates,"Clemens Fritz","UEFA Europa League",2008,7,0,,,""
no-candidates,"Cody Gakpo","Eredivisie",2017,1,0,,,""
ambiguous,"Conor Coady","Championship",2015,37,0,,,"Huddersfield | Wolves"
no-candidates,"Cris","Ligue 1",2010,21,1,,,""
no-candidates,"Cris","Ligue 1",2011,20,2,,,""
no-candidates,"Cris","Süper Lig",2012,10,1,,,""
no-candidates,"Cris","Ligue 1",2012,2,0,,,""
no-candidates,"Cristian Chivu","Eredivisie",1999,23,1,,,""
no-candidates,"Cristian Chivu","UEFA Europa League",1999,4,0,,,""
no-candidates,"Cristian Chivu","Eredivisie",2000,26,5,,,""
no-candidates,"Cristian Chivu","UEFA Europa League",2000,4,0,,,""
no-candidates,"Cristian Chivu","Eredivisie",2001,32,1,,,""
no-candidates,"Cristian Chivu","UEFA Europa League",2001,4,0,,,""
no-candidates,"Cristian Chivu","Eredivisie",2002,26,6,,,""
no-candidates,"Cristian Chivu","UEFA Europa League",2003,5,0,,,""
no-candidates,"Cristian Chivu","UEFA Europa League",2005,4,0,,,""
no-candidates,"Cristian Săpunaru","UEFA Europa League",2006,3,0,,,""
no-candidates,"Cristian Săpunaru","UEFA Europa League",2007,2,0,,,""
no-candidates,"Cristian Săpunaru","Primeira Liga",2008,17,0,,,""
no-candidates,"Cristian Săpunaru","UEFA Champions League",2009,4,0,,,""
no-candidates,"Cristian Săpunaru","Primeira Liga",2009,5,0,,,""
no-candidates,"Cristian Săpunaru","Primeira Liga",2010,19,0,,,""
no-candidates,"Cristian Săpunaru","Primeira Liga",2011,15,2,,,""
no-candidates,"Cristian Săpunaru","Süper Lig",2017,28,0,,,""
no-candidates,"Cristian Săpunaru","Süper Lig",2018,31,2,,,""
no-candidates,"Cristian Săpunaru","Süper Lig",2019,13,1,,,""
no-candidates,"Cristian Săpunaru","Süper Lig",2020,25,0,,,""
no-candidates,"Dani Alves","UEFA Europa League",2004,9,0,,,""
no-candidates,"Dani Alves","UEFA Europa League",2005,13,0,,,""
no-candidates,"Dani Alves","UEFA Europa League",2006,14,2,,,""
no-candidates,"Daniel Carriço","Primeira Liga",2008,22,0,,,""
no-candidates,"Daniel Carriço","UEFA Champions League",2008,2,0,,,""
no-candidates,"Daniel Carriço","Primeira Liga",2009,25,1,,,""
no-candidates,"Daniel Carriço","Primeira Liga",2010,24,0,,,""
no-candidates,"Daniel Carriço","Primeira Liga",2011,19,1,,,""
no-candidates,"Daniel Carriço","Primeira Liga",2012,1,0,,,""
no-candidates,"Daniele De Rossi","UEFA Europa League",2003,6,1,,,""
no-candidates,"Daniele De Rossi","UEFA Europa League",2005,7,0,,,""
no-candidates,"Daniel Osvaldo","Serie A",2007,13,5,,,""
no-candidates,"Daniel Osvaldo","UEFA Europa League",2007,8,1,,,""
no-candidates,"Daniel Osvaldo","UEFA Champions League",2008,3,0,,,""
no-candidates,"Daniel Osvaldo","Serie A",2008,12,0,,,""
no-candidates,"Daniel Osvaldo","La Liga",2009,20,7,,,""
no-candidates,"Daniel Osvaldo","Serie A",2009,13,3,,,""
no-candidates,"Daniel Osvaldo","Primeira Liga",2015,7,1,,,""
ambiguous,"Daniel Podence","Primeira Liga",2016,13,0,,,"Sporting | Moreirense"
unknown-club,"Daniel Podence","Saudi Pro League",2024,19,2,,,"Al-Shabab"
no-candidates,"Daniel Sturridge","UEFA Europa League",2008,5,0,,,""
no-candidates,"Daniel Sturridge","Süper Lig",2019,11,4,,,""
no-candidates,"Daniel Van Buyten","UEFA Europa League",2005,10,2,,,""
no-candidates,"Daniel Van Buyten","UEFA Europa League",2007,3,1,,,""
no-candidates,"Danilho Doekhi","Eredivisie",2015,1,0,,,""
ambiguous,"Dani Parejo","Championship",2008,14,0,,,"RM Castilla | QPR"
no-candidates,"Danny","Primeira Liga",2001,20,5,,,""
no-candidates,"Danny","UEFA Europa League",2002,1,0,,,""
no-candidates,"Danny","Primeira Liga",2002,15,0,,,""
no-candidates,"Danny","Primeira Liga",2003,29,1,,,""
no-candidates,"Danny","Primeira Liga",2004,9,0,,,""
no-candidates,"Danny","UEFA Europa League",2004,3,0,,,""
no-candidates,"Danny","UEFA Europa League",2008,4,0,,,""
no-candidates,"Danny","UEFA Champions League",2011,6,1,,,""
no-candidates,"Danny","UEFA Champions League",2012,3,2,,,""
no-candidates,"Danny","UEFA Champions League",2013,5,0,,,""
no-candidates,"Danny","UEFA Champions League",2014,6,1,,,""
no-candidates,"Danny","UEFA Champions League",2015,8,1,,,""
no-candidates,"Danny","Primeira Liga",2018,13,0,,,""
no-candidates,"Danny Drinkwater","Championship",2010,12,0,,,""
no-candidates,"Danny Drinkwater","Championship",2011,19,2,,,""
no-candidates,"Danny Drinkwater","Championship",2012,42,1,,,""
no-candidates,"Danny Drinkwater","Championship",2013,45,7,,,""
no-candidates,"Danny Drinkwater","Süper Lig",2020,11,0,,,""
no-candidates,"Danny Drinkwater","Championship",2021,33,1,,,""
ambiguous,"Danny Ings","Championship",2011,15,3,,,"Bournemouth | Burnley"
no-candidates,"Danny Rose","Championship",2008,7,0,,,""
no-candidates,"Danny Rose","Championship",2009,6,0,,,""
no-candidates,"Danny Rose","Championship",2010,17,0,,,""
no-candidates,"Darijo Srna","UEFA Europa League",2001,2,1,,,""
no-candidates,"Darijo Srna","UEFA Europa League",2002,2,0,,,""
no-candidates,"Darijo Srna","UEFA Europa League",2003,1,0,,,""
no-candidates,"Darijo Srna","UEFA Europa League",2004,4,0,,,""
no-candidates,"Darijo Srna","UEFA Europa League",2005,8,0,,,""
no-candidates,"Darijo Srna","UEFA Europa League",2006,3,1,,,""
no-candidates,"Darijo Srna","UEFA Europa League",2008,9,0,,,""
no-candidates,"Dário Essugo","Primeira Liga",2020,1,0,,,""
no-candidates,"Dário Essugo","Primeira Liga",2021,1,0,,,""
no-candidates,"Dário Essugo","Primeira Liga",2022,4,0,,,""
ambiguous,"Dário Essugo","Primeira Liga",2023,14,0,,,"Sporting | Chaves"
no-candidates,"Darren Bent","UEFA Europa League",2001,1,0,,,""
no-candidates,"Darren Bent","UEFA Europa League",2002,3,1,,,""
no-candidates,"Darren Bent","Championship",2004,45,20,,,""
no-candidates,"Darren Bent","UEFA Europa League",2007,8,2,,,""
no-candidates,"Darren Bent","UEFA Europa League",2008,6,4,,,""
no-candidates,"Darren Bent","Championship",2014,15,10,,,""
no-candidates,"Darren Bent","Championship",2015,21,2,,,""
no-candidates,"Darren Bent","Championship",2016,37,10,,,""
no-candidates,"Darren Bent","Championship",2017,15,2,,,""
no-candidates,"Darren Fletcher","Championship",2018,11,1,,,""
no-candidates,"David Affengruber","Bundesliga",2021,30,1,,,""
no-candidates,"David Affengruber","Bundesliga",2022,27,4,,,""
no-candidates,"David Affengruber","Bundesliga",2023,28,2,,,""
no-candidates,"David Beckham","Premier League",1994,4,0,,,""
no-candidates,"David Beckham","UEFA Europa League",1995,2,0,,,""
no-candidates,"David Beckham","UEFA Europa League",2008,2,0,,,""
no-candidates,"David Bentley","UEFA Champions League",2003,1,0,,,""
no-candidates,"David Bentley","UEFA Europa League",2006,8,3,,,""
no-candidates,"David Bentley","UEFA Europa League",2007,2,0,,,""
no-candidates,"David Bentley","UEFA Europa League",2008,5,1,,,""
no-candidates,"David Bentley","Championship",2011,5,0,,,""
no-candidates,"David Bentley","Championship",2012,5,0,,,""
ambiguous,"David Carmo","Primeira Liga",2022,9,0,,,"Braga | Porto"
no-candidates,"David Luiz","Primeira Liga",2006,10,0,,,""
no-candidates,"David Luiz","UEFA Europa League",2006,4,0,,,""
no-candidates,"David Luiz","Primeira Liga",2007,8,0,,,""
no-candidates,"David Luiz","UEFA Europa League",2007,1,0,,,""
no-candidates,"David Luiz","UEFA Europa League",2008,2,1,,,""
no-candidates,"David Luiz","Primeira Liga",2008,19,2,,,""
no-candidates,"David Luiz","Primeira Liga",2009,29,2,,,""
no-candidates,"David Luiz","Primeira Liga",2010,16,0,,,""
no-candidates,"David Luiz","Premier League",2010,12,2,,,""
no-candidates,"David Luiz","Premier League",2011,20,2,,,""
no-candidates,"David Luiz","UEFA Champions League",2011,11,1,,,""
no-candidates,"David Luiz","Premier League",2012,30,2,,,""
no-candidates,"David Luiz","UEFA Champions League",2012,6,2,,,""
no-candidates,"David Luiz","UEFA Champions League",2013,8,0,,,""
no-candidates,"David Luiz","Premier League",2013,19,0,,,""
no-candidates,"David Luiz","Ligue 1",2014,28,2,,,""
no-candidates,"David Luiz","UEFA Champions League",2014,10,2,,,""
no-candidates,"David Luiz","Ligue 1",2015,25,1,,,""
no-candidates,"David Luiz","UEFA Champions League",2015,7,1,,,""
no-candidates,"David Luiz","Ligue 1",2016,3,0,,,""
no-candidates,"David Luiz","Premier League",2016,33,1,,,""
no-candidates,"David Luiz","UEFA Champions League",2017,4,1,,,""
no-candidates,"David Luiz","Premier League",2017,10,1,,,""
no-candidates,"David Luiz","Premier League",2018,36,3,,,""
no-candidates,"David Luiz","Premier League",2019,33,2,,,""
no-candidates,"David Luiz","Premier League",2020,20,1,,,""
no-candidates,"David Luiz","UEFA Champions League",2025,7,1,,,""
no-candidates,"David Pizarro","UEFA Europa League",2003,2,0,,,""
no-candidates,"David Pizarro","UEFA Europa League",2004,2,0,,,""
no-candidates,"David Silva","UEFA Europa League",2008,3,1,,,""
no-candidates,"David Villa","UEFA Europa League",2004,10,3,,,""
no-candidates,"David Villa","UEFA Europa League",2008,5,1,,,""
no-candidates,"Davy Klaassen","Eredivisie",2011,4,1,,,""
ambiguous,"Davy Pröpper","Eredivisie",2015,33,10,,,"Vitesse | PSV Eindhoven"
no-candidates,"Dayot Upamecano","Bundesliga",2015,2,0,,,""
no-candidates,"Demarai Gray","Championship",2013,7,1,,,""
no-candidates,"Demba Ba","Süper Lig",2014,29,18,,,""
no-candidates,"Demba Ba","Süper Lig",2016,2,1,,,""
no-candidates,"Demba Ba","Süper Lig",2017,13,7,,,""
no-candidates,"Demba Ba","Süper Lig",2018,5,2,,,""
no-candidates,"Demba Ba","Süper Lig",2019,28,13,,,""
no-candidates,"Demba Ba","Süper Lig",2020,26,5,,,""
ambiguous,"Denzel Dumfries","Eredivisie",2018,34,4,,,"Heerenveen | PSV"
no-candidates,"Derrick Luckassen","UEFA Champions League",2025,14,1,,,""
no-candidates,"Diadié Samassékou","Bundesliga",2017,29,0,,,""
no-candidates,"Diadié Samassékou","Bundesliga",2018,26,1,,,""
no-candidates,"Didier Drogba","UEFA Europa League",2003,8,6,,,""
no-candidates,"Didier Drogba","Süper Lig",2012,13,5,,,""
no-candidates,"Didier Drogba","Süper Lig",2013,24,10,,,""
no-candidates,"Didier Zokora","UEFA Europa League",2000,4,1,,,""
no-candidates,"Didier Zokora","UEFA Europa League",2006,9,0,,,""
no-candidates,"Didier Zokora","UEFA Europa League",2007,10,0,,,""
no-candidates,"Didier Zokora","UEFA Europa League",2008,7,0,,,""
no-candidates,"Didier Zokora","Süper Lig",2011,21,0,,,""
no-candidates,"Didier Zokora","Süper Lig",2012,27,0,,,""
no-candidates,"Didier Zokora","Süper Lig",2013,24,0,,,""
no-candidates,"Didier Zokora","Süper Lig",2014,25,0,,,""
no-candidates,"Diego","Primeira Liga",2004,30,3,,,""
no-candidates,"Diego","UEFA Champions League",2004,6,1,,,""
no-candidates,"Diego","UEFA Champions League",2005,4,1,,,""
no-candidates,"Diego","Primeira Liga",2005,19,1,,,""
no-candidates,"Diego","UEFA Europa League",2006,8,1,,,""
no-candidates,"Diego","UEFA Champions League",2006,6,1,,,""
no-candidates,"Diego","Bundesliga",2006,33,13,,,""
no-candidates,"Diego","UEFA Champions League",2007,5,1,,,""
no-candidates,"Diego","UEFA Europa League",2007,3,1,,,""
no-candidates,"Diego","Bundesliga",2007,30,13,,,""
no-candidates,"Diego","UEFA Europa League",2008,8,6,,,""
no-candidates,"Diego","Bundesliga",2008,21,12,,,""
no-candidates,"Diego","UEFA Champions League",2008,5,1,,,""
no-candidates,"Diego","Serie A",2009,33,5,,,""
no-candidates,"Diego","UEFA Champions League",2009,5,0,,,""
no-candidates,"Diego","Süper Lig",2014,25,3,,,""
no-candidates,"Diego","Süper Lig",2015,28,2,,,""
no-candidates,"Diego Costa","UEFA Europa League",2006,2,1,,,""
no-candidates,"Diego Costa","Primeira Liga",2006,7,0,,,""
no-candidates,"Diego Godín","UEFA Europa League",2007,7,0,,,""
no-candidates,"Diego Milito","UEFA Europa League",2007,2,0,,,""
no-candidates,"Diego Moreira","Primeira Liga",2021,1,0,,,""
no-candidates,"Diego Perotti","Süper Lig",2020,4,3,,,""
no-candidates,"Dimitar Berbatov","UEFA Europa League",1999,2,0,,,""
no-candidates,"Dimitar Berbatov","UEFA Europa League",2000,2,0,,,""
no-candidates,"Dimitar Berbatov","UEFA Europa League",2005,2,0,,,""
no-candidates,"Dimitar Berbatov","UEFA Europa League",2006,8,7,,,""
no-candidates,"Dimitar Berbatov","UEFA Europa League",2007,8,5,,,""
no-candidates,"Dimitri Payet","UEFA Europa League",2008,10,3,,,""
no-candidates,"Diogo Figueiras","Primeira Liga",2011,2,0,,,""
no-candidates,"Diogo Figueiras","Primeira Liga",2012,19,0,,,""
no-candidates,"Diogo Figueiras","Primeira Liga",2017,3,0,,,""
no-candidates,"Diogo Figueiras","Primeira Liga",2018,3,0,,,""
no-candidates,"Diogo Figueiras","Primeira Liga",2019,18,0,,,""
no-candidates,"Diogo Figueiras","Primeira Liga",2020,19,0,,,""
no-candidates,"Diogo Figueiras","Primeira Liga",2021,15,0,,,""
no-candidates,"Diogo Leite","Primeira Liga",2018,3,1,,,""
ambiguous,"Diogo Leite","Primeira Liga",2021,23,0,,,"Porto | Braga"
no-candidates,"Dirk Kuyt","Eredivisie",1998,28,5,,,""
no-candidates,"Dirk Kuyt","Eredivisie",1999,32,6,,,""
no-candidates,"Dirk Kuyt","Eredivisie",2000,32,13,,,""
no-candidates,"Dirk Kuyt","UEFA Europa League",2001,4,1,,,""
no-candidates,"Dirk Kuyt","Eredivisie",2001,34,7,,,""
no-candidates,"Dirk Kuyt","Eredivisie",2002,34,20,,,""
no-candidates,"Dirk Kuyt","UEFA Europa League",2002,2,0,,,""
no-candidates,"Dirk Kuyt","Eredivisie",2003,34,20,,,""
no-candidates,"Dirk Kuyt","UEFA Europa League",2003,4,1,,,""
no-candidates,"Dirk Kuyt","Eredivisie",2004,34,29,,,""
no-candidates,"Dirk Kuyt","UEFA Europa League",2004,7,3,,,""
no-candidates,"Dirk Kuyt","Eredivisie",2005,33,22,,,""
no-candidates,"Dirk Kuyt","UEFA Europa League",2005,2,1,,,""
no-candidates,"Dirk Kuyt","Süper Lig",2012,31,8,,,""
no-candidates,"Dirk Kuyt","Süper Lig",2013,32,10,,,""
no-candidates,"Dirk Kuyt","Süper Lig",2014,32,8,,,""
no-candidates,"Dirk Kuyt","Eredivisie",2015,32,19,,,""
no-candidates,"Dirk Kuyt","Eredivisie",2016,31,12,,,""
no-candidates,"Djibril Cissé","UEFA Europa League",2002,3,0,,,""
no-candidates,"Djibril Cissé","UEFA Europa League",2003,7,2,,,""
no-candidates,"Djibril Cissé","UEFA Europa League",2007,4,2,,,""
no-candidates,"Dominik Szoboszlai","Bundesliga",2018,16,3,,,""
no-candidates,"Dominik Szoboszlai","Bundesliga",2019,27,9,,,""
no-candidates,"Donyell Malen","Eredivisie",2017,4,0,,,""
ambiguous,"Dries Mertens","Eredivisie",2009,34,6,,,"AGOVV | FC Utrecht"
no-candidates,"Duje Caleta-Car","Bundesliga",2015,31,2,,,""
no-candidates,"Duje Caleta-Car","Bundesliga",2016,18,0,,,""
no-candidates,"Duje Caleta-Car","Bundesliga",2017,28,2,,,""
ambiguous,"Dušan Tadić","Eredivisie",2012,33,12,,,"FC Groningen | FC Twente"
ambiguous,"Dwight Gayle","Championship",2012,29,13,,,"Dag & Red FC | Peterborough"
ambiguous,"Eberechi Eze","Championship",2017,16,2,,,"QPR | Wycombe"
no-candidates,"Éder","Serie A",2006,5,0,,,""
no-candidates,"Éder","UEFA Europa League",2007,1,0,,,""
no-candidates,"Éder","Primeira Liga",2008,24,1,,,""
no-candidates,"Éder","Primeira Liga",2009,22,4,,,""
no-candidates,"Éder","Primeira Liga",2010,21,2,,,""
no-candidates,"Éder","Primeira Liga",2011,16,5,,,""
no-candidates,"Éder","Primeira Liga",2012,18,13,,,""
no-candidates,"Éder","Primeira Liga",2013,13,3,,,""
no-candidates,"Éder","Primeira Liga",2014,28,10,,,""
no-candidates,"Éder","Saudi Pro League",2021,22,6,,,""
no-candidates,"Edson Braafheid","Eredivisie",2003,14,0,,,""
no-candidates,"Edson Braafheid","UEFA Europa League",2003,1,0,,,""
no-candidates,"Edson Braafheid","UEFA Europa League",2004,4,0,,,""
no-candidates,"Edson Braafheid","Eredivisie",2004,23,0,,,""
no-candidates,"Edson Braafheid","Eredivisie",2005,31,2,,,""
no-candidates,"Edson Braafheid","Eredivisie",2006,11,0,,,""
no-candidates,"Edson Braafheid","Eredivisie",2007,32,0,,,""
no-candidates,"Edson Braafheid","UEFA Europa League",2007,1,0,,,""
no-candidates,"Edson Braafheid","Eredivisie",2008,33,1,,,""
no-candidates,"Edson Braafheid","UEFA Europa League",2008,7,0,,,""
no-candidates,"Edson Braafheid","Eredivisie",2012,25,0,,,""
no-candidates,"Edson Braafheid","Eredivisie",2016,5,0,,,""
no-candidates,"Edson Braafheid","Eredivisie",2017,8,0,,,""
ambiguous,"Eduardo Quaresma","Primeira Liga",2021,25,2,,,"Sporting | Tondela"
no-candidates,"Eljero Elia","Eredivisie",2004,4,1,,,""
no-candidates,"Eljero Elia","Eredivisie",2005,30,2,,,""
no-candidates,"Eljero Elia","Eredivisie",2006,25,3,,,""
no-candidates,"Eljero Elia","UEFA Europa League",2007,2,0,,,""
no-candidates,"Eljero Elia","Eredivisie",2007,30,2,,,""
no-candidates,"Eljero Elia","Eredivisie",2008,34,9,,,""
no-candidates,"Eljero Elia","UEFA Europa League",2008,6,1,,,""
no-candidates,"Eljero Elia","Eredivisie",2015,31,8,,,""
no-candidates,"Eljero Elia","Eredivisie",2016,24,9,,,""
no-candidates,"Eljero Elia","Süper Lig",2017,24,5,,,""
no-candidates,"Eljero Elia","Süper Lig",2018,21,1,,,""
no-candidates,"Eljero Elia","Süper Lig",2019,23,3,,,""
no-candidates,"Eljero Elia","Eredivisie",2020,20,2,,,""
no-candidates,"Emmanuel Adebayor","UEFA Europa League",2005,5,3,,,""
no-candidates,"Emmanuel Adebayor","Süper Lig",2016,11,6,,,""
no-candidates,"Emmanuel Adebayor","Süper Lig",2017,30,15,,,""
no-candidates,"Emmanuel Adebayor","Süper Lig",2018,19,3,,,""
no-candidates,"Emmanuel Adebayor","Süper Lig",2019,8,2,,,""
ambiguous,"Emmanuel Agbadou","Ligue 1",2019,18,1,,,"US Monastir | FC San Pedro"
ambiguous,"Emmanuel Dennis","Championship",2024,6,0,,,"Nott'm Forest | Blackburn"
no-candidates,"Emmanuel Eboué","UEFA Europa League",2004,5,0,,,""
no-candidates,"Emmanuel Eboué","Süper Lig",2011,25,2,,,""
no-candidates,"Emmanuel Eboué","Süper Lig",2012,28,0,,,""
no-candidates,"Emmanuel Eboué","Süper Lig",2013,18,1,,,""
no-candidates,"Emmanuel Emegha","Bundesliga",2022,27,9,,,""
no-candidates,"Emmanuel Emenike","Süper Lig",2010,23,14,,,""
no-candidates,"Emmanuel Emenike","Süper Lig",2013,28,12,,,""
no-candidates,"Emmanuel Emenike","Süper Lig",2014,27,4,,,""
no-candidates,"Emmanuel Emenike","Süper Lig",2016,16,4,,,""
no-candidates,"Enock Mwepu","Bundesliga",2017,8,1,,,""
no-candidates,"Enock Mwepu","Bundesliga",2018,19,1,,,""
no-candidates,"Enock Mwepu","Bundesliga",2019,25,4,,,""
no-candidates,"Enock Mwepu","Bundesliga",2020,29,5,,,""
no-candidates,"Enzo Maresca","UEFA Europa League",2005,11,3,,,""
no-candidates,"Enzo Maresca","UEFA Europa League",2006,7,2,,,""
no-candidates,"Enzo Maresca","UEFA Europa League",2008,5,0,,,""
unknown-club,"Equi Fernández","Saudi Pro League",2024,32,1,,,"Al-Qadsiah"
no-candidates,"Erling Haaland","Bundesliga",2018,2,1,,,""
no-candidates,"Ernest Poku","Eredivisie",2021,4,0,,,""
unknown-club,"Éver Banega","Saudi Pro League",2020,27,7,,,"Al-Shabab"
unknown-club,"Éver Banega","Saudi Pro League",2021,27,6,,,"Al-Shabab"
unknown-club,"Éver Banega","Saudi Pro League",2022,24,3,,,"Al-Shabab"
unknown-club,"Éver Banega","Saudi Pro League",2023,16,2,,,"Al-Shabab"
no-candidates,"Ezequiel Garay","UEFA Europa League",2008,4,0,,,""
no-candidates,"Ezequiel Garay","Primeira Liga",2011,24,2,,,""
no-candidates,"Ezequiel Garay","Primeira Liga",2012,27,1,,,""
no-candidates,"Ezequiel Garay","Primeira Liga",2013,27,6,,,""
no-candidates,"Fabian Delph","Championship",2006,1,0,,,""
no-candidates,"Fabian Delph","Championship",2011,5,0,,,""
no-candidates,"Fábio Coentrão","Primeira Liga",2005,3,1,,,""
no-candidates,"Fábio Coentrão","Primeira Liga",2007,15,4,,,""
no-candidates,"Fábio Coentrão","Primeira Liga",2008,16,3,,,""
no-candidates,"Fábio Coentrão","Primeira Liga",2009,26,0,,,""
no-candidates,"Fábio Coentrão","Primeira Liga",2010,23,2,,,""
no-candidates,"Fábio Coentrão","Primeira Liga",2017,25,1,,,""
no-candidates,"Fábio Coentrão","Primeira Liga",2018,21,0,,,""
no-candidates,"Fábio Coentrão","Primeira Liga",2020,13,2,,,""
no-candidates,"Fabio Quagliarella","UEFA Europa League",2008,11,8,,,""
no-candidates,"Fabrizio Miccoli","Primeira Liga",2005,17,4,,,""
no-candidates,"Fabrizio Miccoli","Primeira Liga",2006,22,10,,,""
no-candidates,"Fabrizio Miccoli","UEFA Europa League",2006,6,1,,,""
no-candidates,"Fabrizio Miccoli","Premier League",2015,11,6,,,""
no-candidates,"Federico Balzaretti","UEFA Europa League",2007,3,0,,,""
no-candidates,"Felipe Melo","UEFA Europa League",2008,2,0,,,""
no-candidates,"Felipe Melo","Süper Lig",2011,30,10,,,""
no-candidates,"Felipe Melo","Süper Lig",2012,26,1,,,""
no-candidates,"Felipe Melo","Süper Lig",2013,30,1,,,""
no-candidates,"Felipe Melo","Süper Lig",2014,20,1,,,""
no-candidates,"Felipe Melo","Süper Lig",2015,2,0,,,""
no-candidates,"Fernandinho","UEFA Europa League",2005,7,1,,,""
no-candidates,"Fernandinho","UEFA Europa League",2006,4,1,,,""
no-candidates,"Fernandinho","UEFA Europa League",2008,9,4,,,""
no-candidates,"Fernando","UEFA Europa League",2007,4,0,,,""
ambiguous,"Fernando","Primeira Liga",2007,26,1,,,"Vila Nova FC | FC Porto | CF Estrela"
no-candidates,"Fernando","UEFA Europa League",2008,2,0,,,""
no-candidates,"Fernando","UEFA Champions League",2008,6,0,,,""
no-candidates,"Fernando","Saudi Pro League",2011,22,3,,,""
no-candidates,"Fernando","Saudi Pro League",2012,26,2,,,""
no-candidates,"Fernando","Saudi Pro League",2013,20,4,,,""
no-candidates,"Fernando","Süper Lig",2021,17,4,,,""
no-candidates,"Fernando","Süper Lig",2022,30,5,,,""
no-candidates,"Fernando Amorebieta","Championship",2014,4,0,,,""
no-candidates,"Fernando Amorebieta","Championship",2015,14,0,,,""
no-candidates,"Fernando Belluschi","UEFA Europa League",2008,7,1,,,""
no-candidates,"Fernando Belluschi","Primeira Liga",2009,27,3,,,""
no-candidates,"Fernando Belluschi","Primeira Liga",2010,26,2,,,""
no-candidates,"Fernando Belluschi","Primeira Liga",2011,16,1,,,""
no-candidates,"Fernando Belluschi","Süper Lig",2012,30,5,,,""
no-candidates,"Fernando Belluschi","Süper Lig",2013,27,3,,,""
no-candidates,"Fernando Belluschi","Süper Lig",2014,32,3,,,""
no-candidates,"Fernando Llorente","UEFA Europa League",2004,1,0,,,""
no-candidates,"Filipe Luís","UEFA Europa League",2008,8,0,,,""
no-candidates,"Filipe Luís","La Liga",2010,27,1,,,""
no-candidates,"Filipe Luís","La Liga",2011,36,0,,,""
no-candidates,"Filipe Luís","La Liga",2012,32,1,,,""
no-candidates,"Filipe Luís","UEFA Champions League",2013,10,1,,,""
no-candidates,"Filipe Luís","La Liga",2013,32,0,,,""
no-candidates,"Filipe Luís","Premier League",2014,15,0,,,""
no-candidates,"Filipe Luís","UEFA Champions League",2014,5,0,,,""
no-candidates,"Filipe Luís","UEFA Champions League",2015,10,0,,,""
no-candidates,"Filipe Luís","La Liga",2015,32,1,,,""
no-candidates,"Filipe Luís","La Liga",2016,34,3,,,""
no-candidates,"Filipe Luís","UEFA Champions League",2016,10,0,,,""
no-candidates,"Filipe Luís","UEFA Champions League",2017,6,0,,,""
no-candidates,"Filipe Luís","La Liga",2017,20,1,,,""
no-candidates,"Filipe Luís","UEFA Champions League",2018,5,0,,,""
no-candidates,"Filipe Luís","La Liga",2018,27,2,,,""
ambiguous,"Finn Azaz","Championship",2025,41,10,,,"Middlesbrough | Southampton"
no-candidates,"Florent Malouda","Süper Lig",2013,19,5,,,""
no-candidates,"Florent Malouda","Premier League",2015,16,3,,,""
no-candidates,"Francesco Totti","Serie A",1992,2,0,,,""
no-candidates,"Francesco Totti","Serie A",1993,8,0,,,""
no-candidates,"Francesco Totti","Serie A",1994,21,4,,,""
no-candidates,"Francesco Totti","Serie A",1995,28,2,,,""
no-candidates,"Francesco Totti","UEFA Europa League",1995,7,2,,,""
no-candidates,"Francesco Totti","UEFA Europa League",1996,3,0,,,""
no-candidates,"Francesco Totti","UEFA Europa League",1998,8,3,,,""
no-candidates,"Francesco Totti","UEFA Europa League",1999,5,1,,,""
no-candidates,"Francesco Totti","UEFA Europa League",2000,3,2,,,""
no-candidates,"Francesco Totti","UEFA Europa League",2003,1,0,,,""
no-candidates,"Francesco Totti","UEFA Europa League",2005,3,2,,,""
no-candidates,"Franck Ribéry","Süper Lig",2004,14,0,,,""
no-candidates,"Franck Ribéry","UEFA Europa League",2005,7,1,,,""
no-candidates,"Franck Ribéry","UEFA Europa League",2006,2,0,,,""
no-candidates,"Franck Ribéry","UEFA Europa League",2007,11,3,,,""
unknown-club,"François Kamano","Saudi Pro League",2023,31,2,,,"Abha"
ambiguous,"François Kamano","Saudi Pro League",2024,30,4,,,"Abha | Damac FC"
no-candidates,"Frank Lampard","UEFA Europa League",1999,4,1,,,""
no-candidates,"Frank Lampard","UEFA Europa League",2001,4,1,,,""
no-candidates,"Frank Lampard","UEFA Europa League",2002,2,1,,,""
no-candidates,"Frank Lampard","Premier League",2010,24,10,,,""
no-candidates,"Frank Lampard","Premier League",2011,30,11,,,""
no-candidates,"Frank Lampard","Premier League",2012,29,15,,,""
no-candidates,"Frank Lampard","Premier League",2013,26,6,,,""
no-candidates,"Frank Lampard","Premier League",2014,32,6,,,""
no-candidates,"Fredy Guarín","Primeira Liga",2008,15,1,,,""
no-candidates,"Fredy Guarín","Primeira Liga",2009,19,4,,,""
no-candidates,"Fredy Guarín","Primeira Liga",2010,22,5,,,""
no-candidates,"Fredy Guarín","Primeira Liga",2011,7,1,,,""
no-candidates,"Fredy Guarín","Serie A",2011,6,0,,,""
no-candidates,"Fredy Guarín","UEFA Champions League",2011,2,0,,,""
no-candidates,"Fredy Guarín","Serie A",2012,32,4,,,""
no-candidates,"Fredy Guarín","Serie A",2013,32,4,,,""
no-candidates,"Fredy Guarín","Serie A",2014,28,6,,,""
no-candidates,"Fredy Guarín","Serie A",2015,16,1,,,""
no-candidates,"Frenkie de Jong","Eredivisie",2014,1,0,,,""
no-candidates,"Frenkie de Jong","Eredivisie",2015,1,0,,,""
no-candidates,"Gabriel Agbonlahor","Championship",2005,7,0,,,""
no-candidates,"Gabriel Agbonlahor","UEFA Europa League",2008,5,0,,,""
no-candidates,"Gabriel Agbonlahor","Championship",2016,13,1,,,""
no-candidates,"Gabriel Agbonlahor","Championship",2017,6,1,,,""
no-candidates,"Gaël Clichy","UEFA Champions League",2003,1,0,,,""
no-candidates,"Gaël Clichy","Süper Lig",2017,31,0,,,""
no-candidates,"Gaël Clichy","Süper Lig",2018,25,1,,,""
no-candidates,"Gaël Clichy","Süper Lig",2019,31,2,,,""
no-candidates,"Gaël Givet","UEFA Europa League",2005,6,0,,,""
no-candidates,"Gaël Givet","UEFA Europa League",2007,4,0,,,""
no-candidates,"Gaël Givet","Championship",2012,16,0,,,""
no-candidates,"Gareth Bale","Championship",2005,2,0,,,""
no-candidates,"Gareth Bale","Championship",2006,38,5,,,""
no-candidates,"Gareth Bale","UEFA Europa League",2007,3,0,,,""
no-candidates,"Gareth Bale","UEFA Europa League",2008,7,0,,,""
no-candidates,"Gareth Barry","UEFA Europa League",1998,3,0,,,""
no-candidates,"Gareth Barry","UEFA Europa League",2001,1,0,,,""
no-candidates,"Gareth Barry","UEFA Europa League",2008,5,2,,,""
no-candidates,"Gareth Barry","Championship",2018,24,1,,,""
no-candidates,"Gareth Barry","Championship",2019,3,0,,,""
no-candidates,"Gary Cahill","Championship",2004,27,1,,,""
no-candidates,"Gary Cahill","Championship",2007,16,2,,,""
no-candidates,"Gary Cahill","UEFA Europa League",2007,4,0,,,""
no-candidates,"Gary Cahill","Championship",2021,22,0,,,""
unknown-club,"Gastón Álvarez","Saudi Pro League",2024,30,1,,,"Al-Qadsiah"
unknown-club,"Gastón Álvarez","Saudi Pro League",2025,28,0,,,"Al-Qadsiah"
ambiguous,"Gastón Pereiro","Eredivisie",2015,29,11,,,"Nacional | PSV"
no-candidates,"Gastón Ramírez","Championship",2015,18,7,,,""
no-candidates,"Georginio Wijnaldum","Eredivisie",2006,3,0,,,""
no-candidates,"Gerald Asamoah","UEFA Europa League",2002,6,0,,,""
no-candidates,"Gerald Asamoah","UEFA Europa League",2003,4,0,,,""
no-candidates,"Gerald Asamoah","UEFA Europa League",2004,7,1,,,""
no-candidates,"Gerald Asamoah","UEFA Europa League",2005,8,1,,,""
no-candidates,"Gerald Asamoah","UEFA Europa League",2006,2,0,,,""
no-candidates,"Gerald Asamoah","UEFA Europa League",2008,5,1,,,""
no-candidates,"Gervinho","Süper Lig",2021,9,2,,,""
no-candidates,"Giacomo Bonaventura","Saudi Pro League",2024,29,2,,,""
no-candidates,"Giampaolo Pazzini","UEFA Europa League",2007,12,0,,,""
no-candidates,"Giampaolo Pazzini","UEFA Champions League",2008,2,0,,,""
ambiguous,"Giannelli Imbula","Süper Lig",2023,4,0,,,"Tuzlaspor | Istanbulspor"
no-candidates,"Giuseppe Rossi","UEFA Champions League",2005,1,0,,,""
no-candidates,"Giuseppe Rossi","UEFA Europa League",2006,1,0,,,""
no-candidates,"Giuseppe Rossi","UEFA Europa League",2007,5,0,,,""
no-candidates,"Glen Johnson","UEFA Europa League",2008,4,0,,,""
unknown-club,"Glen Kamara","Saudi Pro League",2024,13,0,,,"Al-Shabab"
ambiguous,"Gökhan Töre","Süper Lig",2022,3,0,,,"Besiktas | Adana Demirspor"
no-candidates,"Gonçalo Paciência","Primeira Liga",2014,1,0,,,""
unknown-club,"Gonçalo Paciência","Primeira Liga",2015,27,3,,,"Coimbra"
no-candidates,"Gonçalo Ramos","Primeira Liga",2019,1,2,,,""
no-candidates,"Gonzalo Castro","UEFA Europa League",2005,2,0,,,""
no-candidates,"Gonzalo Castro","UEFA Europa League",2006,11,0,,,""
no-candidates,"Gonzalo Castro","UEFA Europa League",2007,11,0,,,""
no-candidates,"Goran Pandev","UEFA Europa League",2004,4,1,,,""
no-candidates,"Goran Pandev","Süper Lig",2014,4,0,,,""
no-candidates,"Gregory van der Wiel","Eredivisie",2006,4,0,,,""
no-candidates,"Gregory van der Wiel","Eredivisie",2007,6,0,,,""
no-candidates,"Gregory van der Wiel","UEFA Europa League",2007,2,0,,,""
no-candidates,"Gregory van der Wiel","Eredivisie",2008,32,2,,,""
no-candidates,"Gregory van der Wiel","UEFA Europa League",2008,9,0,,,""
no-candidates,"Gregory van der Wiel","Eredivisie",2009,34,6,,,""
no-candidates,"Gregory van der Wiel","Eredivisie",2010,32,1,,,""
no-candidates,"Gregory van der Wiel","Eredivisie",2011,19,2,,,""
no-candidates,"Gregory van der Wiel","Eredivisie",2012,3,1,,,""
no-candidates,"Gregory van der Wiel","Süper Lig",2016,11,0,,,""
no-candidates,"Grzegorz Krychowiak","Saudi Pro League",2022,30,3,,,""
no-candidates,"Grzegorz Krychowiak","Saudi Pro League",2023,33,9,,,""
no-candidates,"Guilherme Siqueira","Primeira Liga",2013,18,1,,,""
ambiguous,"Gustavo Hamer","Eredivisie",2018,23,0,,,"Feyenoord | PEC Zwolle"
ambiguous,"Gustavo Hamer","Championship",2023,1,0,,,"Coventry | Sheff Utd"
unknown-club,"Habib Diallo","Saudi Pro League",2023,30,5,,,"Al-Shabab"
ambiguous,"Habib Diallo","Saudi Pro League",2024,27,7,,,"Al-Shabab | Damac FC"
unknown-club,"Haji Wright","Eredivisie",2019,22,0,,,"VVV-Venlo"
ambiguous,"Hakim Ziyech","Eredivisie",2014,31,11,,,"Heerenveen | FC Twente"
ambiguous,"Hakim Ziyech","Eredivisie",2016,28,7,,,"FC Twente | Ajax"
no-candidates,"Hamit Altintop","UEFA Europa League",2003,2,0,,,""
no-candidates,"Hamit Altintop","UEFA Europa League",2004,8,0,,,""
no-candidates,"Hamit Altintop","UEFA Europa League",2005,3,0,,,""
no-candidates,"Hamit Altintop","UEFA Europa League",2006,2,0,,,""
no-candidates,"Hamit Altintop","UEFA Europa League",2007,9,3,,,""
no-candidates,"Hamit Altintop","UEFA Champions League",2010,7,0,,,""
no-candidates,"Hamit Altintop","Süper Lig",2012,29,0,,,""
no-candidates,"Hamit Altintop","Süper Lig",2013,5,0,,,""
no-candidates,"Hamit Altintop","Süper Lig",2014,23,1,,,""
no-candidates,"Hamit Altintop","Süper Lig",2016,4,0,,,""
no-candidates,"Haris Seferovic","Primeira Liga",2017,20,4,,,""
no-candidates,"Haris Seferovic","Primeira Liga",2018,29,23,,,""
no-candidates,"Haris Seferovic","Primeira Liga",2019,30,5,,,""
no-candidates,"Haris Seferovic","Primeira Liga",2020,31,22,,,""
no-candidates,"Haris Seferovic","Primeira Liga",2021,10,3,,,""
no-candidates,"Haris Seferovic","Süper Lig",2022,10,0,,,""
no-candidates,"Harry Maguire","Championship",2010,5,0,,,""
ambiguous,"Harry Maguire","Championship",2014,16,1,,,"Sheff Utd | Wigan"
no-candidates,"Hee-chan Hwang","Bundesliga",2016,26,12,,,""
no-candidates,"Hee-chan Hwang","Bundesliga",2017,20,5,,,""
no-candidates,"Hee-chan Hwang","Bundesliga",2019,27,11,,,""
no-candidates,"Hugo Viana","UEFA Europa League",2001,4,0,,,""
no-candidates,"Hugo Viana","Primeira Liga",2001,26,1,,,""
no-candidates,"Hugo Viana","UEFA Europa League",2003,8,0,,,""
no-candidates,"Hugo Viana","Primeira Liga",2004,32,6,,,""
no-candidates,"Hugo Viana","UEFA Europa League",2004,10,2,,,""
no-candidates,"Hugo Viana","UEFA Europa League",2008,4,0,,,""
no-candidates,"Hugo Viana","Primeira Liga",2009,28,4,,,""
no-candidates,"Hugo Viana","Primeira Liga",2010,23,3,,,""
no-candidates,"Hugo Viana","Primeira Liga",2011,27,2,,,""
no-candidates,"Hugo Viana","UEFA Champions League",2012,6,0,,,""
no-candidates,"Hugo Viana","Primeira Liga",2012,28,7,,,""
no-candidates,"Iago Falque","Championship",2011,1,0,,,""
no-candidates,"Ibrahim Afellay","Eredivisie",2003,2,0,,,""
no-candidates,"Ibrahim Afellay","Eredivisie",2004,7,2,,,""
no-candidates,"Ibrahim Afellay","Eredivisie",2005,23,2,,,""
no-candidates,"Ibrahim Afellay","Eredivisie",2006,27,6,,,""
no-candidates,"Ibrahim Afellay","Eredivisie",2007,24,2,,,""
no-candidates,"Ibrahim Afellay","UEFA Europa League",2007,5,0,,,""
no-candidates,"Ibrahim Afellay","Eredivisie",2008,28,13,,,""
no-candidates,"Ibrahim Afellay","Eredivisie",2009,29,4,,,""
no-candidates,"Ibrahim Afellay","Eredivisie",2010,19,6,,,""
no-candidates,"Ibrahim Afellay","Eredivisie",2019,3,0,,,""
no-candidates,"Ignazio Abate","UEFA Champions League",2003,1,0,,,""
no-candidates,"Ignazio Abate","UEFA Europa League",2007,2,0,,,""
no-candidates,"Igor Denisov","UEFA Europa League",2004,6,1,,,""
no-candidates,"Igor Denisov","UEFA Europa League",2005,11,1,,,""
no-candidates,"Igor Denisov","UEFA Europa League",2007,8,2,,,""
no-candidates,"Igor Denisov","UEFA Europa League",2008,3,0,,,""
no-candidates,"Igor Denisov","UEFA Champions League",2011,8,0,,,""
no-candidates,"Igor Denisov","UEFA Champions League",2012,4,0,,,""
no-candidates,"Igor Denisov","UEFA Champions League",2018,6,0,,,""
no-candidates,"Igor Duljaj","UEFA Europa League",1999,1,0,,,""
no-candidates,"Igor Duljaj","UEFA Europa League",2000,2,0,,,""
no-candidates,"Igor Duljaj","UEFA Europa League",2001,2,0,,,""
no-candidates,"Igor Duljaj","UEFA Europa League",2002,4,0,,,""
no-candidates,"Igor Duljaj","UEFA Europa League",2004,3,0,,,""
no-candidates,"Igor Duljaj","UEFA Europa League",2005,8,0,,,""
no-candidates,"Igor Duljaj","UEFA Europa League",2006,3,0,,,""
no-candidates,"Igor Duljaj","UEFA Europa League",2008,5,0,,,""
no-candidates,"Igor Julio","Bundesliga",2018,27,0,,,""
no-candidates,"Ilsinho","UEFA Europa League",2008,9,1,,,""
no-candidates,"Ilsinho","UEFA Champions League",2012,5,0,,,""
no-candidates,"Ilsinho","UEFA Champions League",2013,3,0,,,""
no-candidates,"Ilsinho","UEFA Champions League",2014,3,0,,,""
ambiguous,"Islam Slimani","Primeira Liga",2013,26,8,,,"CR Belouizdad | Sporting"
ambiguous,"Ismaily","Primeira Liga",2010,17,1,,,"Desp. Brasil | Olhanense"
ambiguous,"Ismaily","Primeira Liga",2012,12,1,,,"Olhanense | Braga"
unknown-club,"Ivan Rakitic","Saudi Pro League",2023,8,1,,,"Al-Shabab"
no-candidates,"Ivica Olic","UEFA Europa League",2002,4,3,,,""
no-candidates,"Ivica Olic","UEFA Europa League",2004,8,0,,,""
no-candidates,"Ivica Olic","UEFA Europa League",2007,10,2,,,""
no-candidates,"Ivica Olic","UEFA Europa League",2008,14,9,,,""
no-candidates,"Ivica Olic","Bundesliga",2010,6,0,,,""
no-candidates,"Ivica Olic","Bundesliga",2011,20,2,,,""
no-candidates,"Ivica Olic","Bundesliga",2012,32,9,,,""
no-candidates,"Ivica Olic","Bundesliga",2013,32,14,,,""
no-candidates,"Ivica Olic","Bundesliga",2014,16,2,,,""
no-candidates,"Ivica Olic","Bundesliga",2015,9,0,,,""
no-candidates,"Jaba Kankava","UEFA Europa League",2004,5,1,,,""
no-candidates,"Jaba Kankava","UEFA Europa League",2007,2,0,,,""
ambiguous,"Jack Clarke","Championship",2019,6,0,,,"Leeds | QPR"
ambiguous,"Jack Cork","Championship",2007,34,2,,,"Chelsea Res. | Scunthorpe Utd."
ambiguous,"Jack Cork","Championship",2009,21,0,,,"Chelsea Res. | Coventry"
ambiguous,"Jack Cork","Championship",2010,40,3,,,"Chelsea Res. | Burnley"
no-candidates,"Jack Rodwell","UEFA Europa League",2007,1,0,,,""
no-candidates,"Jack Rodwell","Championship",2017,2,1,,,""
no-candidates,"Jack Rodwell","Championship",2018,21,1,,,""
no-candidates,"Jackson Martínez","Primeira Liga",2012,30,26,,,""
no-candidates,"Jackson Martínez","Primeira Liga",2013,30,20,,,""
no-candidates,"Jackson Martínez","Primeira Liga",2014,30,21,,,""
no-candidates,"Jackson Martínez","Primeira Liga",2018,27,9,,,""
no-candidates,"Jackson Martínez","Primeira Liga",2019,24,1,,,""
no-candidates,"Jack Wilshere","Championship",2020,14,1,,,""
no-candidates,"Jacob Ramsey","Championship",2018,1,0,,,""
no-candidates,"Jakub Blaszczykowski","UEFA Europa League",2006,6,0,,,""
no-candidates,"Jakub Blaszczykowski","UEFA Europa League",2008,2,0,,,""
ambiguous,"Jamaal Lascelles","Championship",2011,1,0,,,"Nott'm Forest | Stevenage"
no-candidates,"James McCarthy","Championship",2006,23,1,,,""
no-candidates,"James McCarthy","Championship",2007,36,6,,,""
no-candidates,"James Morrison","UEFA Europa League",2004,5,3,,,""
no-candidates,"James Morrison","UEFA Europa League",2005,9,0,,,""
no-candidates,"James Morrison","Championship",2007,35,4,,,""
no-candidates,"James Morrison","Championship",2009,11,1,,,""
no-candidates,"James Morrison","Championship",2018,19,0,,,""
ambiguous,"James Tavernier","Championship",2014,11,0,,,"Wigan | Bristol City"
ambiguous,"Jan Vertonghen","UEFA Europa League",2006,2,0,,,"Ajax | RKC Waalwijk"
ambiguous,"Jan Vertonghen","Eredivisie",2006,12,3,,,"Ajax | RKC Waalwijk"
no-candidates,"Javier Mascherano","UEFA Europa League",2006,2,0,,,""
no-candidates,"Javier Saviola","UEFA Europa League",2003,7,3,,,""
no-candidates,"Javier Saviola","UEFA Europa League",2005,12,6,,,""
no-candidates,"Javier Saviola","Primeira Liga",2009,27,11,,,""
no-candidates,"Javier Saviola","Primeira Liga",2010,24,9,,,""
no-candidates,"Javier Saviola","Primeira Liga",2011,18,4,,,""
no-candidates,"Javier Zanetti","Serie A",1995,32,2,,,""
no-candidates,"Javier Zanetti","UEFA Europa League",1995,2,0,,,""
no-candidates,"Javier Zanetti","UEFA Europa League",1996,12,0,,,""
no-candidates,"Javier Zanetti","UEFA Europa League",1997,9,2,,,""
no-candidates,"Javier Zanetti","UEFA Europa League",2000,4,0,,,""
no-candidates,"Javier Zanetti","UEFA Europa League",2001,10,1,,,""
no-candidates,"Javier Zanetti","UEFA Europa League",2003,6,0,,,""
no-candidates,"Javi García","Primeira Liga",2009,26,3,,,""
no-candidates,"Javi García","Primeira Liga",2010,24,2,,,""
no-candidates,"Javi García","Primeira Liga",2011,22,1,,,""
no-candidates,"Javi García","Primeira Liga",2012,2,0,,,""
no-candidates,"Javi García","Primeira Liga",2020,21,1,,,""
no-candidates,"Javi García","Primeira Liga",2021,18,1,,,""
no-candidates,"Jay Stansfield","Championship",2019,1,0,,,""
no-candidates,"Jay Stansfield","Championship",2021,1,0,,,""
no-candidates,"Jean-Kévin Augustin","Championship",2019,3,0,,,""
no-candidates,"Jean Makoun","UEFA Europa League",2004,6,0,,,""
no-candidates,"Jean Makoun","UEFA Europa League",2005,3,0,,,""
no-candidates,"Jean Makoun","Süper Lig",2015,25,3,,,""
no-candidates,"Jean Makoun","Süper Lig",2016,8,1,,,""
no-candidates,"Jean Seri","Primeira Liga",2013,21,1,,,""
no-candidates,"Jean Seri","Primeira Liga",2014,33,1,,,""
no-candidates,"Jean Seri","Süper Lig",2019,27,2,,,""
no-candidates,"Jean Seri","Championship",2021,33,1,,,""
no-candidates,"Jean Seri","Championship",2022,37,1,,,""
no-candidates,"Jean Seri","Championship",2023,39,1,,,""
no-candidates,"Jean Seri","Saudi Pro League",2024,5,1,,,""
no-candidates,"Jefferson Farfán","Eredivisie",2004,28,8,,,""
no-candidates,"Jefferson Farfán","Eredivisie",2005,31,21,,,""
no-candidates,"Jefferson Farfán","Eredivisie",2006,30,21,,,""
no-candidates,"Jefferson Farfán","UEFA Europa League",2007,3,1,,,""
no-candidates,"Jefferson Farfán","Eredivisie",2007,29,7,,,""
no-candidates,"Jefferson Farfán","UEFA Europa League",2008,5,0,,,""
ambiguous,"Jeremiah St. Juste","Eredivisie",2017,15,2,,,"Heerenveen | Feyenoord"
no-candidates,"Jérémy Mathieu","UEFA Europa League",2003,6,1,,,""
no-candidates,"Jérémy Mathieu","UEFA Europa League",2004,8,1,,,""
no-candidates,"Jérémy Mathieu","Primeira Liga",2017,29,2,,,""
no-candidates,"Jérémy Mathieu","Primeira Liga",2018,24,3,,,""
no-candidates,"Jérémy Mathieu","Primeira Liga",2019,19,1,,,""
no-candidates,"Jérémy Ménez","UEFA Europa League",2004,6,0,,,""
no-candidates,"Jérémy Ménez","Süper Lig",2017,7,0,,,""
no-candidates,"Jermain Defoe","UEFA Europa League",2006,5,3,,,""
no-candidates,"Jermain Defoe","UEFA Europa League",2007,5,3,,,""
no-candidates,"Jermain Defoe","UEFA Europa League",2008,4,2,,,""
no-candidates,"Jermaine Jenas","UEFA Europa League",2003,10,1,,,""
no-candidates,"Jermaine Jenas","UEFA Europa League",2004,11,0,,,""
no-candidates,"Jermaine Jenas","UEFA Europa League",2006,6,1,,,""
no-candidates,"Jermaine Jenas","UEFA Europa League",2007,7,0,,,""
no-candidates,"Jermaine Jenas","UEFA Europa League",2008,4,0,,,""
no-candidates,"Jermaine Jenas","Championship",2012,6,1,,,""
no-candidates,"Jermaine Jenas","Championship",2013,26,2,,,""
no-candidates,"Jermaine Pennant","Championship",2012,15,0,,,""
no-candidates,"Jermaine Pennant","Championship",2014,13,3,,,""
no-candidates,"Jérôme Boateng","Bundesliga",2024,9,0,,,""
no-candidates,"Jérôme Rothen","UEFA Europa League",2001,4,1,,,""
no-candidates,"Jérôme Rothen","UEFA Europa League",2006,4,0,,,""
no-candidates,"Jérôme Rothen","UEFA Europa League",2008,10,1,,,""
no-candidates,"Jérôme Rothen","Süper Lig",2009,12,0,,,""
no-candidates,"Jesé","Primeira Liga",2019,12,1,,,""
no-candidates,"Jesé","Süper Lig",2022,14,2,,,""
no-candidates,"Joan Capdevila","UEFA Europa League",1999,5,1,,,""
no-candidates,"Joan Capdevila","UEFA Europa League",2007,6,1,,,""
no-candidates,"Joan Capdevila","Primeira Liga",2011,5,0,,,""
no-candidates,"Joane Gadou","Bundesliga",2024,21,0,,,""
no-candidates,"Joane Gadou","Bundesliga",2025,19,0,,,""
no-candidates,"João Cancelo","Primeira Liga",2013,1,0,,,""
no-candidates,"João Mário","Primeira Liga",2012,1,0,,,""
no-candidates,"João Mário","Primeira Liga",2019,2,0,,,""
ambiguous,"João Palhinha","Primeira Liga",2016,11,0,,,"Sporting | Belenenses"
ambiguous,"João Pedro","Primeira Liga",2013,24,8,,,"Desp. Brasil | Estoril"
ambiguous,"João Pedro","Primeira Liga",2014,3,1,,,"Desp. Brasil | Estoril"
no-candidates,"Joaquín","UEFA Europa League",2002,5,1,,,""
no-candidates,"Joaquín","UEFA Europa League",2005,4,0,,,""
no-candidates,"Joaquín","UEFA Europa League",2008,4,1,,,""
no-candidates,"Joaquín","UEFA Champions League",2010,5,1,,,""
no-candidates,"Jobe Bellingham","Championship",2021,2,0,,,""
ambiguous,"Jobe Bellingham","Championship",2023,45,7,,,"Birmingham | Sunderland"
ambiguous,"Joe Allen","Championship",2008,23,1,,,"Swansea | Wrexham"
ambiguous,"Joe Allen","Championship",2022,25,1,,,"Stoke City | Swansea"
ambiguous,"Joe Aribo","Championship",2025,6,0,,,"Southampton | Leicester"
no-candidates,"Joe Cole","UEFA Europa League",1999,2,0,,,""
ambiguous,"Joël Piroe","Championship",2023,42,13,,,"Swansea | Leeds"
no-candidates,"Johan Bakayoko","Eredivisie",2021,3,0,,,""
no-candidates,"Johan Elmander","Eredivisie",2000,16,2,,,""
no-candidates,"Johan Elmander","UEFA Europa League",2000,2,0,,,""
no-candidates,"Johan Elmander","Eredivisie",2001,22,1,,,""
no-candidates,"Johan Elmander","UEFA Europa League",2001,7,0,,,""
no-candidates,"Johan Elmander","UEFA Europa League",2002,4,2,,,""
no-candidates,"Johan Elmander","Eredivisie",2002,1,0,,,""
no-candidates,"Johan Elmander","Eredivisie",2003,31,7,,,""
no-candidates,"Johan Elmander","UEFA Europa League",2003,2,0,,,""
no-candidates,"Johan Elmander","UEFA Europa League",2005,4,1,,,""
no-candidates,"Johan Elmander","UEFA Europa League",2007,4,1,,,""
no-candidates,"Johan Elmander","Süper Lig",2011,30,12,,,""
no-candidates,"Johan Elmander","Süper Lig",2012,16,4,,,""
no-candidates,"John Arne Riise","UEFA Europa League",1998,1,0,,,""
no-candidates,"John Arne Riise","UEFA Europa League",1999,6,1,,,""
no-candidates,"John Arne Riise","UEFA Europa League",2002,5,0,,,""
no-candidates,"John Arne Riise","UEFA Europa League",2003,4,0,,,""
ambiguous,"John Lundstram","Championship",2013,14,2,,,"Yeovil Town | Leyton Orient"
ambiguous,"John Lundstram","Championship",2014,17,0,,,"Blackpool | Leyton Orient | Scunthorpe Utd."
ambiguous,"John Lundstram","Championship",2017,36,3,,,"Oxford United | Sheff Utd"
no-candidates,"John McGinn","Championship",2015,36,3,,,""
no-candidates,"John McGinn","Championship",2016,29,4,,,""
no-candidates,"John O'Shea","Championship",2017,37,1,,,""
no-candidates,"John O'Shea","Championship",2018,9,0,,,""
no-candidates,"John Stones","Championship",2011,2,0,,,""
no-candidates,"John Terry","UEFA Europa League",2001,4,1,,,""
no-candidates,"John Terry","UEFA Europa League",2002,1,1,,,""
no-candidates,"John Terry","Championship",2017,32,1,,,""
no-candidates,"Joleon Lescott","Championship",2004,41,4,,,""
no-candidates,"Joleon Lescott","Championship",2005,46,1,,,""
no-candidates,"Joleon Lescott","UEFA Europa League",2007,10,2,,,""
no-candidates,"Joleon Lescott","UEFA Europa League",2008,2,0,,,""
no-candidates,"Jonjo Shelvey","Championship",2007,2,0,,,""
ambiguous,"Jonjo Shelvey","Süper Lig",2024,6,0,,,"C. Rizespor | Eyüpspor"
no-candidates,"Jordan Teze","Eredivisie",2018,1,0,,,""
no-candidates,"Joris Mathijsen","Eredivisie",1998,1,0,,,""
no-candidates,"Joris Mathijsen","Eredivisie",1999,7,0,,,""
no-candidates,"Joris Mathijsen","Eredivisie",2000,22,1,,,""
no-candidates,"Joris Mathijsen","Eredivisie",2001,31,1,,,""
no-candidates,"Joris Mathijsen","Eredivisie",2002,34,1,,,""
no-candidates,"Joris Mathijsen","Eredivisie",2003,32,3,,,""
no-candidates,"Joris Mathijsen","Eredivisie",2004,25,1,,,""
no-candidates,"Joris Mathijsen","UEFA Europa League",2004,10,3,,,""
no-candidates,"Joris Mathijsen","UEFA Europa League",2005,5,0,,,""
no-candidates,"Joris Mathijsen","Eredivisie",2005,25,0,,,""
no-candidates,"Joris Mathijsen","Eredivisie",2006,1,1,,,""
no-candidates,"Joris Mathijsen","UEFA Europa League",2007,10,0,,,""
no-candidates,"Joris Mathijsen","UEFA Europa League",2008,13,1,,,""
no-candidates,"Joris Mathijsen","Eredivisie",2012,29,0,,,""
no-candidates,"Joris Mathijsen","Eredivisie",2013,20,1,,,""
no-candidates,"Joris Mathijsen","Eredivisie",2014,8,0,,,""
ambiguous,"José Fonte","UEFA Europa League",2005,2,0,,,"Felgueiras | Vitória Setúbal | Benfica | Paços Ferreira"
ambiguous,"José Fonte","Primeira Liga",2005,11,1,,,"Felgueiras | Vitória Setúbal | Benfica | Paços Ferreira"
ambiguous,"José Fonte","Primeira Liga",2006,25,1,,,"Benfica | CF Estrela"
no-candidates,"José Jurado Marín","UEFA Europa League",2007,5,1,,,""
no-candidates,"José Jurado Marín","La Liga",2010,1,1,,,""
no-candidates,"José Jurado Marín","UEFA Champions League",2010,11,3,,,""
no-candidates,"José Jurado Marín","Bundesliga",2010,28,3,,,""
no-candidates,"José Jurado Marín","Bundesliga",2011,18,0,,,""
no-candidates,"José Jurado Marín","UEFA Champions League",2012,5,0,,,""
no-candidates,"José Jurado Marín","Premier League",2015,27,0,,,""
no-candidates,"José Jurado Marín","La Liga",2016,31,3,,,""
no-candidates,"José Jurado Marín","La Liga",2017,29,0,,,""
no-candidates,"José Jurado Marín","Saudi Pro League",2018,17,1,,,""
ambiguous,"Josh Brownhill","Championship",2015,3,0,,,"Preston | Barnsley"
unknown-club,"Josh Brownhill","Saudi Pro League",2025,30,5,,,"Al-Shabab"
ambiguous,"Joshua King","Championship",2010,8,0,,,"Man Utd Res. | Preston"
ambiguous,"Joshua King","Championship",2012,16,2,,,"Man Utd Res. | Blackburn"
unknown-club,"Joshua King","Saudi Pro League",2025,29,20,,,"Al-Khaleej"
ambiguous,"Jota Silva","Primeira Liga",2022,30,2,,,"Casa Pia | Vit. Guimarães"
no-candidates,"Juanfran","La Liga",1997,20,0,,,""
no-candidates,"Juanfran","UEFA Europa League",1998,1,0,,,""
no-candidates,"Juanfran","La Liga",1998,21,0,,,""
no-candidates,"Juanfran","UEFA Europa League",1999,10,1,,,""
no-candidates,"Juanfran","La Liga",1999,27,2,,,""
no-candidates,"Juanfran","La Liga",2000,28,2,,,""
no-candidates,"Juanfran","UEFA Europa League",2000,6,0,,,""
no-candidates,"Juanfran","La Liga",2001,25,0,,,""
no-candidates,"Juanfran","UEFA Europa League",2001,2,0,,,""
no-candidates,"Juanfran","La Liga",2002,25,1,,,""
no-candidates,"Juanfran","UEFA Europa League",2002,6,0,,,""
no-candidates,"Juanfran","La Liga",2003,21,1,,,""
no-candidates,"Juanfran","Süper Lig",2004,13,1,,,""
no-candidates,"Juanfran","UEFA Europa League",2004,6,0,,,""
no-candidates,"Juanfran","Eredivisie",2005,16,0,,,""
no-candidates,"Juanfran","UEFA Champions League",2005,3,0,,,""
no-candidates,"Juanfran","La Liga",2006,34,0,,,""
no-candidates,"Juanfran","UEFA Europa League",2007,2,0,,,""
no-candidates,"Juanfran","La Liga",2007,28,0,,,""
no-candidates,"Juanfran","La Liga",2010,23,0,,,""
no-candidates,"Juanfran","La Liga",2011,29,0,,,""
no-candidates,"Juanfran","La Liga",2012,29,0,,,""
no-candidates,"Juanfran","La Liga",2013,35,0,,,""
no-candidates,"Juanfran","La Liga",2014,17,0,,,""
no-candidates,"Juanfran","La Liga",2015,20,0,,,""
no-candidates,"Juanfran Torres","La Liga",2003,5,0,,,""
no-candidates,"Juanfran Torres","La Liga",2004,1,0,,,""
no-candidates,"Juanfran Torres","La Liga",2005,30,1,,,""
no-candidates,"Juanfran Torres","UEFA Europa League",2005,3,0,,,""
no-candidates,"Juanfran Torres","La Liga",2006,28,2,,,""
no-candidates,"Juanfran Torres","UEFA Europa League",2006,9,1,,,""
no-candidates,"Juanfran Torres","La Liga",2007,34,3,,,""
no-candidates,"Juanfran Torres","La Liga",2008,35,2,,,""
no-candidates,"Juanfran Torres","La Liga",2009,33,4,,,""
no-candidates,"Juan Iturbe","Primeira Liga",2011,4,0,,,""
no-candidates,"Juan Iturbe","Primeira Liga",2012,1,0,,,""
no-candidates,"Juan Iturbe","Primeira Liga",2013,1,0,,,""
no-candidates,"Juan Valera","UEFA Europa League",2008,4,1,,,""
no-candidates,"Juan Valerón","UEFA Europa League",1998,5,0,,,""
no-candidates,"Juan Valerón","UEFA Europa League",1999,6,0,,,""
no-candidates,"Juan Valerón","UEFA Europa League",2008,8,0,,,""
no-candidates,"Juan Vargas Risco","Serie A",2010,24,4,,,""
no-candidates,"Juan Vargas Risco","Serie A",2011,24,0,,,""
no-candidates,"Juan Vargas Risco","Serie A",2012,20,0,,,""
no-candidates,"Juan Vargas Risco","Serie A",2013,24,4,,,""
no-candidates,"Juan Vargas Risco","Serie A",2014,19,1,,,""
no-candidates,"Juan Vargas Risco","La Liga",2015,20,2,,,""
no-candidates,"Julian Draxler","Primeira Liga",2022,10,1,,,""
unknown-club,"Julian Weigl","Saudi Pro League",2025,25,1,,,"Al-Qadsiah"
no-candidates,"Julien Escudé","Eredivisie",2003,31,1,,,""
no-candidates,"Julien Escudé","Eredivisie",2004,28,5,,,""
no-candidates,"Julien Escudé","UEFA Europa League",2004,2,0,,,""
no-candidates,"Julien Escudé","Eredivisie",2005,2,0,,,""
no-candidates,"Julien Escudé","UEFA Europa League",2005,7,0,,,""
no-candidates,"Julien Escudé","UEFA Europa League",2006,12,0,,,""
no-candidates,"Julien Escudé","UEFA Europa League",2008,5,0,,,""
no-candidates,"Julien Escudé","Süper Lig",2012,14,0,,,""
no-candidates,"Julien Escudé","Süper Lig",2013,11,2,,,""
no-candidates,"Júlio Baptista","UEFA Europa League",2004,8,5,,,""
no-candidates,"Jürgen Locadia","Eredivisie",2012,15,6,,,""
no-candidates,"Jürgen Locadia","Eredivisie",2013,31,13,,,""
no-candidates,"Jürgen Locadia","Eredivisie",2014,23,6,,,""
no-candidates,"Jürgen Locadia","Eredivisie",2015,29,8,,,""
no-candidates,"Jürgen Locadia","Eredivisie",2016,14,3,,,""
no-candidates,"Jürgen Locadia","Eredivisie",2017,15,9,,,""
no-candidates,"Jurriën Timber","Eredivisie",2019,1,0,,,""
no-candidates,"Kalvin Phillips","Championship",2014,2,1,,,""
no-candidates,"Karim Adeyemi","Bundesliga",2020,29,7,,,""
no-candidates,"Karim Adeyemi","Bundesliga",2021,29,19,,,""
no-candidates,"Karim Rekik","Championship",2011,8,0,,,""
no-candidates,"Karim Rekik","Championship",2012,5,0,,,""
no-candidates,"Karim Rekik","Eredivisie",2013,25,1,,,""
no-candidates,"Karim Rekik","Eredivisie",2014,29,1,,,""
no-candidates,"Karl Toko Ekambi","Saudi Pro League",2023,15,6,,,""
no-candidates,"Karl Toko Ekambi","Saudi Pro League",2024,24,1,,,""
no-candidates,"Karl Toko Ekambi","Saudi Pro League",2025,7,0,,,""
no-candidates,"Keisuke Honda","Eredivisie",2007,14,2,,,""
no-candidates,"Keisuke Honda","Eredivisie",2009,18,6,,,""
no-candidates,"Keisuke Honda","Eredivisie",2019,4,0,,,""
no-candidates,"Kemar Roofe","Championship",2024,3,0,,,""
ambiguous,"Kerem Demirbay","Süper Lig",2025,11,1,,,"Galatasaray | Kasimpasa"
no-candidates,"Kerim Alajbegovic","Bundesliga",2025,28,9,,,""
ambiguous,"Kevin Kampl","Bundesliga",2012,23,4,,,"VfL Osnabrück | VfR Aalen"
no-candidates,"Kevin Kampl","Bundesliga",2013,33,9,,,""
no-candidates,"Kevin Kuranyi","UEFA Europa League",2002,8,4,,,""
no-candidates,"Kevin Kuranyi","UEFA Europa League",2004,6,3,,,""
no-candidates,"Kevin Kuranyi","UEFA Europa League",2005,6,1,,,""
no-candidates,"Kevin Kuranyi","UEFA Europa League",2006,2,0,,,""
no-candidates,"Kevin Kuranyi","UEFA Europa League",2008,5,1,,,""
no-candidates,"Kévin Malcuit","Süper Lig",2022,20,1,,,""
no-candidates,"Kevin Mirallas","UEFA Europa League",2004,1,0,,,""
no-candidates,"Kevin Mirallas","UEFA Europa League",2005,1,0,,,""
no-candidates,"Kevin Mirallas","UEFA Europa League",2008,8,1,,,""
no-candidates,"Kevin Mirallas","Süper Lig",2020,28,5,,,""
no-candidates,"Kevin Mirallas","Primeira Liga",2021,8,1,,,""
no-candidates,"Kevin Phillips","UEFA Europa League",2003,2,1,,,""
no-candidates,"Kevin Phillips","Championship",2006,36,16,,,""
no-candidates,"Kevin Phillips","Championship",2007,35,22,,,""
no-candidates,"Kevin Phillips","Championship",2008,36,14,,,""
no-candidates,"Kevin Phillips","Championship",2011,38,16,,,""
no-candidates,"Kevin Phillips","Championship",2012,14,6,,,""
no-candidates,"Kevin Phillips","Championship",2013,12,2,,,""
no-candidates,"Kevin-Prince Boateng","UEFA Europa League",2005,4,0,,,""
no-candidates,"Kevin-Prince Boateng","UEFA Europa League",2006,2,1,,,""
no-candidates,"Kevin-Prince Boateng","UEFA Europa League",2007,3,0,,,""
no-candidates,"Kevin-Prince Boateng","Süper Lig",2019,11,3,,,""
no-candidates,"Kevin Thomson","UEFA Europa League",2005,2,0,,,""
no-candidates,"Kevin Thomson","UEFA Europa League",2006,3,0,,,""
no-candidates,"Kevin Thomson","UEFA Europa League",2007,4,0,,,""
no-candidates,"Kevin Thomson","Championship",2010,19,0,,,""
no-candidates,"Kevin Thomson","Championship",2011,22,0,,,""
no-candidates,"Kevin Thomson","Championship",2012,9,0,,,""
no-candidates,"Kevin Thomson","Championship",2015,5,0,,,""
ambiguous,"Kieran Trippier","Championship",2009,3,0,,,"Man City Res. | Barnsley"
ambiguous,"Kieran Trippier","Championship",2010,39,2,,,"Man City Res. | Barnsley"
ambiguous,"Kieran Trippier","Championship",2011,46,3,,,"Man City Res. | Burnley"
no-candidates,"Kieron Dyer","UEFA Europa League",1999,3,0,,,""
no-candidates,"Kieron Dyer","UEFA Europa League",2003,5,0,,,""
no-candidates,"Kieron Dyer","UEFA Europa League",2004,7,2,,,""
no-candidates,"Kieron Dyer","UEFA Europa League",2006,4,1,,,""
no-candidates,"Kieron Dyer","Championship",2010,4,0,,,""
no-candidates,"Kieron Dyer","Championship",2012,9,2,,,""
no-candidates,"Klaas-Jan Huntelaar","Eredivisie",2002,9,0,,,""
no-candidates,"Klaas-Jan Huntelaar","UEFA Europa League",2004,7,3,,,""
no-candidates,"Klaas-Jan Huntelaar","Eredivisie",2004,31,16,,,""
no-candidates,"Klaas-Jan Huntelaar","UEFA Champions League",2005,2,1,,,""
no-candidates,"Klaas-Jan Huntelaar","Eredivisie",2005,16,16,,,""
no-candidates,"Klaas-Jan Huntelaar","UEFA Europa League",2005,6,2,,,""
no-candidates,"Klaas-Jan Huntelaar","Eredivisie",2006,32,21,,,""
no-candidates,"Klaas-Jan Huntelaar","UEFA Europa League",2006,7,7,,,""
no-candidates,"Klaas-Jan Huntelaar","UEFA Europa League",2007,2,2,,,""
no-candidates,"Klaas-Jan Huntelaar","Eredivisie",2007,34,33,,,""
no-candidates,"Klaas-Jan Huntelaar","UEFA Europa League",2008,4,2,,,""
no-candidates,"Klaas-Jan Huntelaar","Eredivisie",2008,10,6,,,""
no-candidates,"Klaas-Jan Huntelaar","Eredivisie",2017,28,13,,,""
no-candidates,"Klaas-Jan Huntelaar","Eredivisie",2018,28,16,,,""
no-candidates,"Klaas-Jan Huntelaar","Eredivisie",2019,18,9,,,""
no-candidates,"Klaas-Jan Huntelaar","Eredivisie",2020,11,7,,,""
no-candidates,"Konrad Laimer","Bundesliga",2015,18,1,,,""
no-candidates,"Konrad Laimer","Bundesliga",2016,31,3,,,""
no-candidates,"Konstantinos Tsimikas","Eredivisie",2017,33,3,,,""
no-candidates,"Konstantin Zyryanov","UEFA Europa League",2000,1,0,,,""
no-candidates,"Konstantin Zyryanov","UEFA Europa League",2001,2,0,,,""
no-candidates,"Konstantin Zyryanov","UEFA Europa League",2003,4,0,,,""
no-candidates,"Konstantin Zyryanov","UEFA Europa League",2007,15,3,,,""
no-candidates,"Konstantin Zyryanov","UEFA Europa League",2008,4,0,,,""
no-candidates,"Konstantin Zyryanov","UEFA Champions League",2011,8,1,,,""
no-candidates,"Konstantin Zyryanov","UEFA Champions League",2012,4,0,,,""
no-candidates,"Konstantin Zyryanov","UEFA Champions League",2013,4,0,,,""
no-candidates,"Kris Boyd","UEFA Europa League",2006,9,3,,,""
no-candidates,"Kris Boyd","UEFA Europa League",2007,2,0,,,""
no-candidates,"Kris Boyd","Championship",2010,10,6,,,""
no-candidates,"Kris Boyd","Süper Lig",2011,2,0,,,""
no-candidates,"Kris Boyd","Championship",2014,29,3,,,""
no-candidates,"Kurt Zouma","Saudi Pro League",2024,19,1,,,""
no-candidates,"Kwadwo Asamoah","UEFA Europa League",2008,6,0,,,""
ambiguous,"Kyle Walker","Championship",2008,2,0,,,"Sheff Utd | Northampton"
no-candidates,"Lassana Diarra","UEFA Europa League",2008,2,1,,,""
ambiguous,"Lasse Schöne","Eredivisie",2021,33,2,,,"Heerenveen | NEC Nijmegen"
unknown-club,"Lazar Markovic","Süper Lig",2023,30,3,,,"Gaziantep FK"
no-candidates,"Lee Cattermole","UEFA Europa League",2005,5,0,,,""
no-candidates,"Lee Cattermole","Championship",2017,35,1,,,""
no-candidates,"Lee Cattermole","Eredivisie",2019,11,0,,,""
no-candidates,"Lee McCulloch","Championship",2004,42,14,,,""
no-candidates,"Lee McCulloch","UEFA Europa League",2007,6,0,,,""
no-candidates,"Lee McCulloch","Championship",2014,31,4,,,""
ambiguous,"Léo Dubois","Süper Lig",2023,30,1,,,"Galatasaray | Basaksehir"
no-candidates,"Leopold Querfeld","Bundesliga",2021,3,0,,,""
no-candidates,"Leopold Querfeld","Bundesliga",2022,23,1,,,""
ambiguous,"Liam Delap","Championship",2022,15,1,,,"Stoke City | Preston"
no-candidates,"Liedson","Primeira Liga",2003,30,15,,,""
no-candidates,"Liedson","UEFA Europa League",2003,4,3,,,""
no-candidates,"Liedson","UEFA Europa League",2004,14,9,,,""
no-candidates,"Liedson","Primeira Liga",2004,31,24,,,""
no-candidates,"Liedson","Primeira Liga",2005,31,15,,,""
no-candidates,"Liedson","Primeira Liga",2006,28,15,,,""
no-candidates,"Liedson","Primeira Liga",2007,26,11,,,""
no-candidates,"Liedson","UEFA Europa League",2007,5,2,,,""
no-candidates,"Liedson","Primeira Liga",2008,26,17,,,""
no-candidates,"Liedson","Primeira Liga",2009,28,13,,,""
no-candidates,"Liedson","Primeira Liga",2010,14,5,,,""
no-candidates,"Liedson","Primeira Liga",2012,6,0,,,""
no-candidates,"Lisandro López","Primeira Liga",2005,26,7,,,""
no-candidates,"Lisandro López","Primeira Liga",2006,25,8,,,""
no-candidates,"Lisandro López","Primeira Liga",2007,27,24,,,""
no-candidates,"Lisandro López","Primeira Liga",2008,28,10,,,""
no-candidates,"Ljubomir Fejsa","UEFA Europa League",2008,4,0,,,""
no-candidates,"Ljubomir Fejsa","Primeira Liga",2013,16,0,,,""
no-candidates,"Ljubomir Fejsa","Primeira Liga",2014,5,1,,,""
no-candidates,"Ljubomir Fejsa","Primeira Liga",2015,19,0,,,""
no-candidates,"Ljubomir Fejsa","Primeira Liga",2016,25,0,,,""
no-candidates,"Ljubomir Fejsa","Primeira Liga",2017,28,0,,,""
no-candidates,"Ljubomir Fejsa","Primeira Liga",2018,18,0,,,""
no-candidates,"Ljubomir Fejsa","Primeira Liga",2019,3,0,,,""
no-candidates,"Ljubomir Fejsa","Saudi Pro League",2020,22,1,,,""
no-candidates,"Ljubomir Fejsa","Saudi Pro League",2021,1,0,,,""
no-candidates,"Loïc Rémy","Süper Lig",2020,19,7,,,""
no-candidates,"Loïc Rémy","Süper Lig",2021,2,0,,,""
no-candidates,"Louis Saha","UEFA Europa League",1997,3,0,,,""
no-candidates,"Louis Saha","UEFA Europa League",1998,2,0,,,""
no-candidates,"Louis Saha","UEFA Europa League",2008,1,0,,,""
no-candidates,"Lucas Biglia","UEFA Europa League",2007,10,0,,,""
no-candidates,"Lucas Biglia","Süper Lig",2020,35,3,,,""
no-candidates,"Lucas Biglia","Süper Lig",2021,33,1,,,""
no-candidates,"Lucas Biglia","Süper Lig",2022,25,0,,,""
no-candidates,"Luca Toni","UEFA Europa League",2007,11,10,,,""
ambiguous,"Luciano Vietto","Saudi Pro League",2021,7,2,,,"Al-Hilal | Al-Shabab"
no-candidates,"Lúcio","UEFA Europa League",2007,13,2,,,""
no-candidates,"Ludovic Giuly","Ligue 1",1994,8,0,,,""
no-candidates,"Ludovic Giuly","UEFA Europa League",1995,6,1,,,""
no-candidates,"Ludovic Giuly","UEFA Europa League",1997,4,3,,,""
no-candidates,"Ludovic Giuly","UEFA Europa League",1998,6,3,,,""
no-candidates,"Ludovic Giuly","UEFA Europa League",1999,7,2,,,""
no-candidates,"Ludovic Giuly","UEFA Europa League",2008,4,0,,,""
ambiguous,"Luis Suárez","UEFA Europa League",2006,2,1,,,"Nacional | FC Groningen"
ambiguous,"Luis Suárez","Eredivisie",2006,29,10,,,"Nacional | FC Groningen"
no-candidates,"Luiz Adriano","UEFA Champions League",2008,5,0,,,""
no-candidates,"Luiz Adriano","UEFA Europa League",2008,8,3,,,""
no-candidates,"Luiz Adriano","UEFA Champions League",2010,10,4,,,""
no-candidates,"Luiz Adriano","Süper Lig",2021,15,4,,,""
no-candidates,"Luiz Adriano","Süper Lig",2022,19,2,,,""
no-candidates,"Luka Sucic","Bundesliga",2021,28,8,,,""
no-candidates,"Luka Sucic","Bundesliga",2022,15,0,,,""
no-candidates,"Luka Sucic","Bundesliga",2023,22,3,,,""
no-candidates,"Lukasz Piszczek","UEFA Europa League",2008,2,0,,,""
ambiguous,"Luuk de Jong","Eredivisie",2009,12,2,,,"De Graafschap | FC Twente"
no-candidates,"Mads Bidstrup","Championship",2020,4,0,,,""
no-candidates,"Mads Bidstrup","Bundesliga",2023,25,2,,,""
no-candidates,"Mads Bidstrup","Bundesliga",2024,30,1,,,""
no-candidates,"Mads Bidstrup","Bundesliga",2025,25,0,,,""
no-candidates,"Mahamadou Diarra","UEFA Europa League",1999,1,0,,,""
no-candidates,"Mahamadou Diarra","Eredivisie",1999,16,2,,,""
no-candidates,"Mahamadou Diarra","Eredivisie",2000,29,4,,,""
no-candidates,"Mahamadou Diarra","UEFA Europa League",2000,2,0,,,""
no-candidates,"Mahamadou Diarra","Eredivisie",2001,24,3,,,""
no-candidates,"Mahamadou Diarra","UEFA Europa League",2002,2,0,,,""
no-candidates,"Maicon","UEFA Europa League",2005,5,1,,,""
no-candidates,"Maicon","UEFA Champions League",2010,8,0,,,""
no-candidates,"Malick Yalcouyé","Bundesliga",2024,26,4,,,""
no-candidates,"Mamadou Niang","UEFA Europa League",2001,2,0,,,""
no-candidates,"Mamadou Niang","UEFA Europa League",2005,8,1,,,""
no-candidates,"Mamadou Niang","UEFA Europa League",2006,2,0,,,""
no-candidates,"Mamadou Niang","UEFA Europa League",2007,4,2,,,""
no-candidates,"Mamadou Niang","UEFA Europa League",2008,6,2,,,""
no-candidates,"Mamadou Niang","Süper Lig",2010,29,15,,,""
no-candidates,"Mamadou Niang","Süper Lig",2012,10,3,,,""
no-candidates,"Mamadou Sakho","UEFA Europa League",2006,2,0,,,""
no-candidates,"Mamadou Sangaré","Bundesliga",2022,15,2,,,""
no-candidates,"Mamadou Sangaré","Bundesliga",2023,29,1,,,""
no-candidates,"Mamadou Sangaré","Bundesliga",2024,27,2,,,""
no-candidates,"Mamadou Sangaré","Bundesliga",2025,3,0,,,""
no-candidates,"Manuel Fernandes","UEFA Europa League",2003,3,0,,,""
no-candidates,"Manuel Fernandes","Primeira Liga",2003,10,1,,,""
no-candidates,"Manuel Fernandes","Primeira Liga",2004,29,1,,,""
no-candidates,"Manuel Fernandes","UEFA Europa League",2004,7,0,,,""
no-candidates,"Manuel Fernandes","Primeira Liga",2005,28,1,,,""
no-candidates,"Manuel Fernandes","UEFA Europa League",2007,2,0,,,""
no-candidates,"Manuel Fernandes","UEFA Europa League",2008,8,0,,,""
no-candidates,"Manuel Fernandes","Süper Lig",2010,14,1,,,""
no-candidates,"Manuel Fernandes","Süper Lig",2011,26,5,,,""
no-candidates,"Manuel Fernandes","Süper Lig",2012,27,7,,,""
no-candidates,"Manuel Fernandes","Süper Lig",2013,19,2,,,""
no-candidates,"Manuel Fernandes","Süper Lig",2020,11,0,,,""
no-candidates,"Manuel Fernandes","Süper Lig",2021,5,0,,,""
ambiguous,"Manuel Ugarte","Primeira Liga",2020,20,1,,,"CA Fénix | Famalicão"
unknown-club,"Marc Bartra","UEFA Champions League",2010,1,0,,,"Barça Atlètic"
no-candidates,"Marcell Jansen","UEFA Europa League",2007,10,0,,,""
no-candidates,"Marcell Jansen","UEFA Europa League",2008,11,1,,,""
no-candidates,"Marcel Sabitzer","Bundesliga",2013,29,7,,,""
no-candidates,"Marcel Schmelzer","UEFA Europa League",2008,1,0,,,""
no-candidates,"Marco Borriello","UEFA Europa League",2005,2,0,,,""
no-candidates,"Marco Borriello","UEFA Europa League",2008,1,1,,,""
no-candidates,"Marc Torrejón","La Liga",2005,2,0,,,""
no-candidates,"Marc Torrejón","UEFA Europa League",2006,10,0,,,""
ambiguous,"Marcus Edwards","Primeira Liga",2021,12,3,,,"Vit. Guimarães | Sporting"
no-candidates,"Marek Hamsik","UEFA Europa League",2008,2,0,,,""
no-candidates,"Marek Hamsik","Süper Lig",2021,26,2,,,""
no-candidates,"Marek Hamsik","Süper Lig",2022,23,3,,,""
no-candidates,"Mario Gaspar","Championship",2022,31,0,,,""
no-candidates,"Mario Gómez","UEFA Europa League",2004,1,0,,,""
no-candidates,"Mario Gómez","UEFA Europa League",2005,5,2,,,""
no-candidates,"Mario Gómez","UEFA Europa League",2008,8,6,,,""
no-candidates,"Mario Gómez","Süper Lig",2015,33,26,,,""
no-candidates,"Mario Mandzukic","UEFA Europa League",2007,5,2,,,""
no-candidates,"Mario Mandzukic","UEFA Europa League",2008,5,1,,,""
no-candidates,"Marius Niculae","UEFA Europa League",1999,2,0,,,""
no-candidates,"Marius Niculae","UEFA Europa League",2001,6,3,,,""
no-candidates,"Marius Niculae","Primeira Liga",2001,16,7,,,""
no-candidates,"Marius Niculae","UEFA Europa League",2002,2,0,,,""
no-candidates,"Marius Niculae","Primeira Liga",2002,17,3,,,""
no-candidates,"Marius Niculae","Primeira Liga",2003,14,3,,,""
no-candidates,"Marius Niculae","Primeira Liga",2004,12,1,,,""
no-candidates,"Marius Niculae","UEFA Europa League",2004,4,1,,,""
no-candidates,"Marius Niculae","UEFA Europa League",2008,1,0,,,""
no-candidates,"Mariusz Lewandowski","UEFA Europa League",2002,2,1,,,""
no-candidates,"Mariusz Lewandowski","UEFA Europa League",2003,2,0,,,""
no-candidates,"Mariusz Lewandowski","UEFA Europa League",2004,4,0,,,""
no-candidates,"Mariusz Lewandowski","UEFA Europa League",2005,7,0,,,""
no-candidates,"Mariusz Lewandowski","UEFA Europa League",2006,2,0,,,""
no-candidates,"Mariusz Lewandowski","UEFA Europa League",2008,8,0,,,""
ambiguous,"Marko Arnautovic","Eredivisie",2006,2,0,,,"Floridsdorfer AC | FC Twente"
no-candidates,"Marko Marin","Süper Lig",2015,24,2,,,""
no-candidates,"Marko Marin","Saudi Pro League",2019,9,0,,,""
no-candidates,"Marko Marin","Saudi Pro League",2020,10,0,,,""
no-candidates,"Markus Rosenberg","UEFA Europa League",2003,1,0,,,""
no-candidates,"Markus Rosenberg","Eredivisie",2005,31,12,,,""
no-candidates,"Markus Rosenberg","UEFA Europa League",2006,3,3,,,""
no-candidates,"Markus Rosenberg","Eredivisie",2006,9,0,,,""
no-candidates,"Markus Rosenberg","UEFA Europa League",2007,4,0,,,""
no-candidates,"Markus Rosenberg","UEFA Europa League",2008,7,0,,,""
no-candidates,"Mark van Bommel","Eredivisie",1992,1,0,,,""
no-candidates,"Mark van Bommel","Eredivisie",1995,27,0,,,""
no-candidates,"Mark van Bommel","Eredivisie",1996,19,0,,,""
no-candidates,"Mark van Bommel","Eredivisie",1997,31,1,,,""
no-candidates,"Mark van Bommel","Eredivisie",1998,31,5,,,""
no-candidates,"Mark van Bommel","Eredivisie",1999,33,6,,,""
no-candidates,"Mark van Bommel","Eredivisie",2000,32,7,,,""
no-candidates,"Mark van Bommel","UEFA Europa League",2000,5,0,,,""
no-candidates,"Mark van Bommel","Eredivisie",2001,23,4,,,""
no-candidates,"Mark van Bommel","UEFA Europa League",2001,5,2,,,""
no-candidates,"Mark van Bommel","Eredivisie",2002,28,9,,,""
no-candidates,"Mark van Bommel","Eredivisie",2003,23,6,,,""
no-candidates,"Mark van Bommel","UEFA Europa League",2003,6,1,,,""
no-candidates,"Mark van Bommel","Eredivisie",2004,30,14,,,""
no-candidates,"Mark van Bommel","UEFA Europa League",2007,13,1,,,""
no-candidates,"Mark van Bommel","Eredivisie",2012,28,6,,,""
no-candidates,"Marouane Chamakh","UEFA Europa League",2003,8,4,,,""
no-candidates,"Marouane Chamakh","UEFA Europa League",2006,2,0,,,""
no-candidates,"Marouane Chamakh","UEFA Europa League",2007,7,4,,,""
no-candidates,"Marouane Chamakh","UEFA Europa League",2008,2,1,,,""
no-candidates,"Marouane Chamakh","Championship",2016,2,0,,,""
no-candidates,"Marouane Fellaini","UEFA Europa League",2006,1,0,,,""
no-candidates,"Marouane Fellaini","UEFA Europa League",2007,2,0,,,""
no-candidates,"Marten de Roon","Eredivisie",2009,3,0,,,""
no-candidates,"Martín Demichelis","UEFA Europa League",2007,10,0,,,""
no-candidates,"Martín Demichelis","Bundesliga",2010,6,1,,,""
no-candidates,"Martín Demichelis","La Liga",2010,18,1,,,""
no-candidates,"Martín Demichelis","La Liga",2011,35,3,,,""
no-candidates,"Martín Demichelis","La Liga",2012,31,4,,,""
no-candidates,"Martín Demichelis","Premier League",2013,27,2,,,""
no-candidates,"Martín Demichelis","Premier League",2014,31,1,,,""
no-candidates,"Martín Demichelis","Premier League",2015,20,0,,,""
no-candidates,"Martín Demichelis","La Liga",2016,10,0,,,""
no-candidates,"Martin Hinteregger","Bundesliga",2010,22,0,,,""
no-candidates,"Martin Hinteregger","Bundesliga",2011,21,0,,,""
no-candidates,"Martin Hinteregger","Bundesliga",2012,24,2,,,""
no-candidates,"Martin Hinteregger","Bundesliga",2013,32,2,,,""
no-candidates,"Martin Hinteregger","Bundesliga",2014,31,1,,,""
no-candidates,"Martin Hinteregger","Bundesliga",2024,14,0,,,""
no-candidates,"Martin Skrtel","UEFA Europa League",2004,4,0,,,""
no-candidates,"Martin Skrtel","UEFA Europa League",2005,7,0,,,""
no-candidates,"Martin Skrtel","UEFA Europa League",2007,5,0,,,""
no-candidates,"Martin Skrtel","Süper Lig",2016,31,2,,,""
no-candidates,"Martin Skrtel","Süper Lig",2017,21,3,,,""
no-candidates,"Martin Skrtel","Süper Lig",2018,27,1,,,""
no-candidates,"Martin Skrtel","Süper Lig",2019,20,3,,,""
no-candidates,"Martin Skrtel","Süper Lig",2020,10,0,,,""
no-candidates,"Massimo Ambrosini","UEFA Europa League",1995,3,0,,,""
no-candidates,"Massimo Ambrosini","Serie A",1995,7,0,,,""
no-candidates,"Massimo Ambrosini","UEFA Europa League",2001,3,0,,,""
no-candidates,"Massimo Ambrosini","UEFA Europa League",2008,5,1,,,""
no-candidates,"Massimo Maccarone","UEFA Europa League",2004,4,2,,,""
no-candidates,"Massimo Maccarone","UEFA Europa League",2005,8,5,,,""
unknown-club,"Mateo Retegui","Saudi Pro League",2025,28,16,,,"Al-Qadsiah"
no-candidates,"Mateus Fernandes","Primeira Liga",2022,3,0,,,""
ambiguous,"Matheus Pereira","Primeira Liga",2017,27,7,,,"Sporting | Chaves"
ambiguous,"Matheus Pereira","Saudi Pro League",2022,7,0,,,"Al-Hilal | Al-Wahda"
no-candidates,"Mathieu Debuchy","UEFA Europa League",2004,6,1,,,""
no-candidates,"Mathieu Debuchy","UEFA Europa League",2005,2,0,,,""
no-candidates,"Mathieu Flamini","UEFA Europa League",2003,9,0,,,""
no-candidates,"Mathieu Flamini","UEFA Europa League",2008,7,0,,,""
ambiguous,"Matt Doherty","Championship",2012,13,1,,,"Wolves | Bury"
no-candidates,"Matuzalém","UEFA Europa League",2004,4,1,,,""
no-candidates,"Matuzalém","UEFA Europa League",2005,8,0,,,""
no-candidates,"Matuzalém","UEFA Europa League",2006,4,2,,,""
no-candidates,"Matuzalém","UEFA Europa League",2007,1,0,,,""
no-candidates,"Max Meyer","Süper Lig",2021,6,0,,,""
ambiguous,"Mehdi Taremi","Primeira Liga",2019,30,18,,,"Al-Gharafa | Rio Ave"
no-candidates,"Mesut Özil","UEFA Europa League",2006,1,0,,,""
no-candidates,"Mesut Özil","UEFA Europa League",2007,2,0,,,""
no-candidates,"Mesut Özil","UEFA Europa League",2008,8,0,,,""
no-candidates,"Mesut Özil","Süper Lig",2020,10,0,,,""
no-candidates,"Mesut Özil","Süper Lig",2021,22,8,,,""
no-candidates,"Mesut Özil","Süper Lig",2022,4,0,,,""
no-candidates,"Micah Richards","UEFA Europa League",2008,11,0,,,""
no-candidates,"Micah Richards","Championship",2016,2,0,,,""
unknown-club,"Michael Gregoritsch","Bundesliga",2009,4,1,,,"AKA Kapfenberg"
ambiguous,"Michael Gregoritsch","Bundesliga",2011,16,1,,,"SV Kapfenberg | Hoffenheim"
no-candidates,"Michael Olise","Championship",2018,4,0,,,""
no-candidates,"Michael Owen","UEFA Europa League",1997,4,1,,,""
no-candidates,"Michael Owen","UEFA Europa League",1998,6,2,,,""
no-candidates,"Michael Owen","UEFA Europa League",2000,11,4,,,""
no-candidates,"Michael Owen","UEFA Europa League",2002,6,3,,,""
no-candidates,"Michael Owen","UEFA Europa League",2003,6,2,,,""
ambiguous,"Michail Antonio","Championship",2011,6,0,,,"Reading | Colchester Utd. | Sheff Wed"
ambiguous,"Michail Antonio","Championship",2014,46,14,,,"Sheff Wed | Nott'm Forest"
no-candidates,"Michel Bastos","Eredivisie",2002,28,0,,,""
ambiguous,"Michy Batshuayi","Süper Lig",2024,18,5,,,"Fenerbahçe | Galatasaray"
ambiguous,"Miguel Crespo","Süper Lig",2024,29,2,,,"Fenerbahçe | Basaksehir"
no-candidates,"Mika Biereth","Bundesliga",2023,15,5,,,""
no-candidates,"Mika Biereth","Bundesliga",2024,16,11,,,""
no-candidates,"Mikel Arteta","UEFA Europa League",2001,6,0,,,""
no-candidates,"Mikel Arteta","UEFA Europa League",2002,1,0,,,""
no-candidates,"Mikel Arteta","UEFA Europa League",2005,1,0,,,""
no-candidates,"Mikel Arteta","UEFA Europa League",2007,7,3,,,""
no-candidates,"Mikel Arteta","UEFA Europa League",2008,2,0,,,""
no-candidates,"Milan Baros","UEFA Europa League",2002,4,0,,,""
no-candidates,"Milan Baros","UEFA Europa League",2003,4,1,,,""
no-candidates,"Milan Baros","UEFA Europa League",2008,9,5,,,""
no-candidates,"Milan Baros","Süper Lig",2008,31,20,,,""
no-candidates,"Milan Baros","Süper Lig",2009,17,11,,,""
no-candidates,"Milan Baros","Süper Lig",2010,17,9,,,""
no-candidates,"Milan Baros","Süper Lig",2011,23,8,,,""
no-candidates,"Milan Baros","Süper Lig",2013,13,2,,,""
no-candidates,"Milos Krasic","UEFA Europa League",2004,9,0,,,""
no-candidates,"Milos Krasic","UEFA Europa League",2005,5,0,,,""
no-candidates,"Milos Krasic","UEFA Europa League",2006,2,0,,,""
no-candidates,"Milos Krasic","UEFA Europa League",2008,10,0,,,""
no-candidates,"Milos Krasic","Süper Lig",2012,13,0,,,""
no-candidates,"Miroslav Klose","UEFA Europa League",2000,12,2,,,""
no-candidates,"Miroslav Klose","UEFA Europa League",2003,2,1,,,""
no-candidates,"Miroslav Klose","UEFA Europa League",2006,7,2,,,""
no-candidates,"Miroslav Klose","UEFA Europa League",2007,12,5,,,""
ambiguous,"Moatasem Al-Musrati","Primeira Liga",2019,12,0,,,"Vit. Guimarães | Rio Ave"
no-candidates,"Mohamed Amoura","Ligue 1",2019,1,1,,,""
ambiguous,"Mohamed Ihattaren","Eredivisie",2025,28,6,,,"RKC Waalwijk | Fortuna Sittard"
no-candidates,"Mohamed Sissoko","UEFA Europa League",2003,9,1,,,""
no-candidates,"Mohamed Sissoko","UEFA Europa League",2004,1,0,,,""
no-candidates,"Moisés Hurtado","UEFA Europa League",2005,5,1,,,""
no-candidates,"Moisés Hurtado","UEFA Europa League",2006,11,1,,,""
no-candidates,"Morato","Primeira Liga",2020,2,0,,,""
no-candidates,"Mousa Dembélé","UEFA Europa League",2005,2,0,,,""
no-candidates,"Mousa Dembélé","Eredivisie",2005,33,9,,,""
no-candidates,"Mousa Dembélé","UEFA Europa League",2006,12,4,,,""
no-candidates,"Mousa Dembélé","Eredivisie",2006,33,6,,,""
no-candidates,"Mousa Dembélé","UEFA Europa League",2007,6,1,,,""
no-candidates,"Mousa Dembélé","Eredivisie",2007,33,3,,,""
no-candidates,"Mousa Dembélé","Eredivisie",2008,23,10,,,""
no-candidates,"Mousa Dembélé","Eredivisie",2009,29,4,,,""
no-candidates,"Moussa Sow","UEFA Europa League",2005,2,0,,,""
no-candidates,"Moussa Sow","UEFA Europa League",2008,2,0,,,""
no-candidates,"Moussa Sow","Süper Lig",2011,10,6,,,""
no-candidates,"Moussa Sow","Süper Lig",2012,31,15,,,""
no-candidates,"Moussa Sow","Süper Lig",2013,30,15,,,""
no-candidates,"Moussa Sow","Süper Lig",2014,33,14,,,""
no-candidates,"Moussa Sow","Süper Lig",2015,2,1,,,""
no-candidates,"Moussa Sow","Süper Lig",2016,25,12,,,""
no-candidates,"Moussa Sow","Süper Lig",2017,11,4,,,""
no-candidates,"Munas Dabbur","Bundesliga",2016,15,2,,,""
no-candidates,"Munas Dabbur","Bundesliga",2017,32,22,,,""
no-candidates,"Munas Dabbur","Bundesliga",2018,29,20,,,""
unknown-club,"Musa Barrow","Saudi Pro League",2023,21,6,,,"Al-Taawoun"
unknown-club,"Musa Barrow","Saudi Pro League",2024,33,13,,,"Al-Taawoun"
unknown-club,"Musa Barrow","Saudi Pro League",2025,5,3,,,"Al-Taawoun"
no-candidates,"Naby Keïta","Bundesliga",2015,29,12,,,""
unknown-club,"Nacho Fernández","Saudi Pro League",2024,31,0,,,"Al-Qadsiah"
unknown-club,"Nacho Fernández","Saudi Pro League",2025,34,0,,,"Al-Qadsiah"
no-candidates,"Nacho Monreal","UEFA Europa League",2006,4,0,,,""
unknown-club,"Nahitan Nández","Saudi Pro League",2024,28,0,,,"Al-Qadsiah"
unknown-club,"Nahitan Nández","Saudi Pro League",2025,33,8,,,"Al-Qadsiah"
no-candidates,"Naldo","UEFA Europa League",2006,8,1,,,""
no-candidates,"Naldo","UEFA Europa League",2007,4,1,,,""
no-candidates,"Naldo","UEFA Europa League",2008,9,2,,,""
no-candidates,"Nathan Collins","Championship",2018,3,0,,,""
ambiguous,"Nemanja Gudelj","Primeira Liga",2018,27,1,,,"GZ Evergrande | Sporting"
no-candidates,"Nemanja Vidic","UEFA Europa League",2002,4,0,,,""
no-candidates,"Nemanja Vidic","UEFA Europa League",2003,4,2,,,""
no-candidates,"Neven Subotic","UEFA Europa League",2008,2,0,,,""
no-candidates,"Neven Subotic","Süper Lig",2020,5,1,,,""
no-candidates,"Neven Subotic","Bundesliga",2020,10,0,,,""
no-candidates,"Nico Gaitán","Primeira Liga",2010,26,7,,,""
no-candidates,"Nico Gaitán","UEFA Champions League",2010,5,0,,,""
no-candidates,"Nico Gaitán","Primeira Liga",2011,25,3,,,""
no-candidates,"Nico Gaitán","Primeira Liga",2012,23,3,,,""
no-candidates,"Nico Gaitán","Primeira Liga",2013,26,4,,,""
no-candidates,"Nico Gaitán","Primeira Liga",2014,27,4,,,""
no-candidates,"Nico Gaitán","Primeira Liga",2015,25,4,,,""
no-candidates,"Nico Gaitán","Primeira Liga",2020,18,2,,,""
no-candidates,"Nico Gaitán","Primeira Liga",2021,6,2,,,""
no-candidates,"Nico Gaitán","Primeira Liga",2022,27,3,,,""
no-candidates,"Nicolai Jörgensen","Eredivisie",2016,32,21,,,""
no-candidates,"Nicolai Jörgensen","Eredivisie",2017,26,10,,,""
no-candidates,"Nicolai Jörgensen","Eredivisie",2018,24,7,,,""
no-candidates,"Nicolai Jörgensen","Eredivisie",2019,13,5,,,""
no-candidates,"Nicolai Jörgensen","Eredivisie",2020,23,5,,,""
no-candidates,"Nicolai Jörgensen","Süper Lig",2021,15,2,,,""
no-candidates,"Nicolas Anelka","UEFA Europa League",1997,2,0,,,""
no-candidates,"Nicolas Anelka","UEFA Europa League",2001,4,1,,,""
no-candidates,"Nicolas Anelka","UEFA Europa League",2003,4,3,,,""
no-candidates,"Nicolas Anelka","Süper Lig",2004,14,4,,,""
no-candidates,"Nicolas Anelka","UEFA Europa League",2004,2,0,,,""
no-candidates,"Nicolas Anelka","Süper Lig",2005,25,10,,,""
no-candidates,"Nicolas Anelka","UEFA Europa League",2007,4,1,,,""
no-candidates,"Nicolas Kühn","Bundesliga",2022,20,3,,,""
no-candidates,"Nicolas Kühn","Bundesliga",2023,16,2,,,""
no-candidates,"Nicolas Seiwald","Bundesliga",2021,32,0,,,""
no-candidates,"Nicolas Seiwald","Bundesliga",2022,31,3,,,""
no-candidates,"Nigel de Jong","Eredivisie",2002,17,0,,,""
no-candidates,"Nigel de Jong","Eredivisie",2003,32,1,,,""
no-candidates,"Nigel de Jong","UEFA Europa League",2004,2,0,,,""
no-candidates,"Nigel de Jong","Eredivisie",2004,31,5,,,""
no-candidates,"Nigel de Jong","UEFA Europa League",2005,3,0,,,""
no-candidates,"Nigel de Jong","Eredivisie",2005,16,2,,,""
no-candidates,"Nigel de Jong","UEFA Europa League",2007,8,1,,,""
no-candidates,"Nigel de Jong","UEFA Europa League",2008,2,0,,,""
no-candidates,"Nigel de Jong","Süper Lig",2016,18,1,,,""
no-candidates,"Noah Okafor","Bundesliga",2019,11,3,,,""
no-candidates,"Noah Okafor","Bundesliga",2020,18,6,,,""
no-candidates,"Noah Okafor","Bundesliga",2021,21,9,,,""
no-candidates,"Noah Okafor","Bundesliga",2022,21,7,,,""
no-candidates,"Noa Lang","Eredivisie",2018,3,0,,,""
no-candidates,"Nolito","Primeira Liga",2011,29,11,,,""
no-candidates,"Nolito","Primeira Liga",2012,6,1,,,""
no-candidates,"Noni Madueke","Eredivisie",2019,4,0,,,""
no-candidates,"Nuno Mendes","Primeira Liga",2020,29,1,,,""
no-candidates,"Nuri Sahin","Eredivisie",2007,29,6,,,""
no-candidates,"Nuri Sahin","UEFA Europa League",2008,1,0,,,""
no-candidates,"Nuri Sahin","Süper Lig",2020,36,0,,,""
no-candidates,"Nuri Sahin","Süper Lig",2021,8,0,,,""
no-candidates,"Obafemi Martins","UEFA Europa League",2003,4,2,,,""
no-candidates,"Obafemi Martins","UEFA Europa League",2006,9,6,,,""
no-candidates,"Obafemi Martins","Premier League",2010,4,0,,,""
no-candidates,"Obafemi Martins","La Liga",2012,21,7,,,""
no-candidates,"Ola John","Eredivisie",2010,13,1,,,""
no-candidates,"Ola John","Eredivisie",2011,33,8,,,""
no-candidates,"Ola John","Primeira Liga",2012,22,0,,,""
no-candidates,"Ola John","Primeira Liga",2013,5,0,,,""
no-candidates,"Ola John","Primeira Liga",2014,26,3,,,""
no-candidates,"Ola John","Primeira Liga",2015,2,0,,,""
no-candidates,"Ola John","Championship",2015,28,4,,,""
no-candidates,"Ola John","Championship",2016,2,0,,,""
no-candidates,"Ola John","Primeira Liga",2018,26,1,,,""
no-candidates,"Ola John","Primeira Liga",2019,16,0,,,""
no-candidates,"Ola John","Eredivisie",2020,23,2,,,""
no-candidates,"Ola John","Saudi Pro League",2021,24,8,,,""
no-candidates,"Omar Marmoush","Premier League",2015,1,0,,,""
no-candidates,"Oumar Solet","Bundesliga",2020,10,0,,,""
no-candidates,"Oumar Solet","Bundesliga",2021,22,1,,,""
no-candidates,"Oumar Solet","Bundesliga",2022,25,1,,,""
no-candidates,"Oumar Solet","Bundesliga",2023,21,1,,,""
ambiguous,"Oussama Idrissi","Eredivisie",2017,12,3,,,"FC Groningen | AZ Alkmaar"
ambiguous,"Oussama Idrissi","Eredivisie",2020,7,0,,,"AZ Alkmaar | Ajax"
no-candidates,"Ozan Kabak","Süper Lig",2017,1,0,,,""
no-candidates,"Pablo","Primeira Liga",2021,5,0,,,""
ambiguous,"Pablo","Primeira Liga",2023,8,0,,,"Famalicão | Paços Ferreira"
ambiguous,"Pablo","Primeira Liga",2024,20,5,,,"Famalicão | Gil Vicente"
ambiguous,"Pablo","Primeira Liga",2025,13,10,,,"Famalicão | Gil Vicente"
no-candidates,"Pablo Aimar","UEFA Europa League",2001,6,2,,,""
no-candidates,"Pablo Aimar","UEFA Europa League",2003,8,0,,,""
no-candidates,"Pablo Aimar","UEFA Europa League",2004,2,1,,,""
no-candidates,"Pablo Aimar","UEFA Europa League",2007,1,0,,,""
no-candidates,"Pablo Aimar","Primeira Liga",2008,22,1,,,""
no-candidates,"Pablo Aimar","UEFA Europa League",2008,1,0,,,""
no-candidates,"Pablo Aimar","Primeira Liga",2009,25,4,,,""
no-candidates,"Pablo Aimar","Primeira Liga",2010,23,5,,,""
no-candidates,"Pablo Aimar","Primeira Liga",2011,24,2,,,""
no-candidates,"Pablo Aimar","UEFA Champions League",2011,8,1,,,""
no-candidates,"Pablo Aimar","Primeira Liga",2012,13,0,,,""
no-candidates,"Pablo Aimar","UEFA Champions League",2012,2,0,,,""
no-candidates,"Pablo Hernández","UEFA Europa League",2007,9,3,,,""
no-candidates,"Pablo Hernández","UEFA Europa League",2008,6,1,,,""
no-candidates,"Pablo Hernández","Championship",2016,35,6,,,""
no-candidates,"Pablo Hernández","Championship",2017,41,7,,,""
no-candidates,"Pablo Hernández","Championship",2018,39,12,,,""
no-candidates,"Pablo Hernández","Championship",2019,36,9,,,""
no-candidates,"Pablo Zabaleta","UEFA Europa League",2005,7,0,,,""
no-candidates,"Pablo Zabaleta","UEFA Europa League",2006,9,0,,,""
no-candidates,"Pablo Zabaleta","UEFA Europa League",2008,11,0,,,""
no-candidates,"Papiss Cissé","Süper Lig",2018,26,16,,,""
no-candidates,"Papiss Cissé","Süper Lig",2019,32,22,,,""
no-candidates,"Papiss Cissé","Süper Lig",2020,25,5,,,""
no-candidates,"Papiss Cissé","Süper Lig",2021,14,2,,,""
no-candidates,"Patrice Evra","UEFA Europa League",2005,5,0,,,""
no-candidates,"Patrick Bamford","Championship",2011,2,0,,,""
no-candidates,"Patrick Bamford","Championship",2013,21,8,,,""
no-candidates,"Patrick Bamford","Championship",2014,38,17,,,""
no-candidates,"Patrick Bamford","Championship",2017,39,11,,,""
no-candidates,"Patrick Bamford","Championship",2018,22,9,,,""
no-candidates,"Patrick Bamford","Championship",2019,45,16,,,""
no-candidates,"Patrick Bamford","Championship",2023,33,8,,,""
no-candidates,"Patrick Bamford","Championship",2024,17,0,,,""
no-candidates,"Patrick Bamford","Championship",2025,28,12,,,""
no-candidates,"Patson Daka","Bundesliga",2017,8,0,,,""
no-candidates,"Patson Daka","Bundesliga",2018,15,3,,,""
no-candidates,"Patson Daka","Bundesliga",2019,31,24,,,""
no-candidates,"Patson Daka","Bundesliga",2020,28,27,,,""
no-candidates,"Patson Daka","Championship",2023,20,7,,,""
no-candidates,"Patson Daka","Championship",2025,41,5,,,""
no-candidates,"Paulão","Primeira Liga",2006,27,0,,,""
no-candidates,"Paulão","Primeira Liga",2007,27,3,,,""
no-candidates,"Paulão","Primeira Liga",2008,30,3,,,""
no-candidates,"Paulão","Primeira Liga",2009,7,1,,,""
no-candidates,"Paulão","Primeira Liga",2010,19,2,,,""
no-candidates,"Paulinho","Saudi Pro League",2021,4,2,,,""
no-candidates,"Paul Konchesky","UEFA Europa League",2006,2,0,,,""
no-candidates,"Paul Konchesky","Championship",2010,15,1,,,""
no-candidates,"Paul Konchesky","Championship",2011,42,2,,,""
no-candidates,"Paul Konchesky","Championship",2012,39,1,,,""
no-candidates,"Paul Konchesky","Championship",2013,31,1,,,""
no-candidates,"Paul Konchesky","Championship",2015,34,0,,,""
no-candidates,"Paulo Assunção","Primeira Liga",2002,16,1,,,""
no-candidates,"Paulo Assunção","Primeira Liga",2003,34,1,,,""
no-candidates,"Paulo Assunção","UEFA Europa League",2004,5,0,,,""
no-candidates,"Paulo Assunção","Primeira Liga",2005,25,0,,,""
no-candidates,"Paulo Assunção","Primeira Liga",2006,22,0,,,""
no-candidates,"Paulo Assunção","Primeira Liga",2007,26,0,,,""
no-candidates,"Paulo Ferreira","Primeira Liga",2001,34,0,,,""
no-candidates,"Paulo Ferreira","Primeira Liga",2002,30,0,,,""
no-candidates,"Paulo Ferreira","UEFA Europa League",2002,12,0,,,""
no-candidates,"Paulo Ferreira","Primeira Liga",2003,32,0,,,""
no-candidates,"Paul Scholes","Premier League",1994,17,5,,,""
no-candidates,"Paul Scholes","UEFA Europa League",1995,2,1,,,""
ambiguous,"Pedro Gonçalves","Primeira Liga",2020,32,23,,,"Famalicão | Sporting"
no-candidates,"Pedro Neto","Primeira Liga",2016,2,1,,,""
no-candidates,"Pepe","Primeira Liga",2001,4,0,,,""
ambiguous,"Pepe","Primeira Liga",2004,15,1,,,"Marítimo | FC Porto"
ambiguous,"Pepelu","Primeira Liga",2019,33,2,,,"Atl. Levante | Tondela"
ambiguous,"Pepelu","Primeira Liga",2020,30,1,,,"Tondela | Vit. Guimarães"
no-candidates,"Per Mertesacker","UEFA Europa League",2006,5,1,,,""
no-candidates,"Per Mertesacker","UEFA Europa League",2007,4,0,,,""
no-candidates,"Per Mertesacker","UEFA Europa League",2008,7,0,,,""
no-candidates,"Peter Crouch","UEFA Europa League",2008,6,4,,,""
no-candidates,"Peter Crouch","Championship",2018,23,1,,,""
no-candidates,"Peter Niemeyer","Eredivisie",2002,3,0,,,""
no-candidates,"Peter Niemeyer","Eredivisie",2003,31,1,,,""
no-candidates,"Peter Niemeyer","Eredivisie",2004,27,1,,,""
no-candidates,"Peter Niemeyer","Eredivisie",2005,30,2,,,""
no-candidates,"Peter Niemeyer","Eredivisie",2006,15,0,,,""
no-candidates,"Peter Niemeyer","UEFA Europa League",2008,5,0,,,""
no-candidates,"Petri Pasanen","UEFA Europa League",2000,3,0,,,""
no-candidates,"Petri Pasanen","Eredivisie",2000,29,4,,,""
no-candidates,"Petri Pasanen","Eredivisie",2001,1,0,,,""
no-candidates,"Petri Pasanen","Eredivisie",2002,22,3,,,""
no-candidates,"Petri Pasanen","Eredivisie",2003,7,0,,,""
no-candidates,"Petri Pasanen","UEFA Europa League",2006,5,0,,,""
no-candidates,"Petri Pasanen","UEFA Europa League",2007,1,0,,,""
no-candidates,"Petri Pasanen","UEFA Europa League",2008,5,0,,,""
no-candidates,"Petri Pasanen","Bundesliga",2011,18,0,,,""
no-candidates,"Philip Billing","Championship",2013,1,0,,,""
no-candidates,"Philippe Mexès","UEFA Europa League",2002,4,0,,,""
no-candidates,"Philippe Mexès","UEFA Europa League",2003,5,0,,,""
no-candidates,"Philippe Mexès","UEFA Europa League",2005,9,0,,,""
no-candidates,"Philipp Lahm","UEFA Europa League",2004,6,1,,,""
no-candidates,"Philipp Lahm","UEFA Europa League",2007,10,1,,,""
unknown-club,"Pierre-Emerick Aubameyang","Saudi Pro League",2024,32,17,,,"Al-Qadsiah"
ambiguous,"Pizzi","Primeira Liga",2009,15,1,,,"Braga | SC Covilhã | Paços Ferreira"
ambiguous,"Pizzi","Primeira Liga",2010,27,7,,,"Paços Ferreira | Braga"
ambiguous,"Pizzi","Primeira Liga",2022,16,2,,,"Benfica | Braga"
ambiguous,"Pizzi","Primeira Liga",2025,23,0,,,"APOEL Nicosia | Estoril"
no-candidates,"Quincy Promes","Eredivisie",2011,1,0,,,""
ambiguous,"Quinten Timber","Eredivisie",2022,24,2,,,"Utrecht | Feyenoord"
no-candidates,"Rafael","Süper Lig",2020,21,0,,,""
no-candidates,"Rafael van der Vaart","Eredivisie",1999,1,0,,,""
no-candidates,"Rafael van der Vaart","UEFA Europa League",2000,4,2,,,""
no-candidates,"Rafael van der Vaart","Eredivisie",2000,27,7,,,""
no-candidates,"Rafael van der Vaart","Eredivisie",2001,20,14,,,""
no-candidates,"Rafael van der Vaart","UEFA Europa League",2001,3,1,,,""
no-candidates,"Rafael van der Vaart","Eredivisie",2002,21,18,,,""
no-candidates,"Rafael van der Vaart","Eredivisie",2003,26,7,,,""
no-candidates,"Rafael van der Vaart","UEFA Europa League",2004,1,0,,,""
no-candidates,"Rafael van der Vaart","Eredivisie",2004,22,6,,,""
no-candidates,"Rafael van der Vaart","UEFA Europa League",2005,8,5,,,""
no-candidates,"Rafael van der Vaart","UEFA Europa League",2007,8,3,,,""
no-candidates,"Rafa Márquez","UEFA Europa League",1999,6,0,,,""
no-candidates,"Rafa Márquez","UEFA Europa League",2003,3,0,,,""
no-candidates,"Ramires","Primeira Liga",2009,26,4,,,""
ambiguous,"Ramon Hendriks","Eredivisie",2022,4,0,,,"Feyenoord | Utrecht"
ambiguous,"Ramon Hendriks","Eredivisie",2023,31,0,,,"Feyenoord | Vitesse"
no-candidates,"Raphinha","Primeira Liga",2015,1,0,,,""
ambiguous,"Raphinha","Primeira Liga",2018,24,4,,,"Vit. Guimarães | Sporting"
no-candidates,"Rasmus Højlund","Bundesliga",2021,13,6,,,""
no-candidates,"Rasmus Højlund","Bundesliga",2022,5,3,,,""
no-candidates,"Rasmus Kristensen","Bundesliga",2019,12,0,,,""
no-candidates,"Rasmus Kristensen","Bundesliga",2020,31,3,,,""
no-candidates,"Rasmus Kristensen","Bundesliga",2021,29,7,,,""
no-candidates,"Raúl Albiol","UEFA Europa League",2003,2,0,,,""
no-candidates,"Raúl Meireles","Primeira Liga",2003,29,0,,,""
no-candidates,"Raúl Meireles","Primeira Liga",2004,14,0,,,""
no-candidates,"Raúl Meireles","Primeira Liga",2005,18,2,,,""
no-candidates,"Raúl Meireles","Primeira Liga",2006,25,3,,,""
no-candidates,"Raúl Meireles","Primeira Liga",2007,28,4,,,""
no-candidates,"Raúl Meireles","Primeira Liga",2008,28,4,,,""
no-candidates,"Raúl Meireles","Primeira Liga",2009,25,2,,,""
no-candidates,"Raúl Meireles","Süper Lig",2012,22,2,,,""
no-candidates,"Raúl Meireles","Süper Lig",2013,20,1,,,""
no-candidates,"Raúl Meireles","Süper Lig",2014,23,2,,,""
no-candidates,"Raúl Meireles","Süper Lig",2015,11,1,,,""
no-candidates,"Razvan Rat","UEFA Europa League",2001,2,0,,,""
no-candidates,"Razvan Rat","UEFA Europa League",2002,2,0,,,""
no-candidates,"Razvan Rat","UEFA Europa League",2003,2,0,,,""
no-candidates,"Razvan Rat","UEFA Europa League",2004,4,0,,,""
no-candidates,"Razvan Rat","UEFA Europa League",2005,8,0,,,""
no-candidates,"Razvan Rat","UEFA Europa League",2006,1,0,,,""
no-candidates,"Razvan Rat","UEFA Europa League",2008,8,0,,,""
unknown-club,"Reinildo Mandava","Primeira Liga",2018,16,0,,,"B SAD"
no-candidates,"Renato Civelli","UEFA Europa League",2005,2,0,,,""
no-candidates,"Renato Civelli","UEFA Europa League",2006,2,0,,,""
no-candidates,"Renato Civelli","UEFA Europa League",2008,4,0,,,""
no-candidates,"Renato Civelli","Süper Lig",2013,28,1,,,""
no-candidates,"Renato Civelli","Süper Lig",2014,24,3,,,""
ambiguous,"Renato Tapia","Eredivisie",2015,3,0,,,"FC Twente | Feyenoord"
no-candidates,"Ricardo Carvalho","Primeira Liga",1997,22,1,,,""
no-candidates,"Ricardo Carvalho","Primeira Liga",1998,1,0,,,""
no-candidates,"Ricardo Carvalho","Primeira Liga",1999,25,2,,,""
no-candidates,"Ricardo Carvalho","Primeira Liga",2000,29,1,,,""
no-candidates,"Ricardo Carvalho","Primeira Liga",2001,25,0,,,""
no-candidates,"Ricardo Carvalho","Primeira Liga",2002,18,1,,,""
no-candidates,"Ricardo Carvalho","UEFA Europa League",2002,7,0,,,""
no-candidates,"Ricardo Carvalho","Primeira Liga",2003,29,2,,,""
no-candidates,"Ricardo Costa","Primeira Liga",2001,6,0,,,""
no-candidates,"Ricardo Costa","Primeira Liga",2002,9,0,,,""
no-candidates,"Ricardo Costa","UEFA Europa League",2002,6,1,,,""
no-candidates,"Ricardo Costa","Primeira Liga",2003,9,1,,,""
no-candidates,"Ricardo Costa","Primeira Liga",2004,24,1,,,""
no-candidates,"Ricardo Costa","Primeira Liga",2005,18,1,,,""
no-candidates,"Ricardo Costa","Primeira Liga",2006,8,0,,,""
no-candidates,"Ricardo Costa","UEFA Europa League",2008,6,0,,,""
no-candidates,"Ricardo Costa","Primeira Liga",2017,32,2,,,""
no-candidates,"Ricardo Costa","Primeira Liga",2018,27,1,,,""
no-candidates,"Ricardo Costa","Primeira Liga",2019,31,1,,,""
no-candidates,"Ricardo Quaresma","UEFA Europa League",2001,2,0,,,""
no-candidates,"Ricardo Quaresma","Primeira Liga",2001,28,3,,,""
no-candidates,"Ricardo Quaresma","UEFA Europa League",2002,2,0,,,""
no-candidates,"Ricardo Quaresma","Primeira Liga",2002,31,5,,,""
no-candidates,"Ricardo Quaresma","UEFA Europa League",2003,4,0,,,""
no-candidates,"Ricardo Quaresma","Primeira Liga",2004,32,5,,,""
no-candidates,"Ricardo Quaresma","Primeira Liga",2005,29,5,,,""
no-candidates,"Ricardo Quaresma","Primeira Liga",2006,26,6,,,""
no-candidates,"Ricardo Quaresma","Primeira Liga",2007,27,8,,,""
no-candidates,"Ricardo Quaresma","Süper Lig",2010,21,3,,,""
no-candidates,"Ricardo Quaresma","Süper Lig",2011,19,5,,,""
no-candidates,"Ricardo Quaresma","Primeira Liga",2013,12,4,,,""
no-candidates,"Ricardo Quaresma","Primeira Liga",2014,30,6,,,""
no-candidates,"Ricardo Quaresma","UEFA Champions League",2014,9,3,,,""
no-candidates,"Ricardo Quaresma","Süper Lig",2015,26,4,,,""
no-candidates,"Ricardo Quaresma","Süper Lig",2016,29,2,,,""
no-candidates,"Ricardo Quaresma","UEFA Champions League",2016,6,3,,,""
no-candidates,"Ricardo Quaresma","UEFA Champions League",2017,7,0,,,""
no-candidates,"Ricardo Quaresma","Süper Lig",2017,26,4,,,""
no-candidates,"Ricardo Quaresma","Süper Lig",2018,26,3,,,""
no-candidates,"Ricardo Quaresma","Süper Lig",2019,26,4,,,""
no-candidates,"Ricardo Quaresma","Primeira Liga",2020,28,4,,,""
no-candidates,"Ricardo Quaresma","Primeira Liga",2021,23,2,,,""
no-candidates,"Riccardo Montolivo","UEFA Europa League",2007,11,1,,,""
no-candidates,"Riccardo Montolivo","UEFA Europa League",2008,2,0,,,""
ambiguous,"Rico Henry","Championship",2016,12,0,,,"Walsall | Brentford"
no-candidates,"Rio Ferdinand","UEFA Europa League",1999,3,0,,,""
no-candidates,"Rio Ferdinand","UEFA Europa League",2001,7,0,,,""
ambiguous,"Robert Lewandowski","UEFA Europa League",2008,8,1,,,"Znicz Pruszkow | Lech Poznan"
no-candidates,"Roberto Firmino","Saudi Pro League",2023,32,9,,,""
no-candidates,"Roberto Firmino","Saudi Pro League",2024,17,5,,,""
no-candidates,"Roberto Soldado","UEFA Europa League",2006,9,1,,,""
no-candidates,"Roberto Soldado","Süper Lig",2017,26,9,,,""
no-candidates,"Roberto Soldado","Süper Lig",2018,21,6,,,""
no-candidates,"Robinho","UEFA Europa League",2008,10,1,,,""
no-candidates,"Robinho","Süper Lig",2017,14,4,,,""
no-candidates,"Robinho","Süper Lig",2018,17,4,,,""
no-candidates,"Robinho","Süper Lig",2019,15,0,,,""
no-candidates,"Robin van Persie","UEFA Europa League",2001,7,0,,,""
no-candidates,"Robin van Persie","Eredivisie",2001,10,0,,,""
no-candidates,"Robin van Persie","Eredivisie",2002,23,8,,,""
no-candidates,"Robin van Persie","UEFA Europa League",2003,3,0,,,""
no-candidates,"Robin van Persie","Eredivisie",2003,28,6,,,""
no-candidates,"Robin van Persie","Süper Lig",2015,31,16,,,""
no-candidates,"Robin van Persie","Süper Lig",2016,24,9,,,""
no-candidates,"Robin van Persie","Süper Lig",2017,2,0,,,""
no-candidates,"Robin van Persie","Eredivisie",2017,12,5,,,""
no-candidates,"Robin van Persie","Eredivisie",2018,25,16,,,""
no-candidates,"Rodrigo","Primeira Liga",2011,22,9,,,""
no-candidates,"Rodrigo","Primeira Liga",2012,20,7,,,""
no-candidates,"Rodrigo","Primeira Liga",2013,26,11,,,""
no-candidates,"Rodrigo Gomes","Primeira Liga",2020,4,0,,,""
ambiguous,"Rodrigo Gomes","Primeira Liga",2023,30,7,,,"Braga | Estoril"
no-candidates,"Rodrigo Taddei","UEFA Europa League",2005,10,1,,,""
no-candidates,"Rodrigo Tello","Primeira Liga",2000,9,0,,,""
no-candidates,"Rodrigo Tello","UEFA Europa League",2001,4,0,,,""
no-candidates,"Rodrigo Tello","Primeira Liga",2001,15,0,,,""
no-candidates,"Rodrigo Tello","Primeira Liga",2002,15,1,,,""
no-candidates,"Rodrigo Tello","UEFA Europa League",2002,2,0,,,""
no-candidates,"Rodrigo Tello","Primeira Liga",2003,21,1,,,""
no-candidates,"Rodrigo Tello","UEFA Europa League",2003,2,0,,,""
no-candidates,"Rodrigo Tello","UEFA Europa League",2004,6,0,,,""
no-candidates,"Rodrigo Tello","Primeira Liga",2004,9,1,,,""
no-candidates,"Rodrigo Tello","UEFA Europa League",2005,1,0,,,""
no-candidates,"Rodrigo Tello","Primeira Liga",2005,20,1,,,""
no-candidates,"Rodrigo Tello","Primeira Liga",2006,24,2,,,""
no-candidates,"Rodrigo Tello","Süper Lig",2007,29,5,,,""
no-candidates,"Rodrigo Tello","UEFA Europa League",2008,2,0,,,""
no-candidates,"Rodrigo Tello","Süper Lig",2008,32,6,,,""
no-candidates,"Rodrigo Tello","Süper Lig",2009,26,4,,,""
no-candidates,"Rodrigo Tello","Süper Lig",2010,16,0,,,""
no-candidates,"Rodrigo Tello","Süper Lig",2011,27,1,,,""
no-candidates,"Rodrigo Tello","Süper Lig",2012,27,2,,,""
no-candidates,"Rodrigo Tello","Süper Lig",2013,14,2,,,""
unknown-club,"Romain Faivre","Saudi Pro League",2025,5,1,,,"Al-Taawoun"
no-candidates,"Roman Eremenko","UEFA Europa League",2008,7,0,,,""
no-candidates,"Roman Eremenko","UEFA Champions League",2014,6,0,,,""
no-candidates,"Roman Eremenko","UEFA Champions League",2015,3,0,,,""
no-candidates,"Roman Eremenko","UEFA Champions League",2016,2,1,,,""
no-candidates,"Romano Schmid","Bundesliga",2016,1,0,,,""
no-candidates,"Romano Schmid","Bundesliga",2017,1,0,,,""
no-candidates,"Romano Schmid","Bundesliga",2019,25,2,,,""
no-candidates,"Roman Shirokov","UEFA Europa League",2007,8,0,,,""
no-candidates,"Roman Shirokov","UEFA Europa League",2008,3,0,,,""
no-candidates,"Roman Shirokov","UEFA Champions League",2011,8,5,,,""
no-candidates,"Roman Shirokov","UEFA Champions League",2012,6,1,,,""
no-candidates,"Roman Shirokov","UEFA Champions League",2013,5,0,,,""
no-candidates,"Romaric","UEFA Europa League",2004,6,1,,,""
no-candidates,"Romaric","UEFA Europa League",2008,6,1,,,""
no-candidates,"Ruslan Rotan","UEFA Europa League",2003,6,0,,,""
no-candidates,"Ruslan Rotan","UEFA Europa League",2004,5,1,,,""
no-candidates,"Ryan Babel","Eredivisie",2003,1,0,,,""
no-candidates,"Ryan Babel","UEFA Europa League",2004,2,1,,,""
no-candidates,"Ryan Babel","Eredivisie",2004,20,7,,,""
no-candidates,"Ryan Babel","Eredivisie",2005,25,2,,,""
no-candidates,"Ryan Babel","Eredivisie",2006,27,5,,,""
no-candidates,"Ryan Babel","UEFA Europa League",2006,5,2,,,""
no-candidates,"Ryan Babel","Eredivisie",2012,16,4,,,""
no-candidates,"Ryan Babel","Süper Lig",2013,29,5,,,""
no-candidates,"Ryan Babel","Süper Lig",2014,29,9,,,""
no-candidates,"Ryan Babel","Süper Lig",2016,18,5,,,""
no-candidates,"Ryan Babel","Süper Lig",2017,32,13,,,""
no-candidates,"Ryan Babel","Süper Lig",2018,12,4,,,""
no-candidates,"Ryan Babel","Eredivisie",2019,5,0,,,""
no-candidates,"Ryan Babel","Süper Lig",2019,15,5,,,""
no-candidates,"Ryan Babel","Süper Lig",2020,32,7,,,""
no-candidates,"Ryan Babel","Süper Lig",2021,30,3,,,""
no-candidates,"Ryan Bertrand","Championship",2007,18,0,,,""
no-candidates,"Ryan Bertrand","Championship",2008,38,0,,,""
no-candidates,"Ryan Bertrand","Championship",2009,44,1,,,""
no-candidates,"Ryan Bertrand","Championship",2010,19,0,,,""
no-candidates,"Ryan Giggs","UEFA Europa League",1992,1,0,,,""
no-candidates,"Ryan Giggs","Premier League",1992,41,9,,,""
no-candidates,"Ryan Giggs","Premier League",1993,38,13,,,""
no-candidates,"Ryan Giggs","Premier League",1994,29,1,,,""
no-candidates,"Ryan Giggs","UEFA Europa League",1995,2,0,,,""
no-candidates,"Ryan Gravenberch","Eredivisie",2018,1,0,,,""
no-candidates,"Sadio Mané","Bundesliga",2012,26,16,,,""
no-candidates,"Sadio Mané","Bundesliga",2013,33,13,,,""
no-candidates,"Sadio Mané","Bundesliga",2014,4,2,,,""
no-candidates,"Saido Berahino","Championship",2012,10,2,,,""
no-candidates,"Saido Berahino","Championship",2018,23,3,,,""
no-candidates,"Salomon Kalou","Eredivisie",2003,2,0,,,""
no-candidates,"Salomon Kalou","Eredivisie",2004,31,20,,,""
no-candidates,"Salomon Kalou","UEFA Europa League",2004,7,4,,,""
no-candidates,"Salomon Kalou","UEFA Europa League",2005,2,0,,,""
no-candidates,"Salomon Kalou","Eredivisie",2005,34,15,,,""
no-candidates,"Sami Khedira","UEFA Europa League",2008,5,1,,,""
no-candidates,"Samir Nasri","UEFA Europa League",2005,10,0,,,""
no-candidates,"Samir Nasri","UEFA Europa League",2006,2,0,,,""
no-candidates,"Samir Nasri","UEFA Europa League",2007,4,0,,,""
no-candidates,"Samir Nasri","Süper Lig",2017,8,2,,,""
no-candidates,"Samson Baidoo","Bundesliga",2023,17,2,,,""
no-candidates,"Samson Baidoo","Bundesliga",2024,29,0,,,""
no-candidates,"Samú Costa","Primeira Liga",2019,1,0,,,""
no-candidates,"Samuel Eto'o","UEFA Champions League",1999,3,0,,,""
no-candidates,"Samuel Eto'o","UEFA Europa League",2001,2,1,,,""
no-candidates,"Samuel Eto'o","UEFA Europa League",2003,7,4,,,""
no-candidates,"Samuel Eto'o","Süper Lig",2015,31,20,,,""
no-candidates,"Samuel Eto'o","Süper Lig",2016,30,18,,,""
no-candidates,"Samuel Eto'o","Süper Lig",2017,13,6,,,""
ambiguous,"Samuel Lino","Primeira Liga",2019,20,2,,,"São Bernardo | Gil Vicente"
no-candidates,"Sandro","UEFA Champions League",2010,4,0,,,""
no-candidates,"Sandro","Championship",2015,11,0,,,""
no-candidates,"Sandro","Championship",2016,6,0,,,""
no-candidates,"Sandro","Süper Lig",2016,12,0,,,""
no-candidates,"Sandro","Süper Lig",2017,3,0,,,""
no-candidates,"Sandro","Primeira Liga",2021,7,1,,,""
ambiguous,"Santiago Arias","Primeira Liga",2011,6,0,,,"Inter Bogotá | Sporting"
no-candidates,"Santi Mina","Saudi Pro League",2022,27,6,,,""
no-candidates,"Sasa Kalajdzic","Bundesliga",2025,23,6,,,""
no-candidates,"Scott Parker","UEFA Champions League",2003,5,0,,,""
no-candidates,"Scott Parker","UEFA Europa League",2006,6,0,,,""
no-candidates,"Scott Parker","Championship",2011,4,1,,,""
no-candidates,"Scott Parker","Championship",2014,37,3,,,""
no-candidates,"Scott Parker","Championship",2015,24,1,,,""
no-candidates,"Scott Parker","Championship",2016,29,0,,,""
no-candidates,"Sebastian Boenisch","UEFA Europa League",2005,1,0,,,""
no-candidates,"Sebastian Boenisch","UEFA Europa League",2007,3,0,,,""
no-candidates,"Sebastian Boenisch","UEFA Europa League",2008,9,0,,,""
no-candidates,"Sebastian Giovinco","UEFA Europa League",2007,1,0,,,""
no-candidates,"Sebastian Giovinco","Saudi Pro League",2018,10,4,,,""
no-candidates,"Sebastian Giovinco","Saudi Pro League",2019,26,7,,,""
no-candidates,"Sebastian Giovinco","Saudi Pro League",2020,21,1,,,""
no-candidates,"Sebastian Prödl","Bundesliga",2006,16,1,,,""
no-candidates,"Sebastian Prödl","Bundesliga",2007,27,3,,,""
no-candidates,"Sebastian Prödl","UEFA Europa League",2008,4,1,,,""
no-candidates,"Sébastien Squillaci","UEFA Europa League",2005,6,1,,,""
no-candidates,"Sébastien Squillaci","UEFA Europa League",2008,3,0,,,""
ambiguous,"Seko Fofana","Saudi Pro League",2023,14,2,,,"Al-Nassr | Al-Ettifaq"
ambiguous,"Seko Fofana","Saudi Pro League",2024,13,0,,,"Al-Ettifaq | Al-Nassr"
no-candidates,"Sepp van den Berg","Eredivisie",2017,6,0,,,""
no-candidates,"Sergio Agüero","UEFA Europa League",2007,7,5,,,""
unknown-club,"Sergio Canales","UEFA Europa League",2008,1,0,,,"Rayo Cantabria"
ambiguous,"Sérgio Oliveira","Primeira Liga",2015,9,2,,,"Paços Ferreira | FC Porto"
no-candidates,"Seydou Doumbia","UEFA Europa League",2008,2,1,,,""
no-candidates,"Seydou Doumbia","Primeira Liga",2017,14,0,,,""
no-candidates,"Seydou Doumbia","Premier League",2020,5,3,,,""
no-candidates,"Seydou Keita","UEFA Europa League",2002,2,0,,,""
no-candidates,"Seydou Keita","UEFA Europa League",2003,4,0,,,""
no-candidates,"Seydou Keita","UEFA Europa League",2005,6,0,,,""
no-candidates,"Seydou Keita","UEFA Europa League",2006,10,0,,,""
no-candidates,"Shaun Maloney","UEFA Champions League",2001,1,0,,,""
no-candidates,"Shaun Maloney","UEFA Europa League",2002,4,1,,,""
no-candidates,"Shaun Maloney","Championship",2013,10,3,,,""
no-candidates,"Shaun Maloney","Championship",2014,20,2,,,""
no-candidates,"Shaun Maloney","Championship",2015,20,1,,,""
no-candidates,"Shaun Wright-Phillips","UEFA Europa League",2003,4,0,,,""
no-candidates,"Shaun Wright-Phillips","UEFA Europa League",2008,9,3,,,""
no-candidates,"Shaun Wright-Phillips","Championship",2013,11,0,,,""
no-candidates,"Sidney Govou","UEFA Europa League",2001,3,1,,,""
no-candidates,"Sidney Govou","UEFA Europa League",2002,1,0,,,""
no-candidates,"Sidney Govou","Ligue 1",2011,18,1,,,""
no-candidates,"Sidney Govou","Ligue 1",2012,18,0,,,""
no-candidates,"Silvestre Varela","Primeira Liga",2005,15,2,,,""
no-candidates,"Silvestre Varela","UEFA Europa League",2005,2,0,,,""
no-candidates,"Silvestre Varela","UEFA Europa League",2006,2,0,,,""
no-candidates,"Silvestre Varela","Primeira Liga",2006,30,2,,,""
no-candidates,"Silvestre Varela","La Liga",2007,22,0,,,""
no-candidates,"Silvestre Varela","Primeira Liga",2008,28,5,,,""
no-candidates,"Silvestre Varela","UEFA Champions League",2009,5,1,,,""
no-candidates,"Silvestre Varela","Primeira Liga",2009,18,8,,,""
no-candidates,"Silvestre Varela","Primeira Liga",2010,26,10,,,""
no-candidates,"Silvestre Varela","Primeira Liga",2011,21,3,,,""
no-candidates,"Silvestre Varela","Primeira Liga",2012,25,4,,,""
no-candidates,"Silvestre Varela","Primeira Liga",2013,25,5,,,""
no-candidates,"Silvestre Varela","Primeira Liga",2015,22,3,,,""
no-candidates,"Silvestre Varela","Süper Lig",2016,15,0,,,""
no-candidates,"Silvestre Varela","Primeira Liga",2016,4,0,,,""
no-candidates,"Silvestre Varela","Süper Lig",2017,8,2,,,""
no-candidates,"Silvestre Varela","Süper Lig",2018,32,1,,,""
no-candidates,"Silvestre Varela","Primeira Liga",2019,21,3,,,""
no-candidates,"Silvestre Varela","Primeira Liga",2020,30,0,,,""
no-candidates,"Simão","Primeira Liga",1996,2,1,,,""
no-candidates,"Simão","Primeira Liga",1997,21,1,,,""
no-candidates,"Simão","Primeira Liga",1998,30,10,,,""
no-candidates,"Simão","UEFA Europa League",1998,2,0,,,""
no-candidates,"Simão","UEFA Europa League",2000,3,0,,,""
no-candidates,"Simão","Primeira Liga",2001,26,11,,,""
no-candidates,"Simão","Primeira Liga",2002,33,18,,,""
no-candidates,"Simão","Primeira Liga",2003,31,12,,,""
no-candidates,"Simão","UEFA Europa League",2003,8,1,,,""
no-candidates,"Simão","UEFA Europa League",2004,8,4,,,""
no-candidates,"Simão","Primeira Liga",2004,34,15,,,""
no-candidates,"Simão","Primeira Liga",2005,24,9,,,""
no-candidates,"Simão","Primeira Liga",2006,24,11,,,""
no-candidates,"Simão","UEFA Europa League",2006,6,4,,,""
no-candidates,"Simão","UEFA Europa League",2007,6,2,,,""
no-candidates,"Simão","Süper Lig",2010,15,5,,,""
no-candidates,"Simão","Süper Lig",2011,25,3,,,""
no-candidates,"Simon Davies","UEFA Europa League",2005,1,0,,,""
no-candidates,"Simone Perrotta","UEFA Europa League",2002,2,0,,,""
no-candidates,"Simone Perrotta","UEFA Europa League",2005,7,1,,,""
no-candidates,"Sofyan Amrabat","Eredivisie",2014,4,0,,,""
no-candidates,"Stefan Kießling","UEFA Europa League",2006,10,0,,,""
no-candidates,"Stefan Kießling","UEFA Europa League",2007,12,7,,,""
no-candidates,"Stefan Lainer","Bundesliga",2015,21,1,,,""
no-candidates,"Stefan Lainer","Bundesliga",2016,31,6,,,""
no-candidates,"Stefan Lainer","Bundesliga",2017,33,1,,,""
no-candidates,"Stefan Lainer","Bundesliga",2018,25,1,,,""
no-candidates,"Stefan Lainer","Bundesliga",2025,25,1,,,""
no-candidates,"Stéphane Mbia","UEFA Europa League",2005,3,0,,,""
no-candidates,"Stéphane Mbia","UEFA Europa League",2007,4,1,,,""
no-candidates,"Stéphane Mbia","UEFA Europa League",2008,2,1,,,""
no-candidates,"Stéphane Mbia","Süper Lig",2015,17,2,,,""
no-candidates,"Stéphane Sessègnon","UEFA Europa League",2008,9,1,,,""
no-candidates,"Stéphane Sessègnon","Süper Lig",2017,16,3,,,""
no-candidates,"Stéphane Sessègnon","Süper Lig",2019,30,3,,,""
no-candidates,"Stéphane Sessègnon","Premier League",2022,19,0,,,""
no-candidates,"Stephan Lichtsteiner","UEFA Europa League",2002,2,0,,,""
no-candidates,"Stephan Lichtsteiner","UEFA Europa League",2003,2,0,,,""
no-candidates,"Stephan Lichtsteiner","UEFA Europa League",2005,4,0,,,""
no-candidates,"Stephen Ireland","UEFA Europa League",2008,12,3,,,""
no-candidates,"Steven Berghuis","Eredivisie",2010,1,0,,,""
ambiguous,"Steven Berghuis","Eredivisie",2021,33,8,,,"Feyenoord | Ajax"
no-candidates,"Steven Bergwijn","Eredivisie",2014,1,0,,,""
no-candidates,"Steven Gerrard","UEFA Europa League",1998,1,0,,,""
no-candidates,"Steven Gerrard","UEFA Europa League",2000,9,2,,,""
no-candidates,"Steven Gerrard","UEFA Europa League",2002,6,0,,,""
no-candidates,"Steven Gerrard","UEFA Europa League",2003,8,2,,,""
no-candidates,"Steven Gerrard","Premier League",2010,21,4,,,""
no-candidates,"Steven Gerrard","Premier League",2011,18,5,,,""
no-candidates,"Steven Gerrard","Premier League",2012,36,10,,,""
no-candidates,"Steven Gerrard","Premier League",2013,34,13,,,""
no-candidates,"Steven Gerrard","Premier League",2014,29,9,,,""
ambiguous,"Steven Nzonzi","Süper Lig",2023,33,4,,,"Al-Rayyan SC | Konyaspor"
no-candidates,"Steven Nzonzi","Championship",2025,30,1,,,""
no-candidates,"Steven Whittaker","UEFA Europa League",2005,2,0,,,""
no-candidates,"Steven Whittaker","UEFA Europa League",2007,5,1,,,""
no-candidates,"Steven Whittaker","Championship",2014,37,2,,,""
no-candidates,"Steven Whittaker","Championship",2016,12,0,,,""
no-candidates,"Steven Whittaker","Championship",2020,18,0,,,""
no-candidates,"Stewart Downing","UEFA Europa League",2004,9,1,,,""
no-candidates,"Stewart Downing","UEFA Europa League",2005,9,0,,,""
no-candidates,"Stewart Downing","Championship",2015,45,3,,,""
no-candidates,"Stewart Downing","Championship",2017,40,3,,,""
no-candidates,"Stewart Downing","Championship",2018,38,2,,,""
no-candidates,"Stewart Downing","Championship",2019,41,2,,,""
no-candidates,"Stewart Downing","Championship",2020,18,0,,,""
no-candidates,"Strahinja Pavlović","Bundesliga",2022,24,1,,,""
no-candidates,"Strahinja Pavlović","Bundesliga",2023,26,3,,,""
no-candidates,"Sulley Muntari","UEFA Europa League",2003,1,0,,,""
no-candidates,"Sulley Muntari","UEFA Europa League",2004,2,0,,,""
no-candidates,"Sulley Muntari","UEFA Europa League",2005,3,0,,,""
no-candidates,"Sulley Muntari","Saudi Pro League",2015,18,2,,,""
no-candidates,"Sulley Muntari","Premier League",2021,11,1,,,""
no-candidates,"Takumi Minamino","Bundesliga",2014,14,3,,,""
no-candidates,"Takumi Minamino","Bundesliga",2015,32,10,,,""
no-candidates,"Takumi Minamino","Bundesliga",2016,21,11,,,""
no-candidates,"Takumi Minamino","Bundesliga",2017,28,7,,,""
no-candidates,"Takumi Minamino","Bundesliga",2018,27,6,,,""
no-candidates,"Takumi Minamino","Bundesliga",2019,14,5,,,""
no-candidates,"Tarik Muharemović","Bundesliga",2020,5,0,,,""
no-candidates,"Terence Kongolo","Eredivisie",2011,1,0,,,""
no-candidates,"Terence Kongolo","Eredivisie",2012,5,0,,,""
no-candidates,"Terence Kongolo","Eredivisie",2013,17,0,,,""
no-candidates,"Terence Kongolo","Eredivisie",2014,31,0,,,""
no-candidates,"Terence Kongolo","Eredivisie",2015,29,0,,,""
no-candidates,"Terence Kongolo","Eredivisie",2016,23,1,,,""
no-candidates,"Terence Kongolo","Championship",2019,1,0,,,""
no-candidates,"Terence Kongolo","Bundesliga",2023,12,0,,,""
no-candidates,"Terence Kongolo","Eredivisie",2024,18,0,,,""
no-candidates,"Terence Kongolo","Eredivisie",2025,5,0,,,""
no-candidates,"Theo Walcott","Championship",2005,21,4,,,""
no-candidates,"Thiago Motta","UEFA Europa League",2003,5,1,,,""
no-candidates,"Thiago Motta","UEFA Europa League",2007,2,0,,,""
no-candidates,"Thomas Vermaelen","Eredivisie",2003,1,0,,,""
no-candidates,"Thomas Vermaelen","Eredivisie",2004,13,2,,,""
no-candidates,"Thomas Vermaelen","Eredivisie",2005,24,3,,,""
no-candidates,"Thomas Vermaelen","UEFA Europa League",2006,5,0,,,""
no-candidates,"Thomas Vermaelen","Eredivisie",2006,23,0,,,""
no-candidates,"Thomas Vermaelen","UEFA Europa League",2007,1,0,,,""
no-candidates,"Thomas Vermaelen","Eredivisie",2007,19,1,,,""
no-candidates,"Thomas Vermaelen","Eredivisie",2008,31,4,,,""
no-candidates,"Thomas Vermaelen","UEFA Europa League",2008,9,1,,,""
no-candidates,"Tiago Mendes","Primeira Liga",1999,18,1,,,""
no-candidates,"Tiago Mendes","Primeira Liga",2000,27,0,,,""
no-candidates,"Tiago Mendes","Primeira Liga",2001,15,1,,,""
no-candidates,"Tiago Mendes","Primeira Liga",2002,31,13,,,""
no-candidates,"Tiago Mendes","UEFA Europa League",2003,8,3,,,""
no-candidates,"Tiago Mendes","Primeira Liga",2003,29,5,,,""
no-candidates,"Tiago Tomás","Primeira Liga",2019,5,0,,,""
no-candidates,"Todd Cantwell","Championship",2024,37,3,,,""
no-candidates,"Todd Cantwell","Championship",2025,28,5,,,""
no-candidates,"Tomas Rosicky","UEFA Europa League",2001,8,0,,,""
no-candidates,"Tomas Rosicky","UEFA Europa League",2003,2,0,,,""
no-candidates,"Tomas Ujfalusi","UEFA Europa League",1998,2,0,,,""
no-candidates,"Tomas Ujfalusi","UEFA Europa League",1999,1,0,,,""
no-candidates,"Tomas Ujfalusi","UEFA Europa League",2003,2,0,,,""
no-candidates,"Tomas Ujfalusi","UEFA Europa League",2007,13,0,,,""
no-candidates,"Tomas Ujfalusi","Süper Lig",2011,33,1,,,""
no-candidates,"Tomas Ujfalusi","Süper Lig",2012,2,0,,,""
ambiguous,"Troy Parrott","Championship",2020,11,0,,,"Millwall | Ipswich"
ambiguous,"Tyrone Mings","Championship",2012,1,0,,,"Yate Town | Chippenham | Ipswich"
no-candidates,"Vágner Love","UEFA Europa League",2004,9,4,,,""
no-candidates,"Vágner Love","UEFA Europa League",2005,5,3,,,""
no-candidates,"Vágner Love","UEFA Europa League",2008,10,11,,,""
no-candidates,"Vágner Love","Süper Lig",2016,28,23,,,""
no-candidates,"Vágner Love","Süper Lig",2017,10,3,,,""
no-candidates,"Vágner Love","Süper Lig",2018,8,3,,,""
no-candidates,"Valentino Lazaro","Bundesliga",2012,5,0,,,""
no-candidates,"Valentino Lazaro","Bundesliga",2013,11,2,,,""
no-candidates,"Valentino Lazaro","Bundesliga",2014,25,4,,,""
no-candidates,"Valentino Lazaro","Bundesliga",2015,17,2,,,""
no-candidates,"Valentino Lazaro","Bundesliga",2016,29,3,,,""
ambiguous,"Vedat Muriqi","Süper Lig",2016,33,3,,,"Giresunspor | Genclerbirligi"
ambiguous,"Vedat Muriqi","Süper Lig",2017,13,2,,,"Genclerbirligi | C. Rizespor"
no-candidates,"Vedran Corluka","UEFA Europa League",2006,2,0,,,""
no-candidates,"Victor Lindelöf","Primeira Liga",2013,1,0,,,""
no-candidates,"Victor Moses","Championship",2024,18,1,,,""
no-candidates,"Victor Wanyama","Championship",2024,4,0,,,""
ambiguous,"Viktor Gyökeres","Primeira Liga",2023,33,29,,,"Coventry | Sporting"
no-candidates,"Vincent Kompany","UEFA Europa League",2007,7,1,,,""
no-candidates,"Vincent Kompany","UEFA Europa League",2008,9,0,,,""
no-candidates,"Vincent Kompany","Premier League",2010,37,0,,,""
no-candidates,"Vincent Kompany","Premier League",2011,31,3,,,""
no-candidates,"Vincent Kompany","Premier League",2012,26,1,,,""
no-candidates,"Vincent Kompany","Premier League",2013,28,4,,,""
no-candidates,"Vincent Kompany","Premier League",2014,25,0,,,""
no-candidates,"Vincent Kompany","Premier League",2015,14,2,,,""
no-candidates,"Vincent Kompany","Premier League",2016,11,3,,,""
no-candidates,"Vincent Kompany","Premier League",2017,17,1,,,""
no-candidates,"Vincent Kompany","Premier League",2018,17,1,,,""
no-candidates,"Vincenzo Iaquinta","UEFA Europa League",2003,1,0,,,""
no-candidates,"Vincenzo Iaquinta","UEFA Europa League",2004,2,0,,,""
no-candidates,"Vincenzo Iaquinta","UEFA Europa League",2005,2,0,,,""
no-candidates,"Virgil van Dijk","Eredivisie",2010,2,0,,,""
no-candidates,"Vitinha","Primeira Liga",2020,1,0,,,""
no-candidates,"Vitinha","Primeira Liga",2021,24,7,,,""
no-candidates,"Walter Samuel","UEFA Europa League",2000,8,3,,,""
no-candidates,"Walter Samuel","UEFA Europa League",2003,8,0,,,""
no-candidates,"Wayne Rooney","Premier League",2010,28,11,,,""
no-candidates,"Wayne Rooney","Premier League",2011,34,27,,,""
no-candidates,"Wayne Rooney","Premier League",2012,27,12,,,""
no-candidates,"Wayne Rooney","Premier League",2013,29,17,,,""
no-candidates,"Wayne Rooney","Premier League",2014,33,12,,,""
no-candidates,"Wayne Rooney","Premier League",2015,28,8,,,""
no-candidates,"Wayne Rooney","Premier League",2016,25,5,,,""
no-candidates,"Wayne Rooney","Premier League",2017,31,10,,,""
no-candidates,"Wayne Rooney","Championship",2019,20,5,,,""
no-candidates,"Wayne Rooney","Championship",2020,10,1,,,""
no-candidates,"Wes Brown","Championship",2016,5,1,,,""
no-candidates,"Wesley Hoedt","Eredivisie",2013,1,0,,,""
unknown-club,"Wesley Hoedt","Saudi Pro League",2024,31,5,,,"Al-Shabab"
unknown-club,"Wesley Hoedt","Saudi Pro League",2025,32,0,,,"Al-Shabab"
no-candidates,"Wesley Moraes","Championship",2023,20,0,,,""
no-candidates,"Wesley Sneijder","Eredivisie",2002,17,4,,,""
no-candidates,"Wesley Sneijder","Eredivisie",2003,30,9,,,""
no-candidates,"Wesley Sneijder","UEFA Europa League",2004,1,0,,,""
no-candidates,"Wesley Sneijder","Eredivisie",2004,30,7,,,""
no-candidates,"Wesley Sneijder","Eredivisie",2005,19,5,,,""
no-candidates,"Wesley Sneijder","UEFA Europa League",2006,7,1,,,""
no-candidates,"Wesley Sneijder","Eredivisie",2006,30,18,,,""
no-candidates,"Wesley Sneijder","Süper Lig",2012,12,3,,,""
no-candidates,"Wesley Sneijder","Süper Lig",2013,28,12,,,""
no-candidates,"Wesley Sneijder","Süper Lig",2014,31,10,,,""
no-candidates,"Wesley Sneijder","Süper Lig",2015,25,5,,,""
no-candidates,"Wesley Sneijder","Süper Lig",2016,28,5,,,""
no-candidates,"Wilfried Bony","Eredivisie",2010,7,3,,,""
no-candidates,"Wilfried Bony","Eredivisie",2011,28,12,,,""
no-candidates,"Wilfried Bony","Eredivisie",2012,30,31,,,""
no-candidates,"Wilfried Bony","Championship",2018,7,1,,,""
no-candidates,"Wilfried Bony","Saudi Pro League",2019,10,5,,,""
no-candidates,"Wilfried Bony","Eredivisie",2021,1,0,,,""
no-candidates,"Wilfried Zaha","Championship",2009,1,0,,,""
no-candidates,"Will Hughes","Championship",2011,3,0,,,""
no-candidates,"William Carvalho","Primeira Liga",2010,1,0,,,""
no-candidates,"William Gallas","UEFA Europa League",1998,9,0,,,""
no-candidates,"William Gallas","UEFA Europa League",2001,3,0,,,""
no-candidates,"William Gallas","UEFA Europa League",2002,2,0,,,""
no-candidates,"William Osula","Championship",2021,5,0,,,""
ambiguous,"William Osula","Championship",2022,2,0,,,"Sheff Utd | Derby"
ambiguous,"Willy Boly","Primeira Liga",2016,4,0,,,"Braga | Porto"
no-candidates,"Wilson Palacios","UEFA Europa League",2008,1,0,,,""
ambiguous,"Wout Weghorst","Eredivisie",2014,31,8,,,"FC Emmen | Heracles Almelo"
no-candidates,"Xaver Schlager","Bundesliga",2017,26,1,,,""
no-candidates,"Xaver Schlager","Bundesliga",2018,26,5,,,""
no-candidates,"Xavi","UEFA Europa League",2000,6,0,,,""
no-candidates,"Xavi","UEFA Europa League",2003,7,1,,,""
unknown-club,"Yacine Adli","Saudi Pro League",2025,26,1,,,"Al-Shabab"
no-candidates,"Yacine Brahimi","Primeira Liga",2014,28,7,,,""
no-candidates,"Yacine Brahimi","Primeira Liga",2015,33,7,,,""
no-candidates,"Yacine Brahimi","Primeira Liga",2016,22,6,,,""
no-candidates,"Yacine Brahimi","Primeira Liga",2017,33,9,,,""
no-candidates,"Yacine Brahimi","Primeira Liga",2018,32,10,,,""
no-candidates,"Yakubu Aiyegbeni","UEFA Europa League",2002,2,0,,,""
no-candidates,"Yakubu Aiyegbeni","UEFA Europa League",2005,14,2,,,""
no-candidates,"Yakubu Aiyegbeni","UEFA Europa League",2007,6,3,,,""
no-candidates,"Yakubu Aiyegbeni","UEFA Europa League",2008,2,1,,,""
no-candidates,"Yakubu Aiyegbeni","Championship",2010,20,11,,,""
no-candidates,"Yakubu Aiyegbeni","Championship",2014,7,0,,,""
no-candidates,"Yakubu Aiyegbeni","Süper Lig",2015,12,0,,,""
ambiguous,"Yannick Bolasie","Premier League",2007,12,1,,,"Hillingdon Boro | Floriana"
ambiguous,"Yannick Bolasie","Championship",2009,16,1,,,"Plymouth | Barnet"
ambiguous,"Yannick Bolasie","Championship",2011,23,1,,,"Plymouth | Bristol City"
unknown-club,"Yannick Carrasco","Saudi Pro League",2023,24,7,,,"Al-Shabab"
unknown-club,"Yannick Carrasco","Saudi Pro League",2024,16,2,,,"Al-Shabab"
unknown-club,"Yannick Carrasco","Saudi Pro League",2025,29,18,,,"Al-Shabab"
no-candidates,"Yann M'Vila","Championship",2023,7,0,,,""
no-candidates,"Yaya Touré","UEFA Europa League",2004,2,0,,,""
no-candidates,"Yoann Gourcuff","UEFA Europa League",2005,5,0,,,""
no-candidates,"Yoann Gourcuff","UEFA Europa League",2008,1,0,,,""
no-candidates,"Yohan Cabaye","UEFA Europa League",2004,4,0,,,""
no-candidates,"Yohan Cabaye","UEFA Europa League",2005,2,0,,,""
no-candidates,"Younès Kaboul","UEFA Europa League",2004,3,0,,,""
no-candidates,"Younès Kaboul","UEFA Europa League",2006,4,0,,,""
no-candidates,"Younès Kaboul","UEFA Europa League",2007,3,1,,,""
no-candidates,"Younès Kaboul","UEFA Europa League",2008,2,1,,,""
ambiguous,"Youssouf Ndayishimiye","Süper Lig",2019,8,1,,,"Aigle Noir FC | Y. Malatyaspor"
ambiguous,"Yunus Akgün","Süper Lig",2021,34,8,,,"Galatasaray | Adana Demirspor"
no-candidates,"Zoltán Gera","UEFA Europa League",2002,4,0,,,""
no-candidates,"Zoltán Gera","UEFA Europa League",2003,2,0,,,""
no-candidates,"Zoltán Gera","Championship",2006,40,5,,,""
no-candidates,"Zoltán Gera","Championship",2007,43,8,,,""
